Workout Timestamp,Live/On-Demand,Instructor Name,Length (minutes),Fitness Discipline,Type,Title,Class Timestamp,Total Output,Avg. Watts,Avg. Resistance,Avg. Cadence (RPM),Avg. Speed (kph),Distance (km),Calories Burned,Avg. Heartrate,Avg. Incline,Avg. Pace (min/km)
2021-07-17 12:03 (-05),On Demand,Mayla Wedekind,30,Cycling,Music,30 min Rock Ride,2021-06-27 23:55 (-05),282,157,47%,79,30.59,15.30,377,,,
2021-07-17 12:34 (-05),On Demand,Mayla Wedekind,5,Cycling,Cool Down,5 min Cool Down Ride,2021-07-08 11:31 (-05),29,95,38%,78,25.14,2.09,38,,,
2021-07-18 07:46 (CDT),On Demand,Leanne Hainsby-Alldis,10,Strength,Arms & Light Weights,10 min Arms & Light Weights,2021-07-12 13:02 (CDT),,,,,,,62,,,
2021-07-18 10:24 (CDT),On Demand,Emma Lovewell,10,Strength,Core,10 min Core Strength,2019-04-30 14:03 (CDT),,,,,,,62,,,
2021-07-19 11:21 (-05),On Demand,Leanne Hainsby-Alldis,30,Cycling,Music,30 min 90s Rock Ride,2021-07-07 11:25 (-05),268,149,44%,83,30.19,15.10,359,,,
2021-07-19 11:51 (-05),On Demand,Leanne Hainsby-Alldis,5,Cycling,Cool Down,5 min Spice Girls Cool Down Ride,2021-07-13 13:05 (-05),20,67,34%,77,21.66,1.79,27,,,
2021-07-19 12:07 (CDT),On Demand,Bradley Rose,5,Stretching,Pre & Post-Ride Stretch,5 min Post-Ride Stretch,2021-04-06 00:45 (CDT),,,,,,,15,,,
2021-07-21 19:32 (-05),On Demand,Bradley Rose,30,Cycling,Music,30 min 90s Rock Ride,2021-07-21 13:00 (-05),229,127,41%,87,28.44,14.23,306,,,
2021-07-21 20:04 (-05),On Demand,Bradley Rose,5,Cycling,Cool Down,5 min Cool Down Ride,2021-04-06 00:35 (-05),19,65,34%,73,21.53,1.79,26,,,
2021-07-21 20:16 (CDT),On Demand,Ben Alldis,5,Stretching,Pre & Post-Ride Stretch,5 min Post-Ride Stretch,2020-07-19 03:45 (CDT),,,,,,,15,,,
2021-07-23 06:38 (CDT),On Demand,Leanne Hainsby-Alldis,10,Strength,Arms & Light Weights,10 min Arms & Light Weights,2021-07-12 13:02 (CDT),,,,,,,62,,,
2021-07-23 06:55 (CDT),On Demand,Emma Lovewell,5,Strength,Core,5 min Core Strength,2019-12-21 07:30 (CDT),,,,,,,31,,,
2021-07-25 12:01 (PDT),On Demand,Emma Lovewell,10,Strength,Core,10 min Core Strength,2019-04-30 12:03 (PDT),,,,,,,62,,,
2021-07-25 12:19 (PDT),On Demand,Selena Samuela,10,Strength,Bodyweight,10 min Bodyweight Strength,2020-07-18 07:00 (PDT),,,,,,,62,,,
2021-08-01 09:40 (-05),On Demand,Mayla Wedekind,30,Cycling,Music,30 min Indie Rock Ride,2021-08-01 07:30 (-05),279,155,45%,82,30.66,15.34,374,,,
2021-08-01 10:12 (-05),On Demand,Mayla Wedekind,5,Cycling,Cool Down,5 min Cool Down Ride,2021-07-08 11:31 (-05),29,96,40%,75,25.52,2.12,39,,,
2021-08-01 10:51 (CDT),On Demand,Bradley Rose,5,Stretching,Pre & Post-Ride Stretch,5 min Post-Ride Stretch,2021-04-06 00:45 (CDT),,,,,,,15,,,
2021-08-02 07:13 (CDT),On Demand,Emma Lovewell,10,Strength,Core,10 min Core Strength,2019-04-30 14:03 (CDT),,,,,,,62,,,
2021-08-03 15:57 (-05),On Demand,Emma Lovewell,30,Cycling,Music,30 min 90s Rock Ride,2021-07-26 06:50 (-05),275,153,46%,79,30.16,15.08,368,,,
2021-08-03 16:28 (-05),On Demand,Emma Lovewell,5,Cycling,Cool Down,5 min Cool Down Ride,2021-06-30 08:00 (-05),31,105,37%,86,26.30,2.19,42,,,
2021-08-03 16:37 (-05),On Demand,Emma Lovewell,5,Stretching,Pre & Post-Ride Stretch,5 min Post-Ride Stretch,2021-05-04 08:00 (-05),,,,,,,15,,,
2021-08-05 07:02 (CDT),On Demand,Leanne Hainsby-Alldis,10,Strength,Arms & Light Weights,10 min Arms & Light Weights,2021-06-17 13:02 (CDT),,,,,,,62,,,
2021-08-05 17:08 (-05),On Demand,Erik Jager,30,Cycling,Music,30 min Metal Ride,2021-06-14 11:06 (-05),269,150,47%,78,30.06,15.03,361,,,
2021-08-05 17:40 (-05),On Demand,Erik Jager,5,Cycling,Cool Down,5 min Cool Down Ride,2021-06-07 08:30 (-05),16,54,30%,80,19.86,1.66,22,,,
2021-08-05 17:50 (-05),On Demand,Bradley Rose,5,Stretching,Pre & Post-Ride Stretch,5 min Post-Ride Stretch,2021-04-06 00:45 (-05),,,,,,,15,,,
2021-08-06 09:50 (CDT),On Demand,Emma Lovewell,10,Strength,Core,10 min Core Strength,2019-04-30 14:03 (CDT),,,,,,,62,,,
2021-08-07 06:44 (CDT),On Demand,Selena Samuela,10,Strength,Bodyweight,10 min Bodyweight Strength,2020-07-18 09:00 (CDT),,,,,,,62,,,
2021-08-07 11:24 (-05),On Demand,Leanne Hainsby-Alldis,30,Cycling,Music,30 min 2000s Rock Ride,2021-08-05 09:30 (-05),278,155,46%,81,30.66,15.34,373,,,
2021-08-07 11:57 (-05),On Demand,Leanne Hainsby-Alldis,5,Cycling,Cool Down,5 min Cool Down Ride,2021-06-21 00:25 (-05),26,85,38%,73,23.50,1.96,34,,,
2021-08-07 12:11 (-05),On Demand,Leanne Hainsby-Alldis,5,Stretching,Pre & Post-Ride Stretch,5 min Post-Ride Stretch,2020-09-19 09:45 (-05),,,,,,,15,,,
2021-08-09 17:17 (-05),On Demand,Mayla Wedekind,5,Cycling,Warm Up,5 min Warm Up Ride,2021-08-03 10:55 (-05),26,87,33%,89,24.17,2.01,35,,,
2021-08-09 17:23 (-05),On Demand,Mayla Wedekind,20,Cycling,Intervals,20 min Tabata Ride,2021-07-10 08:30 (-05),212,177,53%,72,31.70,10.57,284,,,
2021-08-09 17:44 (-05),On Demand,Mayla Wedekind,5,Cycling,Cool Down,5 min Cool Down Ride,2021-07-08 11:31 (-05),34,115,43%,75,27.58,2.29,46,,,
2021-08-09 17:53 (-05),On Demand,Leanne Hainsby-Alldis,10,Strength,Arms & Light Weights,10 min Arms & Light Weights,2021-07-12 13:02 (-05),,,,,,,62,,,
2021-08-09 18:06 (-05),On Demand,Bradley Rose,5,Stretching,Pre & Post-Ride Stretch,5 min Post-Ride Stretch,2021-04-06 00:45 (-05),,,,,,,15,,,
2021-08-10 07:05 (CDT),On Demand,Callie Gullickson,10,Strength,Core,10 min Core Strength,2021-08-02 09:00 (CDT),,,,,,,62,,,
2021-08-12 16:56 (-05),On Demand,Cliff Dwenger,5,Cycling,Warm Up,5 min Warm Up Ride,2021-07-24 06:00 (-05),33,110,36%,92,26.96,2.24,44,,,
2021-08-12 17:02 (-05),On Demand,Cliff Dwenger,20,Cycling,Intervals,20 min HIIT Ride,2021-08-11 12:00 (-05),203,169,51%,76,31.37,10.46,272,,,
2021-08-12 17:22 (-05),On Demand,Cliff Dwenger,5,Cycling,Cool Down,5 min Cool Down Ride,2021-07-01 00:47 (-05),31,104,40%,78,26.18,2.17,42,,,
2021-08-12 17:31 (-05),On Demand,Leanne Hainsby-Alldis,10,Strength,Arms & Light Weights,10 min Arms & Light Weights,2021-07-12 13:02 (-05),,,,,,,62,,,
2021-08-12 17:43 (-05),On Demand,Bradley Rose,5,Stretching,Pre & Post-Ride Stretch,5 min Post-Ride Stretch,2021-04-06 00:45 (-05),,,,,,,15,,,
2021-08-13 06:23 (CDT),On Demand,Emma Lovewell,10,Strength,Core,10 min Core Strength,2019-04-30 14:03 (CDT),,,,,,,62,,,
2021-08-14 08:25 (CDT),On Demand,Emma Lovewell,10,Strength,Core,10 min Core Strength,2019-04-30 14:03 (CDT),,,,,,,62,,,
2021-08-14 10:52 (-05),On Demand,Bradley Rose,30,Cycling,Music,30 min 90s Ride,2021-08-11 12:55 (-05),259,144,42%,90,29.82,14.90,347,,,
2021-08-14 11:25 (-05),On Demand,Bradley Rose,5,Cycling,Cool Down,5 min Cool Down Ride,2021-04-06 00:35 (-05),32,106,41%,76,26.57,2.20,42,,,
2021-08-14 11:34 (-05),On Demand,Ben Alldis,5,Stretching,Pre & Post-Ride Stretch,5 min Post-Ride Stretch,2020-07-19 03:45 (-05),,,,,,,15,,,
2021-08-15 07:35 (CDT),On Demand,Leanne Hainsby-Alldis,10,Strength,Arms & Light Weights,10 min Arms & Light Weights,2021-07-12 13:02 (CDT),,,,,,,62,,,
2021-08-16 06:39 (CDT),On Demand,Rad Lopez,10,Strength,Core,10 min Core Strength,2021-07-10 11:02 (CDT),,,,,,,62,,,
2021-08-17 17:50 (-05),On Demand,Irene Kaymer,30,Cycling,Intervals,30 min Tabata Ride,2021-05-23 09:00 (-05),289,160,50%,75,30.93,15.47,386,,,
2021-08-17 18:22 (-05),On Demand,Irene Kaymer,5,Cycling,Cool Down,5 min Cool Down Ride,2021-04-20 12:30 (-05),18,59,31%,76,20.54,1.71,23,,,
2021-08-17 18:31 (-05),On Demand,Irene Kaymer,5,Stretching,Pre & Post-Ride Stretch,5 min Post-Ride Stretch,2020-11-20 03:00 (-05),,,,,,,15,,,
2021-08-19 06:32 (CDT),On Demand,Emma Lovewell,10,Strength,Core,10 min Core Strength,2019-04-30 14:03 (CDT),,,,,,,62,,,
2021-08-19 16:55 (-05),On Demand,Leanne Hainsby-Alldis,10,Strength,Arms & Light Weights,10 min Arms & Light Weights,2021-07-12 13:02 (-05),,,,,,,62,,,
2021-08-19 17:10 (-05),On Demand,Bradley Rose,5,Cycling,Warm Up,5 min Warm Up Ride,2021-08-13 12:35 (-05),32,105,36%,91,26.18,2.17,42,,,
2021-08-19 17:16 (-05),On Demand,Olivia Amato,20,Cycling,Intervals,20 min Tabata Ride,2021-07-25 13:00 (-05),203,169,51%,71,30.56,10.19,271,,,
2021-08-19 17:37 (-05),On Demand,Bradley Rose,5,Cycling,Cool Down,5 min Cool Down Ride,2021-04-06 00:35 (-05),23,77,37%,74,22.95,1.92,31,,,
2021-08-19 17:44 (-05),On Demand,Bradley Rose,5,Stretching,Pre & Post-Ride Stretch,5 min Post-Ride Stretch,2021-08-13 09:43 (-05),,,,,,,15,,,
2021-08-21 09:20 (CDT),On Demand,Anna Greenberg,10,Meditation,Theme,Zen in Ten,2021-06-09 07:37 (CDT),,,,,,,,,,
2021-08-22 09:24 (-05),On Demand,Mayla Wedekind,30,Cycling,Intervals,30 min HIIT & Hills Ride,2021-08-17 11:11 (-05),326,181,56%,67,32.03,16.01,436,,,
2021-08-22 09:56 (-05),On Demand,Mayla Wedekind,5,Cycling,Cool Down,5 min Cool Down Ride,2021-07-01 10:45 (-05),26,88,41%,70,24.61,2.04,35,,,
2021-08-22 10:08 (-05),On Demand,Ben Alldis,5,Stretching,Pre & Post-Ride Stretch,5 min Post-Ride Stretch,2020-07-19 03:45 (-05),,,,,,,15,,,
2021-08-23 07:00 (CDT),On Demand,Robin Arzon,10,Strength,Core,10 min Core Strength,2021-07-19 09:00 (CDT),,,,,,,61,,,
2021-08-23 15:41 (CDT),On Demand,Kristin McGee,5,Yoga,Yoga Anywhere,5 min Chair Yoga,2020-01-24 10:18 (CDT),,,,,,,18,,,
2021-08-24 06:22 (CDT),On Demand,Emma Lovewell,10,Strength,Core,10 min Core Strength,2019-04-30 14:03 (CDT),,,,,,,61,,,
2021-08-24 11:59 (CDT),On Demand,Leanne Hainsby-Alldis,10,Strength,Arms & Light Weights,10 min Arms & Light Weights,2021-07-12 13:02 (CDT),,,,,,,61,,,
2021-08-24 12:15 (-05),On Demand,Bradley Rose,20,Cycling,Music,20 min 2010s Rock Ride,2021-08-15 03:55 (-05),180,150,44%,86,30.32,10.11,240,,,
2021-08-24 12:37 (-05),On Demand,Irene Kaymer,5,Cycling,Cool Down,5 min Cool Down Ride,2021-04-20 12:30 (-05),23,77,32%,90,23.38,1.95,31,,,
2021-08-24 12:46 (-05),On Demand,Ben Alldis,5,Stretching,Pre & Post-Ride Stretch,5 min Post-Ride Stretch,2020-07-19 03:45 (-05),,,,,,,15,,,
2021-08-26 15:05 (-05),On Demand,Mayla Wedekind,30,Cycling,Intervals,30 min HIIT & Hills Ride,2021-07-27 11:06 (-05),329,183,55%,68,31.85,15.93,439,,,
2021-08-26 15:36 (-05),On Demand,Mayla Wedekind,5,Cycling,Cool Down,5 min Cool Down Ride,2021-08-26 11:22 (-05),18,61,38%,63,20.94,1.74,25,,,
2021-08-26 15:49 (-05),On Demand,Ben Alldis,5,Stretching,Pre & Post-Ride Stretch,5 min Post-Ride Stretch,2020-07-19 03:45 (-05),,,,,,,15,,,
2021-08-26 19:40 (CDT),On Demand,Mayla Wedekind,30,Cycling,Intervals,30 min HIIT & Hills Ride,2021-07-27 11:06 (CDT),0,0,0%,0,0,0,0,,,
2021-08-27 06:17 (CDT),On Demand,Leanne Hainsby-Alldis,10,Strength,Arms & Light Weights,10 min Arms & Light Weights,2021-08-26 13:02 (CDT),,,,,,,80,,,
2021-08-28 07:23 (CDT),On Demand,Emma Lovewell,10,Strength,Core,10 min Core Strength,2019-04-30 14:03 (CDT),,,,,,,61,,,
2021-08-28 07:43 (CDT),On Demand,Hannah Corbin,5,Strength,Lower Body,5 min Glutes & Legs Toning,2020-01-05 14:20 (CDT),,,,,,,30,,,
2021-08-29 09:00 (-05),On Demand,Bradley Rose,10,Strength,Arms & Light Weights,10 min Arms & Light Weights,2021-08-29 04:22 (-05),,,,,,,,,,
2021-08-29 09:22 (-05),On Demand,Matt Wilpers,30,Cycling,Music,30 min 90s Rock Ride,2021-08-26 06:53 (-05),282,157,44%,85,30.53,15.27,377,,,
2021-08-29 09:54 (-05),On Demand,Matt Wilpers,5,Cycling,Cool Down,5 min Cool Down Ride,2021-08-16 08:00 (-05),13,45,25%,88,18.17,1.51,18,,,
2021-08-29 10:04 (-05),On Demand,Matt Wilpers,5,Stretching,Pre & Post-Ride Stretch,5 min Post-Ride Stretch,2021-08-16 08:00 (-05),,,,,,,15,,,
2021-08-30 06:34 (CDT),On Demand,Emma Lovewell,10,Strength,Core,10 min Core Strength,2019-04-30 14:03 (CDT),,,,,,,61,,,
2021-08-31 11:32 (CDT),On Demand,Leanne Hainsby-Alldis,10,Strength,Arms & Light Weights,10 min Arms & Light Weights,2021-08-26 13:02 (CDT),,,,,,,80,,,
2021-08-31 11:57 (-05),On Demand,Mayla Wedekind,5,Cycling,Warm Up,5 min Warm Up Ride,2021-08-29 23:55 (-05),27,90,32%,95,24.28,2.01,36,,,
2021-08-31 12:04 (-05),On Demand,Mayla Wedekind,20,Cycling,Intervals,20 min Tabata Ride,2021-08-24 10:55 (-05),226,188,48%,84,32.77,10.93,302,,,
2021-08-31 12:26 (-05),On Demand,Matt Wilpers,5,Cycling,Cool Down,5 min Cool Down Ride,2021-08-16 08:00 (-05),18,61,29%,88,21.07,1.75,24,,,
2021-08-31 12:42 (-05),On Demand,Ben Alldis,5,Stretching,Pre & Post-Ride Stretch,5 min Post-Ride Stretch,2020-07-19 03:45 (-05),,,,,,,15,,,
2021-09-01 16:05 (CDT),On Demand,Aditi Shah,10,Meditation,Theme,Zen in Ten,2021-09-01 10:07 (CDT),,,,,,,,,,
2021-09-01 18:55 (CDT),On Demand,Kristin McGee,5,Yoga,Yoga Anywhere,5 min Chair Yoga,2020-01-24 10:18 (CDT),,,,,,,18,,,
2021-09-02 11:45 (-05),On Demand,Leanne Hainsby-Alldis,30,Cycling,Music,30 min 2000s Rock Ride,2021-09-01 11:25 (-05),254,143,43%,85,29.76,14.64,339,,,
2021-09-02 12:15 (-05),On Demand,Leanne Hainsby-Alldis,5,Cycling,Cool Down,5 min Spice Girls Cool Down Ride,2021-07-13 13:05 (-05),22,74,34%,80,22.51,1.87,30,,,
2021-09-02 12:27 (CDT),On Demand,Leanne Hainsby-Alldis,10,Strength,Arms & Light Weights,10 min Arms & Light Weights,2021-08-26 13:02 (CDT),,,,,,,80,,,
2021-09-02 12:41 (CDT),On Demand,Ben Alldis,5,Stretching,Pre & Post-Ride Stretch,5 min Post-Ride Stretch,2020-07-19 03:45 (CDT),,,,,,,15,,,
2021-09-03 06:07 (CDT),On Demand,Andy Speer,10,Strength,Core,10 min Core Strength,2021-07-22 09:00 (CDT),,,,,,,61,,,
2021-09-04 07:05 (CDT),On Demand,Leanne Hainsby-Alldis,10,Strength,Arms & Light Weights,10 min Arms & Light Weights,2021-08-26 13:02 (CDT),,,,,,,80,,,
2021-09-04 07:18 (CDT),On Demand,Hannah Corbin,5,Strength,Lower Body,5 min Glutes & Legs Toning,2020-01-05 14:20 (CDT),,,,,,,31,,,
2021-09-05 09:12 (-05),On Demand,Hannah Corbin,45,Cycling,Music,45 min 90s Ride,2021-08-15 12:23 (-05),372,138,45%,76,28.94,21.71,497,,,
2021-09-05 09:59 (-05),On Demand,Hannah Corbin,5,Cycling,Cool Down,5 min Cool Down Ride,2021-05-25 08:00 (-05),22,74,41%,62,22.84,1.90,30,,,
2021-09-05 10:14 (CDT),On Demand,Hannah Corbin,10,Stretching,Full Body Stretch,10 min Full Body Stretch,2019-11-25 07:00 (CDT),,,,,,,31,,,
2021-09-05 18:47 (CDT),On Demand,Kristin McGee,10,Meditation,Breath,10 min Breathwork,2021-08-10 10:08 (CDT),,,,,,,,,,
2021-09-06 07:29 (CDT),On Demand,Ben Alldis,10,Strength,Core,10 min MOS Ibiza Chillout Core Strength,2021-08-15 23:40 (CDT),,,,,,,62,,,
2021-09-06 07:44 (CDT),On Demand,Selena Samuela,10,Strength,Bodyweight,10 min Bodyweight Strength,2020-07-18 09:00 (CDT),,,,,,,61,,,
2021-09-07 12:21 (CDT),On Demand,Leanne Hainsby-Alldis,10,Strength,Arms & Light Weights,10 min Arms & Light Weights,2021-08-26 13:02 (CDT),,,,,,,79,,,
2021-09-07 12:40 (-05),On Demand,Erik Jager,30,Cycling,Intervals,30 min HIIT & Hills Ride,2021-08-30 08:00 (-05),302,168,48%,79,30.96,15.48,403,,,
2021-09-07 13:11 (-05),On Demand,Cliff Dwenger,5,Cycling,Cool Down,5 min Cool Down Ride,2021-08-26 00:22 (-05),23,76,36%,75,22.47,1.87,30,,,
2021-09-07 13:22 (-05),On Demand,Bradley Rose,5,Stretching,Pre & Post-Ride Stretch,5 min Post-Ride Stretch,2021-08-13 09:43 (-05),,,,,,,15,,,
2021-09-09 11:49 (CDT),On Demand,Hannah Corbin,5,Strength,Lower Body,5 min Glutes & Legs Toning,2020-01-05 14:20 (CDT),,,,,,,30,,,
2021-09-09 12:03 (-05),On Demand,Mayla Wedekind,5,Cycling,Warm Up,5 min Warm Up Ride,2021-08-29 23:55 (-05),25,84,31%,94,23.53,1.95,33,,,
2021-09-09 12:10 (-05),On Demand,Mayla Wedekind,30,Cycling,Intervals,30 min HIIT & Hills Ride,2021-09-04 09:00 (-05),331,184,54%,72,32.15,16.08,441,,,
2021-09-09 12:41 (-05),On Demand,Mayla Wedekind,5,Cycling,Cool Down,5 min Cool Down Ride,2021-08-26 11:22 (-05),29,98,42%,71,25.67,2.12,39,,,
2021-09-09 12:57 (-05),On Demand,Ben Alldis,5,Stretching,Pre & Post-Ride Stretch,5 min Post-Ride Stretch,2020-07-19 03:45 (-05),,,,,,,15,,,
2021-09-10 06:30 (CDT),On Demand,Leanne Hainsby-Alldis,10,Strength,Arms & Light Weights,10 min Arms & Light Weights,2021-07-12 13:02 (CDT),,,,,,,61,,,
2021-09-11 09:06 (CDT),On Demand,Ben Alldis,10,Strength,Core,10 min MOS Ibiza Chillout Core Strength,2021-08-15 23:40 (CDT),,,,,,,62,,,
2021-09-11 09:28 (CDT),On Demand,Selena Samuela,10,Strength,Bodyweight,10 min Bodyweight Strength,2020-07-18 09:00 (CDT),,,,,,,61,,,
2021-09-12 08:50 (-05),On Demand,Denis Morton,30,Cycling,Music,30 min Rock Ride,2021-08-23 06:52 (-05),219,121,40%,81,26.96,13.47,291,,,
2021-09-12 09:23 (-05),On Demand,Tunde Oyeneyin,5,Cycling,Cool Down,5 min Cool Down Ride,2020-10-12 07:30 (-05),18,61,29%,90,21.11,1.75,24,,,
2021-09-12 09:31 (-05),On Demand,Ben Alldis,5,Stretching,Pre & Post-Ride Stretch,5 min Post-Ride Stretch,2020-07-19 03:45 (-05),,,,,,,11,,,
2021-09-12 19:38 (CDT),On Demand,Kristin McGee,10,Meditation,Breath,10 min Breathwork,2021-08-10 10:08 (CDT),,,,,,,,,,
2021-09-13 06:30 (CDT),On Demand,Ben Alldis,10,Strength,Arms & Light Weights,10 min Arms Toning,2020-09-09 12:02 (CDT),,,,,,,61,,,
2021-09-13 19:17 (CDT),On Demand,Kristin McGee,10,Meditation,Breath,10 min Breathwork,2021-05-18 10:08 (CDT),,,,,,,,,,
2021-09-14 06:45 (CDT),On Demand,Ben Alldis,10,Strength,Core,10 min MOS Ibiza Chillout Core Strength,2021-08-15 23:40 (CDT),,,,,,,62,,,
2021-09-14 07:13 (CDT),On Demand,Kristin McGee,10,Meditation,Breath,10 min Breathwork: Alternate Nostril,2021-09-07 09:58 (CDT),,,,,,,,54.44,,
2021-09-14 11:45 (-05),On Demand,Bradley Rose,30,Cycling,Music,30 min 90s Ride,2021-09-01 12:55 (-05),264,147,45%,82,30.03,15.02,352,,,
2021-09-14 12:16 (-05),On Demand,Bradley Rose,5,Cycling,Cool Down,5 min Cool Down Ride,2021-04-06 00:35 (-05),27,91,38%,77,24.88,2.06,36,,,
2021-09-14 12:28 (-05),On Demand,Bradley Rose,5,Stretching,Pre & Post-Ride Stretch,5 min Post-Ride Stretch,2021-08-13 09:43 (-05),,,,,,,15,,,
2021-09-15 06:31 (CDT),On Demand,Kristin McGee,10,Meditation,Breath,10 min Breathwork: Alternate Nostril,2021-09-07 09:58 (CDT),,,,,,,,,,
2021-09-15 06:47 (CDT),On Demand,Leanne Hainsby-Alldis,10,Strength,Arms & Light Weights,10 min Arms & Light Weights,2021-08-26 13:02 (CDT),,,,,,,79,,,
2021-09-16 06:42 (CDT),On Demand,Ben Alldis,10,Strength,Core,10 min MOS Ibiza Chillout Core Strength,2021-08-15 23:40 (CDT),,,,,,,62,,,
2021-09-16 06:55 (CDT),On Demand,Hannah Corbin,5,Strength,Lower Body,5 min Glutes & Legs Toning,2020-01-05 14:20 (CDT),,,,,,,30,,,
2021-09-16 11:56 (-05),On Demand,Alex Toussaint,30,Cycling,Music,30 min 2000s Ride,2021-09-11 12:24 (-05),276,153,46%,81,30.46,15.22,368,,,
2021-09-16 12:28 (-05),On Demand,Alex Toussaint,5,Cycling,Cool Down,5 min Cool Down Ride,2021-06-23 08:00 (-05),28,94,39%,78,25.19,2.11,38,,,
2021-09-16 12:36 (-05),On Demand,Alex Toussaint,5,Stretching,Pre & Post-Ride Stretch,5 min Post-Ride Stretch,2021-07-08 08:00 (-05),,,,,,,15,,,
2021-09-17 06:56 (CDT),On Demand,Leanne Hainsby-Alldis,10,Strength,Arms & Light Weights,10 min Arms & Light Weights,2021-08-26 13:02 (CDT),,,,,,,79,,,
2021-09-18 10:05 (-05),On Demand,Emma Lovewell,30,Cycling,Music,30 min 90s Ride,2021-07-12 06:52 (-05),285,158,47%,77,30.38,15.19,380,,,
2021-09-18 10:36 (-05),On Demand,Emma Lovewell,5,Cycling,Cool Down,5 min Cool Down Ride,2021-06-30 08:00 (-05),28,95,37%,81,25.17,2.09,38,,,
2021-09-18 10:47 (CDT),On Demand,Ben Alldis,5,Stretching,Pre & Post-Ride Stretch,5 min Post-Ride Stretch,2020-07-19 03:45 (CDT),,,,,,,15,,,
2021-09-18 19:10 (CDT),On Demand,Kristin McGee,10,Meditation,Breath,10 min Breathwork: Alternate Nostril,2021-09-07 09:58 (CDT),,,,,,,,,,
2021-09-21 11:37 (-05),On Demand,Leanne Hainsby-Alldis,30,Cycling,Music,30 min Rock Ride,2021-09-19 04:25 (-05),277,154,44%,81,29.98,15.00,369,,,
2021-09-21 12:25 (-05),On Demand,Ben Alldis,5,Stretching,Pre & Post-Ride Stretch,5 min Post-Ride Stretch,2020-07-19 03:45 (-05),,,,,,,15,,,
2021-09-23 06:48 (CDT),On Demand,Anna Greenberg,10,Meditation,Emotions,10 min Kindness Meditation,2021-09-21 17:38 (CDT),,,,,,,,,,
2021-09-23 11:47 (-05),On Demand,Mayla Wedekind,30,Cycling,Climb,30 min Climb Ride,2021-09-09 07:25 (-05),306,170,53%,70,31.45,15.72,407,,,
2021-09-23 12:19 (-05),On Demand,Mayla Wedekind,5,Cycling,Cool Down,5 min Cool Down Ride,2021-08-26 11:22 (-05),30,100,42%,72,25.99,2.16,40,,,
2021-09-23 12:29 (-05),On Demand,Emma Lovewell,5,Stretching,Pre & Post-Ride Stretch,5 min Post-Ride Stretch,2021-09-07 08:00 (-05),,,,,,,15,,,
2021-09-24 06:27 (CDT),On Demand,Ben Alldis,10,Strength,Core,10 min MOS Ibiza Chillout Core Strength,2021-08-15 23:40 (CDT),,,,,,,61,,,
2021-09-24 14:59 (CDT),On Demand,Kristin McGee,10,Meditation,Breath,10 min Breathwork: Alternate Nostril,2021-09-07 09:58 (CDT),,,,,,,,,,
2021-09-25 06:18 (CDT),On Demand,Olivia Amato,10,Strength,Arms & Light Weights,10 min Arms & Light Weights,2021-09-10 07:36 (CDT),,,,,,,61,,,
2021-09-25 06:33 (CDT),On Demand,Selena Samuela,10,Strength,Bodyweight,10 min Bodyweight Strength,2020-07-18 09:00 (CDT),,,,,,,61,,,
2021-09-26 08:12 (CDT),On Demand,Kristin McGee,10,Meditation,Breath,10 min Breathwork,2021-05-18 10:08 (CDT),,,,,,,,,,
2021-09-26 11:33 (-05),On Demand,Matt Wilpers,15,Cycling,Power Zone,15 min Intro to Power Zone Ride,2020-12-23 10:00 (-05),102,113,38%,89,27.17,6.79,135,,,
2021-09-26 11:50 (-05),On Demand,Matt Wilpers,20,Cycling,Power Zone,20 min Power Zone Beginner Ride,2021-01-02 09:00 (-05),132,110,36%,93,26.54,8.85,176,,,
2021-09-26 12:18 (-05),On Demand,Erik Jager,5,Cycling,Cool Down,5 min Cool Down Ride,2021-09-22 01:02 (-05),25,85,36%,81,24.06,2.00,34,,,
2021-09-26 12:25 (-05),On Demand,Bradley Rose,5,Stretching,Pre & Post-Ride Stretch,5 min Post-Ride Stretch,2021-08-13 09:43 (-05),,,,,,,15,,,
2021-09-26 12:40 (CDT),On Demand,Ben Alldis,10,Strength,Core,10 min MOS Ibiza Chillout Core Strength,2021-08-15 23:40 (CDT),,,,,,,61,,,
2021-09-27 06:37 (CDT),On Demand,Leanne Hainsby-Alldis,10,Strength,Arms & Light Weights,10 min Arms & Light Weights,2021-08-26 13:02 (CDT),,,,,,,79,,,
2021-09-27 15:43 (CDT),On Demand,Kristin McGee,10,Meditation,Breath,10 min Breathwork,2021-05-18 10:08 (CDT),,,,,,,,,,
2021-09-28 12:25 (-05),On Demand,Denis Morton,10,Cycling,Power Zone,10 min FTP Warm Up Ride,2021-02-13 12:00 (-05),68,113,36%,90,26.70,4.46,90,,,
2021-09-28 12:37 (-05),On Demand,Denis Morton,20,Cycling,Power Zone,20 min FTP Test Ride,2021-02-27 14:00 (-05),209,174,46%,85,32.36,10.80,279,,,
2021-09-28 13:04 (-05),On Demand,Denis Morton,5,Cycling,Cool Down,5 min Cool Down Ride,2021-09-20 08:00 (-05),17,57,29%,83,20.44,1.71,23,,,
2021-09-29 07:01 (CDT),On Demand,Ben Alldis,10,Strength,Core,10 min MOS Ibiza Chillout Core Strength,2021-08-15 23:40 (CDT),,,,,,,61,,,
2021-09-29 07:15 (CDT),On Demand,Kristin McGee,10,Meditation,Breath,10 min Breathwork: Alternate Nostril,2021-09-07 09:58 (CDT),,,,,,,,,,
2021-09-30 06:27 (CDT),On Demand,Leanne Hainsby-Alldis,10,Strength,Arms & Light Weights,10 min Arms & Light Weights,2021-05-20 13:02 (CDT),,,,,,,61,,,
2021-09-30 06:51 (CDT),On Demand,Kristin McGee,10,Meditation,Breath,10 min Breathwork,2021-06-08 10:09 (CDT),,,,,,,,,,
2021-09-30 11:52 (-05),On Demand,Matt Wilpers,5,Cycling,Warm Up,5 min Warm Up Ride,2021-09-23 08:00 (-05),26,99,35%,90,25.49,1.82,34,,,
2021-09-30 11:59 (-05),On Demand,Bradley Rose,30,Cycling,Intervals,30 min HIIT & Hills Ride,2021-09-27 13:55 (-05),265,147,43%,85,29.58,14.79,353,,,
2021-09-30 12:30 (-05),On Demand,Hannah Corbin,5,Cycling,Cool Down,5 min Cool Down Ride,2021-09-15 08:00 (-05),28,94,44%,63,24.99,2.08,38,,,
2021-09-30 12:49 (-05),On Demand,Bradley Rose,5,Stretching,Pre & Post-Ride Stretch,5 min Post-Ride Stretch,2021-04-06 00:45 (-05),,,,,,,15,,,
2021-10-01 06:13 (CDT),On Demand,Ben Alldis,10,Strength,Core,10 min Core Strength,2021-07-21 00:00 (CDT),,,,,,,61,,,
2021-10-01 06:26 (CDT),On Demand,Hannah Corbin,5,Strength,Lower Body,5 min Glutes & Legs Toning,2020-01-05 14:20 (CDT),,,,,,,30,,,
2021-10-01 06:36 (CDT),On Demand,Kristin McGee,10,Meditation,Breath,10 min Breathwork,2021-06-08 10:09 (CDT),,,,,,,,,,
2021-10-02 10:03 (-05),On Demand,Ben Alldis,30,Cycling,Theme,30 min 007 Ride,2021-09-30 12:25 (-05),304,169,47%,81,31.24,15.63,405,,,
2021-10-02 10:36 (-05),On Demand,Ben Alldis,5,Cycling,Cool Down,5 min Cool Down Ride,2021-09-30 00:25 (-05),29,96,41%,74,25.51,2.11,38,,,
2021-10-02 10:54 (CDT),On Demand,Leanne Hainsby-Alldis,10,Strength,Arms & Light Weights,10 min Arms & Light Weights,2021-04-29 13:02 (CDT),,,,,,,61,,,
2021-10-02 11:07 (CDT),On Demand,Bradley Rose,5,Stretching,Pre & Post-Ride Stretch,5 min Post-Ride Stretch,2021-08-13 09:43 (CDT),,,,,,,15,,,
2021-10-02 16:17 (CDT),On Demand,Chelsea Jackson Roberts,10,Meditation,Breath,10 min Breathwork: Alternate Nostril,2021-09-15 07:38 (CDT),,,,,,,,,,
2021-10-03 07:56 (CDT),On Demand,Denis Morton,10,Meditation,Breath,10 min Breathwork,2021-07-30 09:00 (CDT),,,,,,,,,,
2021-10-04 06:29 (CDT),On Demand,Denis Morton,5,Yoga,Yoga Basics,5 min Basics: Upward Facing Dog,2020-10-16 09:00 (CDT),,,,,,,18,,,
2021-10-04 06:37 (CDT),On Demand,Ben Alldis,10,Strength,Core,10 min MOS Ibiza Chillout Core Strength,2021-08-15 23:40 (CDT),,,,,,,61,,,
2021-10-04 06:53 (CDT),On Demand,Denis Morton,10,Meditation,Breath,10 min Breathwork,2021-07-30 09:00 (CDT),,,,,,,,,,
2021-10-05 06:36 (CDT),On Demand,Anna Greenberg,10,Meditation,Breath,10 min Breathwork: Interrupted Breath,2020-12-21 09:00 (CDT),,,,,,,,,,
2021-10-05 11:32 (CDT),On Demand,Hannah Corbin,5,Strength,Lower Body,5 min Glutes & Legs Toning,2020-01-05 14:20 (CDT),,,,,,,30,,,
2021-10-05 11:56 (-05),On Demand,Mayla Wedekind,5,Cycling,Warm Up,5 min Warm Up Ride,2021-06-13 23:55 (-05),24,79,32%,88,23.32,1.95,32,,,
2021-10-05 12:02 (-05),On Demand,Mayla Wedekind,20,Cycling,Intervals,20 min Intervals Ride,2021-06-17 10:54 (-05),228,190,50%,79,32.30,10.77,304,,,
2021-10-05 12:24 (-05),On Demand,Mayla Wedekind,5,Cycling,Cool Down,5 min Cool Down Ride,2021-06-20 02:32 (-05),33,111,41%,81,27.05,2.25,44,,,
2021-10-05 12:43 (-05),On Demand,Matt Wilpers,5,Stretching,Pre & Post-Ride Stretch,5 min Post-Ride Stretch,2021-08-16 08:00 (-05),,,,,,,,,,
2021-10-06 06:31 (CDT),On Demand,Leanne Hainsby-Alldis,10,Strength,Arms & Light Weights,10 min Arms & Light Weights,2021-03-19 01:35 (CDT),,,,,,,61,,,
2021-10-06 06:49 (CDT),On Demand,Anna Greenberg,10,Meditation,Breath,10 min Breathwork: Interrupted Breath,2020-12-21 09:00 (CDT),,,,,,,,,,
2021-10-07 06:16 (CDT),On Demand,Anna Greenberg,10,Meditation,Breath,10 min Breathwork: Alternate Nostril,2021-06-14 10:09 (CDT),,,,,,,,,,
2021-10-07 12:13 (CDT),On Demand,Hannah Corbin,5,Strength,Lower Body,5 min Glutes & Legs Toning,2020-01-05 14:20 (CDT),,,,,,,30,,,
2021-10-07 12:33 (-05),On Demand,Mayla Wedekind,30,Cycling,Theme,30 min Unity Ride,2021-10-03 02:55 (-05),293,163,48%,79,30.98,15.48,390,,,
2021-10-07 13:05 (-05),On Demand,Mayla Wedekind,5,Cycling,Cool Down,5 min Cool Down Ride,2021-10-06 09:00 (-05),28,94,37%,81,25.09,2.09,38,,,
2021-10-07 13:20 (CDT),On Demand,Matt Wilpers,5,Stretching,Pre & Post-Ride Stretch,5 min Post-Ride Stretch,2021-08-16 08:00 (CDT),,,,,,,15,,,
2021-10-08 06:03 (CDT),On Demand,Ben Alldis,10,Strength,Core,10 min MOS Ibiza Chillout Core Strength,2021-08-15 23:40 (CDT),,,,,,,61,,,
2021-10-08 06:21 (CDT),On Demand,Kristin McGee,10,Meditation,Morning,10 min Morning Meditation,2021-09-19 06:51 (CDT),,,,,,,,,,
2021-10-10 07:40 (CDT),On Demand,Anna Greenberg,20,Yoga,Slow Flow,20 min Slow Flow,2021-10-07 09:00 (CDT),,,,,,,81,,,
2021-10-11 06:23 (CDT),On Demand,Ben Alldis,10,Strength,Core,10 min MOS Ibiza Chillout Core Strength,2021-08-15 23:40 (CDT),,,,,,,61,,,
2021-10-11 06:40 (CDT),On Demand,Ross Rayburn,10,Meditation,Breath,10 min Breathwork,2021-09-24 09:59 (CDT),,,,,,,,,,
2021-10-12 06:51 (CDT),On Demand,Denis Morton,10,Meditation,Breath,10 min Breathwork,2021-05-18 09:00 (CDT),,,,,,,,,,
2021-10-12 12:17 (-05),On Demand,Leanne Hainsby-Alldis,10,Strength,Arms & Light Weights,10 min Arms & Light Weights,2021-08-26 13:02 (-05),,,,,,,0,,,
2021-10-12 12:31 (CDT),On Demand,Hannah Corbin,5,Strength,Lower Body,5 min Glutes & Legs Toning,2020-01-05 14:20 (CDT),,,,,,,30,,,
2021-10-12 12:41 (-05),On Demand,Denis Morton,20,Cycling,Music,20 min 90s Ride,2021-09-30 18:55 (-05),188,156,44%,86,30.55,10.19,250,,,
2021-10-12 13:02 (-05),On Demand,Denis Morton,5,Cycling,Cool Down,5 min Cool Down Ride,2021-09-20 08:00 (-05),24,81,34%,85,23.80,1.98,32,,,
2021-10-12 13:15 (-05),On Demand,Bradley Rose,5,Stretching,Pre & Post-Ride Stretch,5 min Post-Ride Stretch,2021-08-13 09:43 (-05),,,,,,,13,,,
2021-10-13 06:30 (CDT),On Demand,Ben Alldis,10,Strength,Core,10 min MOS Ibiza Chillout Core Strength,2021-08-15 23:40 (CDT),,,,,,,61,,,
2021-10-13 06:52 (CDT),On Demand,Kristin McGee,5,Meditation,Breath,5 min Breathwork,2021-10-04 07:37 (CDT),,,,,,,,,,
2021-10-14 06:27 (CDT),On Demand,Ross Rayburn,10,Meditation,Breath,10 min Breathwork: Alternate Nostril,2020-12-21 09:00 (CDT),,,,,,,,,,
2021-10-14 11:34 (CDT),On Demand,Hannah Corbin,5,Strength,Lower Body,5 min Glutes & Legs Toning,2020-01-05 14:20 (CDT),,,,,,,30,,,
2021-10-14 11:49 (-05),On Demand,Matt Wilpers,5,Cycling,Warm Up,5 min Warm Up Ride,2021-10-14 10:00 (-05),33,110,37%,92,27.10,2.25,44,,,
2021-10-14 11:56 (-05),On Demand,Bradley Rose,30,Cycling,Music,30 min Rock Ride,2021-10-09 04:25 (-05),274,152,47%,79,30.38,15.19,365,,,
2021-10-14 12:27 (-05),On Demand,Bradley Rose,5,Cycling,Cool Down,5 min Cool Down Ride,2021-10-06 00:35 (-05),22,74,32%,86,22.88,1.90,29,,,
2021-10-14 12:36 (-05),On Demand,Bradley Rose,5,Stretching,Pre & Post-Ride Stretch,5 min Post-Ride Stretch,2021-08-13 09:43 (-05),,,,,,,15,,,
2021-10-15 06:24 (CDT),On Demand,Emma Lovewell,10,Strength,Arms & Light Weights,10 min Arms & Light Weights,2021-08-15 09:05 (CDT),,,,,,,61,,,
2021-10-15 06:49 (CDT),On Demand,Kristin McGee,10,Meditation,Breath,10 min Breathwork: Breath of Fire,2020-12-21 09:00 (CDT),,,,,,,,,,
2021-10-16 11:34 (CDT),On Demand,Bradley Rose,5,Stretching,Pre & Post-Ride Stretch,5 min Post-Ride Stretch,2021-08-13 09:43 (CDT),,,,,,,15,,,
2021-10-17 14:45 (CDT),On Demand,Matty Maggiacomo,30,Walking,Music Walk,30 min 90s Walk,2021-03-05 10:00 (CDT),0,,,,5.79,2.90,233,,,
2021-10-17 15:25 (CDT),On Demand,Ben Alldis,10,Strength,Core,10 min MOS Ibiza Chillout Core Strength,2021-08-15 23:40 (CDT),,,,,,,61,,,
2021-10-17 15:38 (CDT),On Demand,Hannah Corbin,5,Strength,Lower Body,5 min Glutes & Legs Toning,2020-01-05 14:20 (CDT),,,,,,,30,,,
2021-10-18 10:56 (CDT),On Demand,Leanne Hainsby-Alldis,10,Strength,Arms & Light Weights,10 min Arms & Light Weights,2021-07-12 13:02 (CDT),,,,,,,61,,,
2021-10-18 11:29 (CDT),On Demand,Kristin McGee,10,Meditation,Breath,10 min Breathwork,2021-06-08 10:09 (CDT),,,,,,,,,,
2021-10-19 11:57 (-05),On Demand,Bradley Rose,5,Cycling,Warm Up,5 min Warm Up Ride,2021-10-06 00:00 (-05),0,48,28%,80,18.97,0.02,0,,,
2021-10-19 11:59 (-05),On Demand,Bradley Rose,5,Cycling,Warm Up,5 min Warm Up Ride,2021-10-06 00:00 (-05),35,116,37%,94,27.52,2.29,46,,,
2021-10-19 12:05 (-05),On Demand,Bradley Rose,30,Cycling,Music,30 min Indie Rock Ride,2021-10-18 13:55 (-05),275,153,46%,82,30.29,15.14,366,,,
2021-10-19 12:36 (-05),On Demand,Bradley Rose,5,Cycling,Cool Down,5 min Cool Down Ride,2021-10-06 00:35 (-05),23,77,33%,87,23.21,1.92,31,,,
2021-10-19 12:50 (-05),On Demand,Bradley Rose,5,Stretching,Pre & Post-Ride Stretch,5 min Post-Ride Stretch,2021-08-13 09:43 (-05),,,,,,,15,,,
2021-10-20 12:41 (CDT),On Demand,Emma Lovewell,10,Strength,Arms & Light Weights,10 min Arms & Light Weights,2021-08-15 09:05 (CDT),,,,,,,60,,,
2021-10-20 12:54 (CDT),On Demand,Ben Alldis,10,Strength,Core,10 min MOS Ibiza Chillout Core Strength,2021-08-15 23:40 (CDT),,,,,,,60,,,
2021-10-20 18:46 (CDT),On Demand,Ross Rayburn,10,Meditation,Mindfulness,10 min Body Scan Meditation,2021-10-13 10:00 (CDT),,,,,,,,,,
2021-10-21 12:29 (CDT),On Demand,Hannah Corbin,5,Strength,Lower Body,5 min Glutes & Legs Toning,2020-01-05 14:20 (CDT),,,,,,,30,,,
2021-10-21 12:43 (-05),On Demand,Leanne Hainsby-Alldis,5,Cycling,Warm Up,5 min Warm Up Ride,2021-09-25 01:30 (-05),28,93,34%,93,25.11,2.09,37,,,
2021-10-21 12:50 (-05),On Demand,Leanne Hainsby-Alldis,30,Cycling,Intervals,30 min HIIT & Hills Ride,2021-10-19 07:55 (-05),294,164,47%,80,31.08,15.55,392,,,
2021-10-21 13:21 (-05),On Demand,Leanne Hainsby-Alldis,5,Cycling,Cool Down,5 min Cool Down Ride,2021-06-21 00:25 (-05),32,107,40%,80,26.36,2.19,43,,,
2021-10-21 13:33 (-05),On Demand,Matt Wilpers,5,Stretching,Pre & Post-Ride Stretch,5 min Post-Ride Stretch,2021-08-16 08:00 (-05),,,,,,,15,,,
2021-10-22 06:34 (CDT),On Demand,Leanne Hainsby-Alldis,10,Strength,Arms & Light Weights,10 min Arms & Light Weights,2021-10-18 13:02 (CDT),,,,,,,60,,,
2021-10-22 06:56 (CDT),On Demand,Ben Alldis,10,Strength,Core,10 min MOS Ibiza Chillout Core Strength,2021-08-15 23:40 (CDT),,,,,,,60,,,
2021-10-22 19:56 (CDT),On Demand,Kristin McGee,5,Yoga,Yoga Anywhere,5 min Chair Yoga,2020-01-24 10:18 (CDT),,,,,,,18,,,
2021-10-24 10:40 (CDT),On Demand,Denis Morton,10,Meditation,Breath,10 min Breathwork,2021-10-22 09:00 (CDT),,,,,,,,,,
2021-10-24 12:54 (CDT),On Demand,Matt Wilpers,10,Stretching,Post-Run Stretch,10 min Post-Run Stretch,2021-08-05 09:00 (CDT),,,,,,,30,,,
2021-10-25 06:49 (CDT),On Demand,Emma Lovewell,10,Strength,Arms & Light Weights,10 min Arms & Light Weights,2021-08-15 09:05 (CDT),,,,,,,60,,,
2021-10-25 07:01 (CDT),On Demand,Ben Alldis,10,Strength,Core,10 min MOS Ibiza Chillout Core Strength,2021-08-15 23:40 (CDT),,,,,,,60,,,
2021-10-25 15:51 (CDT),On Demand,Kristin McGee,5,Yoga,Yoga Anywhere,5 min Chair Yoga,2020-01-24 10:18 (CDT),,,,,,,18,,,
2021-10-25 15:57 (CDT),On Demand,Denis Morton,5,Yoga,Yoga Basics,5 min Basics: Reverse Table Top,2021-08-20 09:00 (CDT),,,,,,,18,,,
2021-10-26 11:57 (CDT),On Demand,Hannah Corbin,5,Strength,Lower Body,5 min Glutes & Legs Toning,2020-01-05 14:20 (CDT),,,,,,,30,,,
2021-10-26 12:11 (-05),On Demand,Sam Yo,5,Cycling,Warm Up,5 min Warm Up Ride,2021-09-23 00:00 (-05),34,112,36%,91,26.75,2.22,45,,,
2021-10-26 12:18 (-05),On Demand,Sam Yo,30,Cycling,Music,30 min 2000s Rock Ride,2021-09-29 12:25 (-05),305,169,50%,75,31.33,15.66,406,,,
2021-10-26 12:49 (-05),On Demand,Sam Yo,5,Cycling,Cool Down,5 min Cool Down Ride,2021-06-04 03:05 (-05),32,108,42%,75,26.44,2.20,43,,,
2021-10-26 13:08 (-05),On Demand,Sam Yo,5,Stretching,Pre & Post-Ride Stretch,5 min Post-Ride Stretch: Imagine Dragons,2021-07-02 07:00 (-05),,,,,,,15,,,
2021-10-26 16:04 (CDT),On Demand,Kristin McGee,5,Yoga,Yoga Anywhere,5 min Chair Yoga,2020-01-24 10:18 (CDT),,,,,,,18,,,
2021-10-27 06:29 (CDT),On Demand,Leanne Hainsby-Alldis,10,Strength,Arms & Light Weights,10 min Arms & Light Weights,2021-04-29 13:02 (CDT),,,,,,,60,,,
2021-10-27 06:57 (CDT),On Demand,Ben Alldis,10,Strength,Core,10 min Core Strength,2021-07-21 00:00 (CDT),,,,,,,60,,,
2021-10-28 07:01 (CDT),On Demand,Aditi Shah,10,Meditation,Morning,10 min Morning Meditation,2021-10-19 06:51 (CDT),,,,,,,,,,
2021-10-28 11:41 (CDT),On Demand,Hannah Corbin,5,Strength,Lower Body,5 min Glutes & Legs Toning,2020-01-05 14:20 (CDT),,,,,,,30,,,
2021-10-28 11:53 (-05),On Demand,Mayla Wedekind,5,Cycling,Warm Up,5 min Warm Up Ride,2021-07-13 05:25 (-05),23,75,31%,87,22.42,1.90,31,,,
2021-10-28 11:59 (-05),On Demand,Mayla Wedekind,30,Cycling,Music,30 min 2010s Ride,2021-10-15 12:00 (-05),305,169,50%,76,31.45,15.72,406,,,
2021-10-28 12:30 (-05),On Demand,Mayla Wedekind,5,Cycling,Cool Down,5 min Cool Down Ride,2021-10-06 09:00 (-05),37,124,42%,81,28.29,2.35,49,,,
2021-10-28 12:39 (-05),On Demand,Bradley Rose,5,Stretching,Pre & Post-Ride Stretch,5 min Post-Ride Stretch,2021-08-13 09:43 (-05),,,,,,,15,,,
2021-10-30 19:36 (CDT),On Demand,Ben Alldis,10,Strength,Arms & Light Weights,10 min Arms & Light Weights,2021-10-20 02:32 (CDT),,,,,,,60,,,
2021-10-30 19:49 (CDT),On Demand,Ben Alldis,10,Strength,Core,10 min Core Strength,2021-06-23 00:00 (CDT),,,,,,,60,,,
2021-10-31 11:22 (CDT),On Demand,Bradley Rose,5,Stretching,Pre & Post-Ride Stretch,5 min Post-Ride Stretch,2021-08-13 09:43 (CDT),,,,,,,,,,
2021-10-31 11:23 (CDT),On Demand,Bradley Rose,5,Stretching,Pre & Post-Ride Stretch,5 min Post-Ride Stretch,2021-08-13 09:43 (CDT),,,,,,,28,91.82,,
2021-10-31 14:06 (CDT),On Demand,Denis Morton,10,Yoga,Flow,10 min Yoga Flow,2021-06-28 06:06 (CDT),,,,,,,4,,,
2021-11-01 06:34 (CDT),On Demand,Leanne Hainsby-Alldis,10,Strength,Arms & Light Weights,10 min Arms & Light Weights,2021-04-29 13:02 (CDT),,,,,,,60,,,
2021-11-01 06:54 (CDT),On Demand,Ben Alldis,10,Strength,Core,10 min MOS Ibiza Chillout Core Strength,2021-08-15 23:40 (CDT),,,,,,,60,,,
2021-11-01 15:53 (CDT),On Demand,Kristin McGee,10,Yoga,Yoga Anywhere,10 min Chair Yoga,2021-07-08 09:00 (CDT),,,,,,,47,,,
2021-11-02 15:04 (-05),On Demand,Mayla Wedekind,5,Cycling,Warm Up,5 min Warm Up Ride,2021-10-25 08:50 (-05),34,114,36%,96,27.26,2.27,45,,,
2021-11-02 15:13 (-05),On Demand,Mayla Wedekind,30,Cycling,Music,30 min 2010s Ride,2021-10-15 12:00 (-05),333,185,52%,77,32.80,16.40,444,,,
2021-11-02 15:44 (-05),On Demand,Mayla Wedekind,5,Cycling,Cool Down,5 min Cool Down Ride,2021-10-06 09:00 (-05),30,101,41%,75,26.06,2.17,40,,,
2021-11-02 15:52 (-05),On Demand,Bradley Rose,5,Stretching,Pre & Post-Ride Stretch,5 min Post-Ride Stretch,2021-04-06 00:45 (-05),,,,,,,15,,,
2021-11-04 12:12 (CDT),On Demand,Hannah Corbin,5,Strength,Lower Body,5 min Glutes & Legs Toning,2020-01-05 14:20 (CDT),,,,,,,30,,,
2021-11-04 12:28 (-05),On Demand,Bradley Rose,5,Cycling,Warm Up,5 min Warm Up Ride,2021-10-06 00:00 (-05),0,58,32%,77,20.62,0.02,0,,,
2021-11-04 12:29 (-05),On Demand,Bradley Rose,5,Cycling,Warm Up,5 min Warm Up Ride,2021-04-11 00:00 (-05),31,103,36%,89,26.12,2.17,41,,,
2021-11-04 12:35 (-05),On Demand,Bradley Rose,30,Cycling,Music,30 min 2000s Ride,2021-10-28 13:54 (-05),282,157,44%,87,30.77,15.39,375,,,
2021-11-04 13:07 (-05),On Demand,Bradley Rose,5,Cycling,Cool Down,5 min Cool Down Ride,2021-10-06 00:35 (-05),26,89,35%,87,24.77,2.01,34,,,
2021-11-05 06:10 (CDT),On Demand,Emma Lovewell,10,Strength,Arms & Light Weights,10 min Arms & Light Weights,2021-08-15 09:05 (CDT),,,,,,,60,,,
2021-11-05 06:27 (CDT),On Demand,Ben Alldis,10,Strength,Core,10 min Core Strength,2021-09-30 02:25 (CDT),,,,,,,60,,,
2021-11-06 09:07 (CDT),On Demand,Kristin McGee,5,Meditation,Breath,5 min Breathwork,2021-10-04 07:37 (CDT),,,,,,,,,,
2021-11-06 09:13 (CDT),On Demand,Kristin McGee,5,Meditation,Breath,5 min Breathwork,2021-10-04 07:37 (CDT),,,,,,,,,,
2021-11-10 06:35 (CDT),On Demand,Kristin McGee,10,Meditation,Breath,10 min Breathwork: Alternate Nostril,2021-09-07 09:58 (CDT),,,,,,,,,,
2021-11-11 05:36 (-06),On Demand,Ben Alldis,30,Cycling,Scenic Ride,30 min Iceland Ride,,252,140,45%,79,29.53,14.77,335,,,
2021-11-11 06:09 (-06),On Demand,Jenn Sherman,5,Stretching,Pre & Post-Ride Stretch,5 min Post-Ride Stretch,2021-10-18 09:00 (-06),,,,,,,15,,,
2021-11-12 06:18 (CDT),On Demand,Ben Alldis,10,Strength,Core,10 min MOS Ibiza Chillout Core Strength,2021-08-15 23:40 (CDT),,,,,,,60,,,
2021-11-13 17:15 (-06),On Demand,Emma Lovewell,5,Cycling,Warm Up,5 min Warm Up Ride,2021-06-30 07:00 (-06),41,137,40%,89,29.31,2.45,54,,,
2021-11-13 17:22 (-06),On Demand,Emma Lovewell,20,Cycling,Music,20 min 2000s Rock Ride,2021-11-11 08:24 (-06),225,187,48%,84,32.78,10.93,299,,,
2021-11-13 17:44 (-06),On Demand,,10,Cycling,Scenic Ride,10 min Reykjavik Ride,,83,139,41%,88,29.48,4.91,111,,,
2021-11-13 17:55 (-06),On Demand,Leanne Hainsby-Alldis,5,Cycling,Cool Down,5 min Cool Down Ride,2021-06-20 23:25 (-06),25,83,37%,76,23.79,1.98,33,,,
2021-11-13 18:05 (CDT),On Demand,Hannah Corbin,5,Strength,Lower Body,5 min Glutes & Legs Toning,2020-01-05 14:20 (CDT),,,,,,,30,,,
2021-11-13 18:11 (-06),On Demand,Emma Lovewell,5,Stretching,Pre & Post-Ride Stretch,5 min Post-Ride Stretch,2021-09-07 07:00 (-06),,,,,,,14,,,
2021-11-14 06:18 (CDT),On Demand,Emma Lovewell,10,Strength,Arms & Light Weights,10 min Arms & Light Weights,2021-11-04 09:04 (CDT),,,,,,,60,,,
2021-11-14 06:36 (CDT),On Demand,Ben Alldis,10,Strength,Core,10 min Core Strength,2021-09-30 02:25 (CDT),,,,,,,60,,,
2021-11-14 17:28 (CDT),On Demand,Olivia Amato,20,Walking,Music Walk,20 min Y2K Fun Walk,2019-07-18 10:00 (CDT),0,,,,6.00,2.00,158,,,
2021-11-15 06:37 (CDT),On Demand,Kirra Michel,30,Yoga,Slow Flow,30 min Slow Flow,2021-09-06 18:19 (CDT),,,,,,,128,,,
2021-11-16 06:18 (CDT),On Demand,Nico Sarani,10,Meditation,Breath,10 min Breathwork: Alternate Nostril,2021-11-15 09:00 (CDT),,,,,,,,,,
2021-11-16 12:35 (CDT),On Demand,Hannah Corbin,5,Strength,Lower Body,5 min Glutes & Legs Toning,2020-01-05 14:20 (CDT),,,,,,,30,,,
2021-11-16 12:43 (-06),On Demand,Bradley Rose,5,Cycling,Warm Up,5 min Warm Up Ride,2021-10-05 23:00 (-06),32,117,37%,92,27.42,2.12,44,,,
2021-11-16 13:50 (CDT),On Demand,Jenn Sherman,5,Stretching,Pre & Post-Ride Stretch,5 min Post-Ride Stretch,2021-10-18 10:00 (CDT),,,,,,,15,100.86,,
2021-11-17 05:43 (CDT),On Demand,Camila Ramon,10,Strength,Arms & Light Weights,10 min Arms & Light Weights,2021-11-14 10:00 (CDT),,,,,,,60,,,
2021-11-17 06:23 (CDT),On Demand,Emma Lovewell,10,Strength,Core,10 min Core Strength,2021-11-04 08:30 (CDT),,,,,,,60,,,
2021-11-19 12:01 (CDT),On Demand,Hannah Corbin,5,Strength,Lower Body,5 min Glutes & Legs Toning,2020-01-05 14:20 (CDT),,,,,,,30,,,
2021-11-19 12:14 (-06),On Demand,Jenn Sherman,5,Cycling,Warm Up,5 min Warm Up Ride,2021-09-13 07:00 (-06),33,109,35%,97,26.86,2.24,43,,,
2021-11-19 12:20 (-06),On Demand,Ben Alldis,30,Cycling,Music,30 min 2010s Rock Ride,2021-11-16 12:25 (-06),324,180,51%,76,31.82,15.90,430,,,
2021-11-19 12:54 (-06),On Demand,Jenn Sherman,5,Cycling,Cool Down,5 min Cool Down Ride,2021-07-12 07:00 (-06),28,95,42%,70,25.41,2.11,38,,,
2021-11-19 13:05 (-06),On Demand,Jenn Sherman,5,Stretching,Pre & Post-Ride Stretch,5 min Post-Ride Stretch,2021-10-18 09:00 (-06),,,,,,,15,,,
2021-11-20 08:47 (CDT),On Demand,Leanne Hainsby-Alldis,10,Strength,Arms & Light Weights,10 min Arms & Light Weights,2021-11-01 14:02 (CDT),,,,,,,60,,,
2021-11-20 09:01 (CDT),On Demand,Ben Alldis,10,Strength,Core,10 min Core Strength,2021-11-15 03:04 (CDT),,,,,,,60,,,
2021-11-22 07:59 (CDT),On Demand,Chelsea Jackson Roberts,10,Meditation,Breath,10 min Breathwork: Bellows Breath,2021-11-15 17:36 (CDT),,,,,,,,,,
2021-11-22 14:54 (CDT),On Demand,Mayla Wedekind,10,Strength,Arms & Light Weights,10 min Arms & Light Weights,2021-11-09 01:12 (CDT),,,,,,,60,,,
2021-11-22 15:08 (CDT),On Demand,Emma Lovewell,10,Strength,Core,10 min Core Strength,2021-11-18 08:30 (CDT),,,,,,,60,,,
2021-11-22 15:24 (CDT),On Demand,Emma Lovewell,5,Strength,Core,5 min Core Strength,2021-11-18 08:30 (CDT),,,,,,,30,,,
2021-11-23 09:23 (CDT),On Demand,Kristin McGee,10,Meditation,Breath,10 min Breathwork,2021-11-15 07:36 (CDT),,,,,,,,,,
2021-11-23 11:27 (-06),On Demand,Bradley Rose,5,Cycling,Warm Up,5 min Warm Up Ride,2021-10-05 23:00 (-06),32,107,37%,91,26.80,2.24,43,,,
2021-11-23 11:34 (-06),On Demand,Bradley Rose,30,Cycling,Intervals,30 min HIIT & Hills Ride,2021-10-14 12:55 (-06),282,157,44%,87,30.50,15.26,375,,,
2021-11-23 12:06 (-06),On Demand,Bradley Rose,5,Cycling,Cool Down,5 min Cool Down Ride,2021-10-05 23:35 (-06),28,95,35%,91,25.43,2.11,38,,,
2021-11-23 12:24 (CDT),On Demand,Hannah Corbin,5,Strength,Lower Body,5 min Glutes & Legs Toning,2020-01-05 14:20 (CDT),,,,,,,30,,,
2021-11-23 12:32 (CDT),On Demand,Erik Jager,10,Stretching,Pre & Post-Ride Stretch,10 min World Mental Health Day Stretch,2021-10-09 17:00 (CDT),,,,,,,30,,,
2021-11-24 07:47 (CDT),On Demand,Denis Morton,10,Meditation,Breath,10 min Breathwork,2021-05-18 09:00 (CDT),,,,,,,,,,
2021-11-24 08:03 (CDT),On Demand,Ben Alldis,10,Strength,Arms & Light Weights,10 min Arms & Light Weights,2021-10-20 02:32 (CDT),,,,,,,60,,,
2021-11-24 08:16 (CDT),On Demand,Callie Gullickson,10,Strength,Core,10 min Core Strength,2021-11-06 08:30 (CDT),,,,,,,59,,,
2021-11-24 22:55 (CDT),On Demand,Kristin McGee,10,Meditation,Sleep,10 min Sleep Meditation,2021-09-30 09:00 (CDT),,,,,,,,,,
2021-11-25 07:27 (CDT),On Demand,Kristin McGee,10,Meditation,Morning,10 min Morning Meditation,2021-11-22 07:36 (CDT),,,,,,,,,,
2021-11-25 10:25 (-06),On Demand,Matt Wilpers,45,Cycling,Power Zone,45 min Power Zone Endurance Ride,2021-10-20 03:55 (-06),392,145,39%,99,30.06,22.55,521,,,
2021-11-25 11:16 (-06),On Demand,Jenn Sherman,5,Cycling,Cool Down,5 min Cool Down Ride,2020-08-03 07:00 (-06),24,81,36%,79,23.87,1.98,32,,,
2021-11-25 11:31 (-06),On Demand,Jenn Sherman,5,Stretching,Pre & Post-Ride Stretch,5 min Post-Ride Stretch,2021-10-18 09:00 (-06),,,,,,,15,,,
2021-11-25 22:31 (CDT),On Demand,Ross Rayburn,5,Meditation,Relaxation,5 min Relaxing Meditation,2021-11-06 10:38 (CDT),,,,,,,,,,
2021-11-26 06:45 (CDT),On Demand,Hannah Frankson,10,Strength,Arms & Light Weights,10 min Arms & Light Weights,2021-11-11 13:01 (CDT),,,,,,,60,,,
2021-11-26 07:02 (CDT),On Demand,Callie Gullickson,10,Strength,Core,10 min Core Strength,2021-11-06 08:30 (CDT),,,,,,,60,,,
2021-11-27 07:46 (CDT),On Demand,Ross Rayburn,10,Meditation,Breath,10 min Breathwork,2021-09-24 09:59 (CDT),,,,,,,,,,
2021-11-27 09:57 (-06),On Demand,Olivia Amato,5,Cycling,Warm Up,5 min Warm Up Ride,2021-11-24 10:00 (-06),27,90,37%,80,24.75,2.06,36,,,
2021-11-27 10:03 (-06),On Demand,Bradley Rose,30,Cycling,Music,30 min 2000s Rock Ride,2021-11-25 13:54 (-06),303,168,47%,82,31.70,15.85,402,,,
2021-11-27 10:35 (-06),On Demand,Jenn Sherman,5,Cycling,Cool Down,5 min Cool Down Ride,2021-02-17 08:00 (-06),29,96,38%,80,25.38,2.12,38,,,
2021-11-27 10:49 (CDT),On Demand,Hannah Corbin,5,Strength,Lower Body,5 min Glutes & Legs Toning,2020-01-05 14:20 (CDT),,,,,,,30,,,
2021-11-27 10:56 (CDT),On Demand,Ben Alldis,10,Stretching,Full Body Stretch,10 min 007 Full Body Stretch,2021-10-04 03:13 (CDT),,,,,,,30,,,
2021-11-28 12:56 (CDT),On Demand,Matty Maggiacomo,30,Running,Music Run,30 min Aussie Pop Run,2021-11-11 17:00 (CDT),0,,,,10.04,5.02,398,,0,5:59
2021-11-28 13:54 (CDT),On Demand,Hannah Frankson,10,Strength,Arms & Light Weights,10 min Arms & Light Weights,2021-11-11 13:01 (CDT),,,,,,,60,,,
2021-11-28 14:12 (CDT),On Demand,Callie Gullickson,10,Strength,Core,10 min Core Strength,2021-11-06 08:30 (CDT),,,,,,,60,,,
2021-11-28 14:27 (CDT),On Demand,Selena Samuela,5,Stretching,Post-Run Stretch,5 min Post-Run Stretch,2021-11-23 09:00 (CDT),,,,,,,15,,,
2021-11-29 06:50 (CDT),On Demand,Anna Greenberg,10,Meditation,Breath,10 min Breathwork: Equal Breath,2021-09-18 10:37 (CDT),,,,,,,,,,
2021-11-30 05:49 (CDT),On Demand,Callie Gullickson,10,Strength,Core,10 min Core Strength,2021-11-27 08:31 (CDT),,,,,,,60,,,
2021-11-30 06:01 (CDT),On Demand,Hannah Corbin,5,Strength,Lower Body,5 min Glutes & Legs Toning,2020-01-05 14:20 (CDT),,,,,,,30,,,
2021-12-01 05:38 (-06),On Demand,Mayla Wedekind,5,Cycling,Warm Up,5 min Warm Up Ride,2021-08-29 22:55 (-06),26,86,32%,93,24.09,2.00,34,,,
2021-12-01 05:46 (-06),On Demand,Mayla Wedekind,30,Cycling,Music,30 min Indie Rock Ride,2021-11-30 00:25 (-06),317,176,50%,76,31.85,15.92,422,,,
2021-12-01 06:17 (-06),On Demand,Mayla Wedekind,5,Cycling,Cool Down,5 min Cool Down Ride,2021-08-26 10:22 (-06),32,109,44%,69,26.78,2.22,43,,,
2021-12-01 06:25 (-06),On Demand,Bradley Rose,5,Stretching,Pre & Post-Ride Stretch,5 min Post-Ride Stretch,2021-08-13 08:43 (-06),,,,,,,15,,,
2021-12-02 12:36 (CDT),On Demand,Rebecca Kennedy,10,Strength,Upper Body,10 min Arms & Shoulders Strength,2021-11-08 09:42 (CDT),,,,,,,60,,,
2021-12-02 12:50 (CDT),On Demand,Rebecca Kennedy,10,Strength,Core,10 min Core Strength,2021-11-18 09:00 (CDT),,,,,,,60,,,
2021-12-03 06:30 (CDT),On Demand,Nico Sarani,10,Meditation,Breath,10 min Breathwork: Alternate Nostril,2021-11-15 09:00 (CDT),,,,,,,,,,
2021-12-03 12:10 (-06),On Demand,Charlotte Weidenbach,5,Cycling,Warm Up,5 min Warm Up Ride,2021-12-03 06:00 (-06),34,114,36%,93,27.04,2.25,45,,,
2021-12-03 12:17 (-06),On Demand,Bradley Rose,30,Cycling,Music,30 min 2000s Rock Ride,2021-11-25 13:54 (-06),338,188,49%,85,33.17,16.59,449,,,
2021-12-03 12:48 (-06),On Demand,Jenn Sherman,5,Cycling,Cool Down,5 min Cool Down Ride,2021-07-12 07:00 (-06),24,79,36%,76,23.50,1.96,32,,,
2021-12-03 12:59 (-06),On Demand,Jenn Sherman,5,Stretching,Pre & Post-Ride Stretch,5 min Post-Ride Stretch,2021-10-18 09:00 (-06),,,,,,,15,,,
2021-12-04 06:40 (CDT),On Demand,Anna Greenberg,10,Meditation,Breath,10 min Breathwork: Equal Breath,2021-09-18 10:37 (CDT),,,,,,,,,,
2021-12-04 12:44 (CDT),On Demand,Olivia Amato,10,Strength,Lower Body,10 min Glutes & Legs Strength,2021-11-05 09:00 (CDT),,,,,,,60,,,
2021-12-04 12:57 (CDT),On Demand,Ben Alldis,10,Strength,Core,10 min MOS Ibiza Chillout Core Strength,2021-08-15 23:40 (CDT),,,,,,,60,,,
2021-12-04 13:10 (CDT),On Demand,Ben Alldis,5,Stretching,Lower Body Stretch,5 min Lower Body Stretch,2021-10-25 00:00 (CDT),,,,,,,15,,,
2021-12-05 14:54 (-06),On Demand,Ben Alldis,45,Cycling,Power Zone,45 min Power Zone Endurance Rock Ride,2021-12-05 05:55 (-06),332,123,40%,87,28.28,21.21,442,,,
2021-12-05 15:44 (-06),On Demand,Leanne Hainsby-Alldis,10,Strength,Arms & Light Weights,10 min Arms & Light Weights,2021-03-19 00:35 (-06),,,,,,,60,,,
2021-12-05 15:58 (-06),On Demand,Benny Adami,5,Stretching,Pre & Post-Ride Stretch,5 min Post-Ride Stretch,2021-12-01 06:00 (-06),,,,,,,15,,,
2021-12-05 16:28 (CDT),On Demand,Ross Rayburn,10,Meditation,Breath,10 min Breathwork,2021-08-20 09:59 (CDT),,,,,,,,,,
2021-12-06 06:10 (CDT),On Demand,Nico Sarani,10,Meditation,Breath,10 min Breathwork: Alternate Nostril,2021-11-15 09:00 (CDT),,,,,,,,,,
2021-12-07 06:26 (CDT),On Demand,Aditi Shah,10,Meditation,Breath,10 min Breathwork,2021-07-14 10:07 (CDT),,,,,,,,,,
2021-12-07 14:52 (-06),On Demand,Sam Yo,30,Cycling,Music,30 min 80s Rock Ride,2021-12-06 07:55 (-06),288,160,48%,78,31.00,15.50,383,,,
2021-12-07 15:25 (-06),On Demand,Cliff Dwenger,5,Cycling,Cool Down,5 min Cool Down Ride,2021-10-28 11:32 (-06),22,72,35%,75,22.06,1.83,29,,,
2021-12-07 15:37 (CDT),On Demand,Rebecca Kennedy,10,Strength,Upper Body,10 min Arms & Shoulders Strength,2021-11-08 09:42 (CDT),,,,,,,60,,,
2021-12-07 15:51 (CDT),On Demand,Charlotte Weidenbach,5,Stretching,Pre & Post-Ride Stretch,5 min Post-Ride Stretch,2021-12-03 06:00 (CDT),,,,,,,15,,,
2021-12-08 05:44 (CDT),On Demand,Robin Arzon,10,Strength,Core,10 min Core Strength,2021-11-23 09:30 (CDT),,,,,,,60,,,
2021-12-08 05:58 (CDT),On Demand,Chelsea Jackson Roberts,10,Meditation,Breath,10 min Breathwork: Directed Breath,2021-12-07 19:05 (CDT),,,,,,,,,,
2021-12-09 05:37 (CDT),On Demand,Olivia Amato,10,Strength,Lower Body,10 min Glutes & Legs Strength,2021-11-05 09:00 (CDT),,,,,,,60,,,
2021-12-09 05:52 (CDT),On Demand,Ben Alldis,10,Strength,Upper Body,10 min Arms & Shoulders Strength,2021-10-28 02:55 (CDT),,,,,,,60,,,
2021-12-09 06:07 (CDT),On Demand,Ben Alldis,5,Stretching,Lower Body Stretch,5 min Lower Body Stretch,2021-06-01 13:15 (CDT),,,,,,,15,,,
2021-12-10 06:46 (CDT),On Demand,Ross Rayburn,10,Meditation,Breath,10 min Breathwork,2021-09-24 09:59 (CDT),,,,,,,,,,
2021-12-10 11:06 (-06),On Demand,Mila Lazar,5,Cycling,Warm Up,5 min Warm Up Ride,2021-11-30 06:00 (-06),21,76,31%,90,23.05,1.75,28,,,
2021-12-10 11:14 (-06),On Demand,Mila Lazar,30,Cycling,Music,30 min Hip Hop Ride,2021-12-07 01:25 (-06),324,180,47%,87,32.56,16.29,430,,,
2021-12-10 11:46 (-06),On Demand,Mayla Wedekind,5,Cycling,Cool Down,5 min Cool Down Ride,2021-10-06 08:00 (-06),30,99,41%,75,25.65,2.14,40,,,
2021-12-10 12:06 (-06),On Demand,Mila Lazar,5,Stretching,Pre & Post-Ride Stretch,5 min Post-Ride Stretch,2021-11-30 06:00 (-06),,,,,,,15,,,
2021-12-11 08:15 (CDT),On Demand,Kristin McGee,10,Meditation,Breath,10 min Breathwork,2021-08-10 10:08 (CDT),,,,,,,,,,
2021-12-11 11:36 (CDT),On Demand,Leanne Hainsby-Alldis,10,Strength,Arms & Light Weights,10 min Arms & Light Weights,2021-10-18 13:02 (CDT),,,,,,,60,,,
2021-12-11 11:53 (CDT),On Demand,Callie Gullickson,10,Strength,Lower Body,10 min Glutes & Legs Strength,2021-12-04 08:39 (CDT),,,,,,,60,,,
2021-12-11 12:06 (CDT),On Demand,Irene Kaymer,5,Stretching,Lower Body Stretch,5 min Lower Body Stretch,2021-04-25 02:30 (CDT),,,,,,,15,,,
2021-12-12 17:07 (CDT),On Demand,Jenn Sherman,5,Stretching,Pre & Post-Ride Stretch,5 min Post-Ride Stretch,2021-10-18 10:00 (CDT),,,,,,,15,,,
2021-12-12 17:15 (CDT),On Demand,Denis Morton,5,Meditation,Breath,5 min Breathwork: Box Breath,2021-10-01 09:00 (CDT),,,,,,,,,,
2021-12-12 17:41 (CDT),On Demand,Emma Lovewell,10,Strength,Core,10 min Core Strength,2021-12-09 08:30 (CDT),,,,,,,57,,,
2021-12-13 06:46 (CDT),On Demand,Ross Rayburn,10,Meditation,Emotions,10 min Peace Meditation,2021-12-09 09:08 (CDT),,,,,,,,,,
2021-12-14 06:51 (CDT),On Demand,Kristin McGee,5,Meditation,Breath,5 min Breathwork,2021-10-04 07:37 (CDT),,,,,,,,,,
2021-12-14 11:59 (-06),On Demand,Mila Lazar,45,Cycling,Music,45 min 90s Ride,2021-12-08 10:55 (-06),423,157,46%,81,30.45,22.84,563,,,
2021-12-14 12:46 (-06),On Demand,Erik Jager,5,Cycling,Cool Down,5 min Cool Down Ride,2021-09-22 00:02 (-06),24,80,36%,78,23.69,1.96,32,,,
2021-12-14 12:56 (-06),On Demand,Benny Adami,5,Stretching,Pre & Post-Ride Stretch,5 min Post-Ride Stretch,2021-12-01 06:00 (-06),,,,,,,15,,,
2021-12-15 06:20 (CDT),On Demand,Kristin McGee,5,Meditation,Breath,5 min Breathwork: Pauses,2021-12-13 07:38 (CDT),,,,,,,,,,
2021-12-15 06:26 (CDT),On Demand,Nico Sarani,5,Meditation,Breath,5 min Breathwork: Ocean Breath,2021-11-15 09:00 (CDT),,,,,,,,,,
2021-12-15 12:06 (CDT),On Demand,Tunde Oyeneyin,10,Strength,Arms & Light Weights,10 min Arms & Light Weights,2021-12-07 10:00 (CDT),,,,,,,60,,,
2021-12-15 12:20 (CDT),On Demand,Callie Gullickson,10,Strength,Core,10 min Core Strength,2021-11-06 08:30 (CDT),,,,,,,60,,,
2021-12-16 06:44 (CDT),On Demand,Kristin McGee,10,Meditation,Breath,10 min Breathwork,2021-08-10 10:08 (CDT),,,,,,,,,,
2021-12-16 12:29 (-06),On Demand,Denis Morton,30,Cycling,Power Zone,30 min Power Zone Rock Ride,2021-10-20 07:23 (-06),221,123,38%,89,27.58,13.79,293,,,
2021-12-16 13:00 (-06),On Demand,Denis Morton,5,Cycling,Cool Down,5 min Cool Down Ride,2021-09-20 07:00 (-06),24,78,31%,86,22.92,1.92,31,,,
2021-12-16 13:13 (CDT),On Demand,Olivia Amato,10,Strength,Lower Body,10 min Glutes & Legs Strength,2021-11-05 09:00 (CDT),,,,,,,59,,,
2021-12-16 13:24 (CDT),On Demand,Jenn Sherman,5,Stretching,Pre & Post-Ride Stretch,5 min Post-Ride Stretch,2021-10-18 10:00 (CDT),,,,,,,15,,,
2021-12-17 12:09 (CDT),On Demand,Ben Alldis,10,Strength,Upper Body,10 min Arms & Shoulders Strength,2021-11-22 02:55 (CDT),,,,,,,60,,,
2021-12-17 12:23 (CDT),On Demand,Emma Lovewell,10,Strength,Core,10 min Core Strength,2021-12-16 08:30 (CDT),,,,,,,59,,,
2021-12-18 11:21 (-06),On Demand,Leanne Hainsby-Alldis,5,Cycling,Warm Up,5 min Holiday Warm Up Ride,2021-12-07 01:00 (-06),31,110,35%,96,26.76,2.11,41,,,
2021-12-18 11:27 (-06),On Demand,Mila Lazar,10,Cycling,Climb,10 min Climb Ride,2021-11-30 06:00 (-06),141,236,61%,69,35.71,5.95,188,,,
2021-12-18 11:41 (-06),On Demand,Leanne Hainsby-Alldis,20,Cycling,Music,20 min 2000s Rock Ride,2021-12-08 01:25 (-06),176,147,44%,82,29.61,9.87,234,,,
2021-12-18 12:03 (-06),On Demand,Erik Jager,5,Cycling,Cool Down,5 min Cool Down Ride,2021-09-22 00:02 (-06),21,71,33%,79,22.14,1.83,28,,,
2021-12-18 12:20 (CDT),On Demand,Ben Alldis,10,Strength,Lower Body,10 min Glutes & Legs Strength,2021-11-29 02:25 (CDT),,,,,,,60,,,
2021-12-18 12:34 (CDT),On Demand,Ben Alldis,5,Stretching,Lower Body Stretch,5 min Lower Body Stretch,2021-10-25 00:00 (CDT),,,,,,,14,,,
2021-12-18 12:48 (-06),On Demand,Erik Jager,5,Stretching,Pre & Post-Ride Stretch,5 min Post-Ride Stretch,2021-10-18 09:45 (-06),,,,,,,15,,,
2021-12-18 14:08 (CDT),On Demand,Kristin McGee,15,Meditation,Sleep,15 min Sleep Meditation,2021-10-28 09:00 (CDT),,,,,,,,,,
2021-12-19 12:44 (CDT),On Demand,Ben Alldis,10,Strength,Upper Body,10 min Arms & Shoulders Strength,2021-11-22 02:55 (CDT),,,,,,,60,,,
2021-12-19 12:59 (CDT),On Demand,Emma Lovewell,10,Strength,Core,10 min Core Strength,2021-11-18 08:30 (CDT),,,,,,,60,,,
2021-12-19 22:58 (CDT),On Demand,Kristin McGee,15,Meditation,Sleep,15 min Sleep Meditation,2021-10-28 09:00 (CDT),,,,,,,,,,
2021-12-20 06:39 (CDT),On Demand,Kristin McGee,10,Meditation,Breath,10 min Breathwork,2021-06-08 10:09 (CDT),,,,,,,,,,
2021-12-20 16:30 (-06),On Demand,Matt Wilpers,45,Cycling,Power Zone,45 min Power Zone Endurance Ride,2021-06-02 03:53 (-06),315,117,39%,86,27.63,20.71,419,,,
2021-12-20 17:23 (CDT),On Demand,Ben Alldis,10,Strength,Core,10 min Core Strength,2021-11-15 03:04 (CDT),,,,,,,60,,,
2021-12-20 17:36 (CDT),On Demand,Jenn Sherman,5,Stretching,Pre & Post-Ride Stretch,5 min Post-Ride Stretch,2021-10-18 10:00 (CDT),,,,,,,15,,,
2021-12-20 21:48 (CDT),On Demand,Kristin McGee,10,Meditation,Sleep,10 min Sleep Meditation,2021-12-16 09:00 (CDT),,,,,,,,,,
2021-12-21 19:36 (CDT),On Demand,Kirra Michel,10,Meditation,Relaxation,10 min Relaxing Meditation,2021-12-12 13:08 (CDT),,,,,,,,,,
2021-12-22 11:44 (CDT),On Demand,Ben Alldis,10,Strength,Upper Body,10 min Arms & Shoulders Strength,2021-11-22 02:55 (CDT),,,,,,,60,,,
2021-12-22 11:59 (CDT),On Demand,Emma Lovewell,10,Strength,Core,10 min Core Strength,2021-12-09 08:30 (CDT),,,,,,,60,,,
2021-12-23 15:13 (-06),On Demand,Charlotte Weidenbach,5,Cycling,Warm Up,5 min Warm Up Ride,2021-12-03 06:00 (-06),31,103,35%,92,26.09,2.17,41,,,
2021-12-23 15:19 (-06),On Demand,Mayla Wedekind,30,Cycling,Music,30 min Rock Ride,2021-12-17 00:24 (-06),358,199,53%,75,33.62,16.80,476,,,
2021-12-23 15:51 (-06),On Demand,Bradley Rose,5,Cycling,Cool Down,5 min Cool Down Ride,2021-10-05 23:35 (-06),24,81,34%,85,23.72,1.98,32,,,
2021-12-23 16:29 (-06),On Demand,Charlotte Weidenbach,5,Stretching,Pre & Post-Ride Stretch,5 min Post-Ride Stretch,2021-12-03 06:00 (-06),,,,,,,15,,,
2021-12-24 10:24 (CDT),On Demand,Aditi Shah,10,Meditation,Theme,10 min Seasonal Meditation,2021-12-17 09:09 (CDT),,,,,,,,,,
2021-12-24 12:18 (CDT),On Demand,Ben Alldis,10,Strength,Upper Body,10 min Arms & Shoulders Strength,2021-11-22 02:55 (CDT),,,,,,,60,,,
2021-12-24 12:33 (CDT),On Demand,Ben Alldis,15,Strength,Core,15 min Stacking Stuffer: Core Strength,2021-12-13 07:30 (CDT),,,,,,,89,,,
2021-12-25 10:54 (-06),On Demand,Mila Lazar,30,Cycling,Theme,30 min Festive Ride,2021-12-23 12:00 (-06),282,157,45%,84,30.66,15.34,374,,,
2021-12-25 11:25 (-06),On Demand,Mila Lazar,5,Cycling,Cool Down,5 min Cool Down Ride,2021-12-19 07:30 (-06),25,83,38%,73,23.80,1.98,33,,,
2021-12-25 11:40 (CDT),On Demand,Ben Alldis,10,Strength,Lower Body,10 min Glutes & Legs Strength,2021-11-29 02:25 (CDT),,,,,,,60,,,
2021-12-25 12:48 (-06),On Demand,Jenn Sherman,5,Stretching,Pre & Post-Ride Stretch,5 min Post-Ride Stretch,2021-10-18 09:00 (-06),,,,,,,15,,,
2021-12-25 21:58 (CDT),On Demand,Kristin McGee,5,Yoga,Yoga Anywhere,5 min Chair Yoga,2020-01-24 10:18 (CDT),,,,,,,18,,,
2021-12-26 12:55 (CDT),On Demand,Ben Alldis,10,Strength,Upper Body,10 min Upper Body Strength,2021-12-23 02:24 (CDT),,,,,,,54,,,
2021-12-26 13:11 (CDT),On Demand,Denis Morton,20,Yoga,Flow,20 min Slow Flow,2021-12-05 10:28 (CDT),,,,,,,82,,,
2021-12-27 17:06 (CDT),On Demand,Denis Morton,10,Meditation,Breath,10 min Breathwork,2021-10-22 09:00 (CDT),,,,,,,,,,
2021-12-28 07:42 (-06),On Demand,Jenn Sherman,5,Cycling,Warm Up,5 min Warm Up Ride,2021-09-13 07:00 (-06),28,94,33%,94,24.94,2.08,37,,,
2021-12-28 07:49 (-06),On Demand,Sam Yo,15,Cycling,Climb,15 min Stacking Stuffer: Climb Ride,2021-12-20 07:30 (-06),187,207,59%,69,33.96,8.50,248,,,
2021-12-28 08:07 (-06),On Demand,Denis Morton,15,Cycling,Music,15 min 90s Ride,2021-10-04 09:00 (-06),114,127,39%,90,27.99,7.00,152,,,
2021-12-28 08:24 (CDT),,,6,Cycling,,6 min Just Ride,,47,122,35%,106,28.32,3.04,63,,,
2021-12-28 08:32 (-06),On Demand,Jenn Sherman,5,Cycling,Cool Down,5 min Cool Down Ride,2021-07-12 07:00 (-06),28,95,35%,90,25.48,2.12,38,,,
2021-12-28 08:41 (CDT),On Demand,Ben Alldis,10,Strength,Upper Body,10 min Arms & Shoulders Strength,2021-11-22 02:55 (CDT),,,,,,,60,,,
2021-12-28 08:55 (CDT),On Demand,Jenn Sherman,5,Stretching,Pre & Post-Ride Stretch,5 min Post-Ride Stretch,2021-10-18 10:00 (CDT),,,,,,,15,,,
2021-12-29 09:24 (CDT),On Demand,Ben Alldis,10,Strength,Core,10 min Core Strength,2021-09-30 02:25 (CDT),,,,,,,60,,,
2021-12-30 15:54 (-06),On Demand,Jenn Sherman,45,Cycling,Music,45 min 2000s Ride,2021-12-12 08:25 (-06),454,168,48%,80,31.48,23.61,603,,,
2021-12-30 16:41 (-06),On Demand,Hannah Frankson,5,Cycling,Cool Down,5 min Cool Down Ride,2021-10-02 01:05 (-06),25,84,38%,75,24.04,2.00,34,,,
2021-12-30 16:59 (CDT),On Demand,Ben Alldis,10,Strength,Lower Body,10 min Glutes & Legs Strength,2021-11-29 02:25 (CDT),,,,,,,60,,,
2021-12-30 17:13 (CDT),On Demand,Jenn Sherman,5,Stretching,Pre & Post-Ride Stretch,5 min Post-Ride Stretch,2021-10-18 10:00 (CDT),,,,,,,15,,,
2021-12-31 12:51 (CDT),On Demand,Callie Gullickson,10,Strength,Upper Body,10 min Upper Body Strength,2021-12-11 08:31 (CDT),,,,,,,60,,,
2021-12-31 13:05 (CDT),On Demand,Emma Lovewell,10,Strength,Core,10 min Core Strength,2021-12-16 08:30 (CDT),,,,,,,60,,,
2021-12-31 13:22 (CDT),On Demand,Nico Sarani,10,Meditation,Breath,10 min Breathwork: Alternate Nostril,2021-11-15 09:00 (CDT),,,,,,,,,,
2022-01-01 13:45 (CDT),On Demand,Olivia Amato,10,Strength,Lower Body,10 min Glutes & Legs Strength,2021-11-05 09:00 (CDT),,,,,,,59,,,
2022-01-01 13:57 (CDT),On Demand,Tobias Heinze,10,Stretching,Post-Run Stretch,10 min Post-Run Stretch,2021-12-28 01:55 (CDT),,,,,,,30,,,
2022-01-02 11:34 (CDT),On Demand,Selena Samuela,10,Strength,Upper Body,10 min Arms & Shoulders Strength,2021-12-05 12:40 (CDT),,,,,,,60,,,
2022-01-02 11:49 (CDT),On Demand,Denis Morton,20,Yoga,Focus Flow,20 min Focus Flow: Upper Body,2021-12-05 09:51 (CDT),,,,,,,84,,,
2022-01-03 12:05 (-06),On Demand,Charlotte Weidenbach,5,Cycling,Warm Up,5 min Warm Up Ride,2021-12-23 00:25 (-06),25,85,33%,92,24.06,2.00,34,,,
2022-01-03 12:12 (-06),On Demand,Bradley Rose,15,Cycling,Intervals,15 min HIIT Ride,2021-12-16 14:23 (-06),192,214,51%,83,34.47,8.63,255,,,
2022-01-03 12:29 (-06),On Demand,Erik Jager,15,Cycling,Music,15 min 90s Ride,2021-11-08 11:54 (-06),171,190,50%,78,32.43,8.11,227,,,
2022-01-03 12:45 (-06),On Demand,Cliff Dwenger,5,Cycling,Cool Down,5 min Cool Down Ride,2021-12-28 12:22 (-06),29,99,40%,78,25.57,2.12,39,,,
2022-01-03 13:02 (-06),On Demand,Jenn Sherman,5,Stretching,Pre & Post-Ride Stretch,5 min Post-Ride Stretch,2021-10-18 09:00 (-06),,,,,,,15,,,
2022-01-03 19:25 (CDT),On Demand,Ross Rayburn,10,Meditation,Breath,10 min Breathwork,2021-06-03 07:37 (CDT),,,,,,,,,,
2022-01-04 12:22 (CDT),On Demand,Selena Samuela,10,Strength,Upper Body,10 min Arms & Shoulders Strength,2021-12-05 12:40 (CDT),,,,,,,60,,,
2022-01-04 12:36 (CDT),On Demand,Robin Arzon,15,Strength,Core,15 min Stacking Stuffer: Core Strength,2021-12-06 07:30 (CDT),,,,,,,89,,,
2022-01-04 12:54 (CDT),On Demand,Kristin McGee,10,Meditation,Breath,10 min Breathwork: Ocean Breath,2022-01-01 02:00 (CDT),,,,,,,,,,
2022-01-05 18:45 (CDT),On Demand,Anna Greenberg,10,Meditation,Theme,Zen in Ten,2021-10-30 10:36 (CDT),,,,,,,,,,
2022-01-06 11:59 (-06),On Demand,Matt Wilpers,45,Cycling,Power Zone,45 min Power Zone Endurance Ride,2021-06-16 03:53 (-06),310,115,39%,87,27.39,20.55,412,,,
2022-01-06 12:55 (CDT),On Demand,Olivia Amato,10,Strength,Lower Body,10 min Glutes & Legs Strength,2021-11-05 09:00 (CDT),,,,,,,59,,,
2022-01-06 13:07 (CDT),On Demand,Olivia Amato,5,Stretching,Pre & Post-Ride Stretch,5 min Post-Ride Stretch,2021-12-03 10:00 (CDT),,,,,,,15,,,
2022-01-07 12:51 (CDT),On Demand,Ben Alldis,10,Strength,Upper Body,10 min Upper Body Strength,2021-12-23 02:24 (CDT),,,,,,,54,,,
2022-01-07 13:05 (CDT),On Demand,Andy Speer,10,Strength,Core,10 min Core Strength,2021-08-17 11:41 (CDT),,,,,,,60,,,
2022-01-07 18:59 (CDT),On Demand,Kirra Michel,10,Meditation,Breath,10 min Breathing Meditation,2022-01-06 19:08 (CDT),,,,,,,,,,
2022-01-08 12:17 (-06),On Demand,Mila Lazar,5,Cycling,Warm Up,5 min Warm Up Ride,2021-11-30 06:00 (-06),24,81,32%,89,23.40,1.95,32,,,
2022-01-08 12:27 (-06),On Demand,Mila Lazar,30,Cycling,Music,30 min Hip Hop Ride,2021-12-07 01:25 (-06),348,193,49%,84,33.30,16.64,462,,,
2022-01-08 13:00 (-06),On Demand,Mila Lazar,5,Cycling,Cool Down,5 min Cool Down Ride,2021-12-19 07:30 (-06),24,81,40%,70,23.75,1.96,32,,,
2022-01-08 13:25 (CDT),On Demand,Olivia Amato,5,Stretching,Pre & Post-Ride Stretch,5 min Post-Ride Stretch,2021-12-03 10:00 (CDT),,,,,,,15,,,
2022-01-08 13:31 (CDT),On Demand,Kristin McGee,5,Meditation,Relaxation,5 min Calming Meditation,2022-01-04 10:00 (CDT),,,,,,,,,,
2022-01-08 13:37 (CDT),On Demand,Kristin McGee,5,Meditation,Relaxation,5 min Calming Meditation,2022-01-04 10:00 (CDT),,,,,,,,,,
2022-01-09 15:24 (CDT),On Demand,Nico Sarani,10,Meditation,Sleep,10 min Sleep Meditation,2021-11-15 09:00 (CDT),,,,,,,,,,
2022-01-09 16:39 (CDT),On Demand,Denis Morton,20,Yoga,Slow Flow,20 min Slow Flow,2021-10-24 09:50 (CDT),,,,,,,86,,,
2022-01-09 17:47 (CDT),On Demand,Andy Speer,10,Strength,Lower Body,10 min Glutes & Legs Strength,2021-12-16 08:10 (CDT),,,,,,,59,,,
2022-01-09 18:00 (CDT),On Demand,Chelsea Jackson Roberts,5,Yoga,Yoga Basics,5 min Basics: Pigeon,2021-04-29 15:30 (CDT),,,,,,,24,,,
2022-01-10 06:44 (CDT),On Demand,Kirra Michel,10,Meditation,Breath,10 min Breathing Meditation,2022-01-06 19:08 (CDT),,,,,,,,,,
2022-01-10 14:57 (CDT),On Demand,Ben Alldis,10,Strength,Upper Body,10 min Upper Body Strength,2021-12-23 02:24 (CDT),,,,,,,54,,,
2022-01-10 22:14 (CDT),On Demand,Kristin McGee,10,Meditation,Sleep,10 min Sleep Meditation,2021-06-03 09:00 (CDT),,,,,,,,,,
2022-01-11 06:23 (CDT),On Demand,Cody Rigsby,10,Meditation,Theme,10 min Seasonal Meditation,2022-01-07 09:00 (CDT),,,,,,,,,,
2022-01-11 18:26 (-06),On Demand,Bradley Rose,30,Cycling,Music,30 min 2000s Rock Ride,2022-01-05 12:24 (-06),240,133,43%,83,29.18,14.60,319,,,
2022-01-11 18:57 (-06),On Demand,Bradley Rose,5,Cycling,Cool Down,5 min Cool Down Ride,2021-10-05 23:35 (-06),25,84,34%,88,24.22,2.01,33,,,
2022-01-11 19:08 (CDT),On Demand,Andy Speer,10,Strength,Core,10 min Core Strength,2021-08-17 11:41 (CDT),,,,,,,60,,,
2022-01-11 19:21 (CDT),On Demand,Matt Wilpers,5,Stretching,Pre & Post-Ride Stretch,5 min Post-Ride Stretch,2022-01-06 10:00 (CDT),,,,,,,15,,,
2022-01-12 18:44 (CDT),On Demand,Kirra Michel,10,Meditation,Emotions,10 min Kindness Meditation,2022-01-07 09:00 (CDT),,,,,,,,,,
2022-01-13 17:47 (CDT),On Demand,Kirra Michel,10,Meditation,Breath,10 min Breathing Meditation,2022-01-06 19:08 (CDT),,,,,,,,,,
2022-01-14 21:03 (CDT),On Demand,Ross Rayburn,10,Meditation,Relaxation,10 min Calming Meditation,2022-01-12 07:37 (CDT),,,,,,,,,,
2022-01-15 13:00 (-06),On Demand,Hannah Frankson,5,Cycling,Warm Up,5 min Warm Up Ride,2021-12-23 00:00 (-06),29,96,33%,95,25.17,2.09,38,,,
2022-01-15 13:08 (-06),On Demand,Hannah Frankson,20,Cycling,Intervals,20 min HIIT Ride,2021-10-18 00:25 (-06),236,197,47%,89,33.46,11.15,314,,,
2022-01-15 13:31 (-06),On Demand,Mila Lazar,15,Cycling,Music,15 min Hip Hop Ride,2022-01-05 01:52 (-06),113,126,42%,83,27.89,6.98,150,,,
2022-01-15 13:49 (-06),On Demand,Hannah Frankson,5,Cycling,Cool Down,5 min Cool Down Ride,2021-10-02 01:05 (-06),24,79,39%,71,23.40,1.95,32,,,
2022-01-15 14:08 (CDT),On Demand,Ben Alldis,10,Strength,Upper Body,10 min Arms & Shoulders Strength,2022-01-05 06:25 (CDT),,,,,,,60,,,
2022-01-15 14:21 (CDT),On Demand,Robin Arzon,5,Stretching,Pre & Post-Ride Stretch,5 min Post-Ride Stretch,2021-11-22 10:00 (CDT),,,,,,,15,,,
2022-01-16 12:55 (CDT),On Demand,Ben Alldis,10,Strength,Lower Body,10 min Glutes & Legs Strength,2022-01-05 05:54 (CDT),,,,,,,60,,,
2022-01-16 13:11 (CDT),On Demand,Robin Arzon,15,Strength,Core,15 min Stacking Stuffer: Core Strength,2021-12-06 07:30 (CDT),,,,,,,89,,,
2022-01-17 12:36 (-06),On Demand,Matt Wilpers,60,Cycling,Power Zone,60 min Power Zone Endurance Ride,2021-11-20 06:52 (-06),484,135,41%,87,29.24,29.24,643,,,
2022-01-17 13:44 (-06),On Demand,Matt Wilpers,5,Stretching,Pre & Post-Ride Stretch,5 min Post-Ride Stretch,2022-01-06 10:00 (-06),,,,,,,15,,,
2022-01-17 15:00 (CDT),On Demand,Kirra Michel,10,Meditation,Theme,10 min Seasonal Meditation,2021-12-23 09:00 (CDT),,,,,,,,,,
2022-01-18 11:46 (CDT),On Demand,Ben Alldis,10,Strength,Upper Body,10 min Arms & Shoulders Strength,2022-01-05 06:25 (CDT),,,,,,,60,,,
2022-01-18 12:02 (CDT),On Demand,Ben Alldis,10,Strength,Lower Body,10 min Glutes & Legs Strength,2022-01-05 05:54 (CDT),,,,,,,60,,,
2022-01-19 18:57 (CDT),On Demand,Anna Greenberg,10,Meditation,Relaxation,10 min Relaxing Meditation,2022-01-18 17:35 (CDT),,,,,,,,,,
2022-01-20 12:07 (-06),On Demand,Ben Alldis,10,Cycling,Power Zone,10 min FTP Warm Up Ride,2021-05-03 23:00 (-06),69,116,36%,92,27.00,4.51,92,,,
2022-01-20 12:19 (-06),On Demand,Matt Wilpers,20,Cycling,Power Zone,20 min FTP Test Ride,2021-01-03 07:45 (-06),247,206,52%,79,34.68,11.56,328,,,
2022-01-20 12:44 (-06),On Demand,Matt Wilpers,5,Cycling,Cool Down,5 min Cool Down Ride,2022-01-06 10:00 (-06),19,64,30%,87,21.55,1.79,26,,,
2022-01-20 12:52 (-06),On Demand,Matt Wilpers,5,Stretching,Pre & Post-Ride Stretch,5 min Post-Ride Stretch,2022-01-06 10:00 (-06),,,,,,,15,,,
2022-01-22 12:29 (-06),On Demand,Matt Wilpers,60,Cycling,Power Zone,60 min Power Zone Endurance Ride,2021-12-11 06:52 (-06),517,144,42%,89,29.98,29.98,686,,,
2022-01-22 13:30 (-06),On Demand,Cody Rigsby,5,Cycling,Cool Down,5 min Cool Down Ride,2022-01-17 10:00 (-06),28,92,39%,76,24.98,2.08,37,,,
2022-01-22 13:36 (-06),On Demand,Cody Rigsby,5,Stretching,Pre & Post-Ride Stretch,5 min Post-Ride Stretch,2022-01-17 10:00 (-06),,,,,,,15,,,
2022-01-22 13:48 (CDT),On Demand,Callie Gullickson,10,Strength,Core,10 min Core Strength,2022-01-08 07:52 (CDT),,,,,,,60,,,
2022-01-23 13:31 (CDT),On Demand,Robin Arzon,15,Strength,Upper Body,15 min Upper Body Strength,2021-05-24 09:00 (CDT),,,,,,,89,,,
2022-01-23 13:49 (CDT),On Demand,Olivia Amato,10,Strength,Lower Body,10 min Glutes & Legs Strength,2021-11-05 09:00 (CDT),,,,,,,59,,,
2022-01-23 14:02 (CDT),On Demand,Ben Alldis,5,Stretching,Lower Body Stretch,5 min Lower Body Stretch,2021-06-01 13:15 (CDT),,,,,,,15,,,
2022-01-24 06:50 (CDT),On Demand,Denis Morton,10,Meditation,Breath,10 min Breathwork,2022-01-21 09:00 (CDT),,,,,,,,,,
2022-01-25 11:40 (CDT),On Demand,Ben Alldis,10,Strength,Core,10 min Core Strength,2021-12-23 02:55 (CDT),,,,,,,59,,,
2022-01-25 11:56 (-06),On Demand,Mayla Wedekind,5,Cycling,Warm Up,5 min Warm Up Ride,2021-12-03 00:25 (-06),29,98,34%,93,25.56,2.12,39,,,
2022-01-25 12:03 (-06),On Demand,Mayla Wedekind,15,Cycling,Climb,15 min Climb Ride,2021-05-25 09:55 (-06),207,230,60%,71,35.95,8.98,275,,,
2022-01-25 12:21 (-06),On Demand,Mila Lazar,15,Cycling,Music,15 min Classic Rock Ride,2022-01-20 12:25 (-06),112,124,45%,68,25.62,6.41,149,,,
2022-01-25 12:36 (-06),On Demand,Mila Lazar,5,Cycling,Cool Down,5 min Cool Down Ride,2021-12-19 07:30 (-06),34,115,40%,82,27.31,2.27,46,,,
2022-01-25 12:44 (-06),On Demand,Mila Lazar,5,Stretching,Pre & Post-Ride Stretch,5 min Post-Ride Stretch,2021-11-30 06:00 (-06),,,,,,,15,,,
2022-01-26 12:33 (CDT),On Demand,Ben Alldis,20,Strength,Full Body,20 min Full Body Strength,2022-01-11 03:30 (CDT),,,,,,,119,,,
2022-01-26 18:39 (CDT),On Demand,Kirra Michel,10,Meditation,Emotions,10 min Acceptance Meditation,2022-01-18 19:08 (CDT),,,,,,,,,,
2022-01-26 23:23 (CDT),On Demand,Aditi Shah,10,Meditation,Sleep,10 min Sleep Meditation,2021-10-06 09:00 (CDT),,,,,,,,,,
2022-01-27 11:28 (CDT),On Demand,Emma Lovewell,10,Strength,Core,10 min Core Strength,2021-11-18 08:30 (CDT),,,,,,,59,,,
2022-01-27 11:47 (-06),On Demand,Olivia Amato,45,Cycling,Power Zone,45 min Power Zone Endurance Ride,2021-01-22 10:23 (-06),380,141,42%,88,29.79,22.35,504,,,
2022-01-27 12:32 (-06),On Demand,Olivia Amato,5,Cycling,Cool Down,5 min Cool Down Ride,2021-12-03 10:00 (-06),32,107,41%,76,26.18,2.20,43,,,
2022-01-27 12:39 (-06),On Demand,Olivia Amato,5,Stretching,Pre & Post-Ride Stretch,5 min Post-Ride Stretch,2021-12-03 10:00 (-06),,,,,,,15,,,
2022-01-29 11:22 (CDT),On Demand,Susie Chan,5,Stretching,Post-Run Stretch,5 min Post-Run Stretch,2022-01-25 03:12 (CDT),,,,,,,16,,,
2022-01-30 11:10 (CDT),On Demand,Jess Sims,30,Strength,Full Body,30 min Full Body Strength,2022-01-06 09:00 (CDT),,,,,,,178,,,
2022-01-30 11:46 (CDT),On Demand,Robin Arzon,10,Stretching,Full Body Stretch,10 min Ed Sheeran Full Body Stretch,2021-09-17 09:00 (CDT),,,,,,,30,,,
2022-01-30 11:59 (CDT),On Demand,Kristin McGee,5,Meditation,Theme,5 min Seasonal Meditation,2022-01-27 09:00 (CDT),,,,,,,,,,
2022-02-01 11:56 (-06),On Demand,Olivia Amato,5,Cycling,Warm Up,5 min Warm Up Ride,2021-03-04 08:00 (-06),27,91,33%,92,24.67,2.04,36,,,
2022-02-01 12:03 (-06),On Demand,Olivia Amato,30,Cycling,Intervals,30 min HIIT & Hills Ride,2021-11-08 06:23 (-06),358,199,54%,76,33.67,16.83,476,,,
2022-02-01 12:36 (-06),On Demand,Olivia Amato,5,Cycling,Cool Down,5 min Cool Down Ride,2021-03-04 08:00 (-06),26,87,39%,76,23.79,2.00,35,,,
2022-02-01 12:51 (-06),On Demand,Olivia Amato,5,Stretching,Pre & Post-Ride Stretch,5 min Post-Ride Stretch,2021-12-03 10:00 (-06),,,,,,,15,,,
2022-02-01 17:32 (CDT),On Demand,Kristin McGee,5,Meditation,Relaxation,5 min Calming Meditation,2022-01-24 07:36 (CDT),,,,,,,,,,
2022-02-01 17:38 (CDT),On Demand,Kristin McGee,5,Meditation,Relaxation,5 min Calming Meditation,2022-01-24 07:36 (CDT),,,,,,,,,,
2022-02-02 06:02 (CDT),On Demand,Ben Alldis,30,Strength,Full Body,30 min Full Body Strength,2022-01-24 05:54 (CDT),,,,,,,178,,,
2022-02-02 06:40 (CDT),On Demand,Ben Alldis,10,Stretching,Full Body Stretch,10 min Red (Taylor's Version) Stretch,2021-12-25 04:00 (CDT),,,,,,,30,,,
2022-02-02 19:18 (CDT),On Demand,Aditi Shah,10,Meditation,Breath,10 min Breathing Meditation,2022-02-01 10:00 (CDT),,,,,,,,,,
2022-02-03 03:14 (CDT),On Demand,Kristin McGee,10,Meditation,Sleep,10 min Sleep Meditation,2021-12-16 09:00 (CDT),,,,,,,,,,
2022-02-03 16:05 (-06),On Demand,Denis Morton,45,Cycling,Power Zone,45 min Power Zone Ride,2021-11-16 15:52 (-06),393,146,44%,83,29.71,22.29,522,,,
2022-02-03 16:50 (-06),On Demand,Hannah Corbin,5,Cycling,Cool Down,5 min Cool Down Ride,2022-01-18 15:45 (-06),28,94,39%,76,25.40,2.11,38,,,
2022-02-03 16:56 (-06),On Demand,Benny Adami,5,Stretching,Pre & Post-Ride Stretch,5 min Post-Ride Stretch,2022-01-10 03:08 (-06),,,,,,,15,,,
2022-02-05 10:25 (-06),On Demand,Mila Lazar,5,Cycling,Warm Up,5 min Warm Up Ride,2021-11-30 06:00 (-06),26,88,33%,94,24.72,2.06,35,,,
2022-02-05 10:33 (-06),On Demand,Mayla Wedekind,10,Cycling,Climb,10 min Climb Ride,2022-02-04 01:52 (-06),153,255,61%,74,37.27,6.21,203,,,
2022-02-05 10:45 (-06),On Demand,Mila Lazar,30,Cycling,Music,30 min 80s Ride,2022-01-20 11:00 (-06),261,145,44%,86,29.92,14.97,346,,,
2022-02-05 11:16 (-06),On Demand,Mayla Wedekind,5,Cycling,Cool Down,5 min Cool Down Ride,2022-02-04 03:02 (-06),30,101,40%,77,25.88,2.14,40,,,
2022-02-05 11:24 (-06),On Demand,Benny Adami,5,Stretching,Pre & Post-Ride Stretch,5 min Post-Ride Stretch,2022-01-10 03:08 (-06),,,,,,,15,,,
2022-02-06 10:42 (CDT),On Demand,Ben Alldis,30,Strength,Full Body,30 min Full Body Strength,2022-01-24 05:54 (CDT),,,,,,,178,,,
2022-02-06 11:17 (CDT),On Demand,Ben Alldis,10,Stretching,Full Body Stretch,10 min Red (Taylor's Version) Stretch,2021-12-25 04:00 (CDT),,,,,,,30,,,
2022-02-06 19:44 (CDT),On Demand,Tunde Oyeneyin,5,Cycling,Warm Up,5 min Warm Up Ride,2022-02-01 10:00 (CDT),0,0,0%,0,0,0,0,,,
2022-02-08 12:46 (-06),On Demand,Matt Wilpers,45,Cycling,Power Zone,45 min Power Zone Max Ride,2020-09-02 04:17 (-06),426,158,44%,84,30.35,22.77,565,,,
2022-02-08 13:36 (-06),On Demand,Hannah Frankson,5,Cycling,Cool Down,5 min Cool Down Ride,2022-02-07 01:00 (-06),31,102,39%,81,25.94,2.16,41,,,
2022-02-08 13:46 (-06),On Demand,Cody Rigsby,5,Stretching,Pre & Post-Ride Stretch,5 min Post-Ride Stretch,2022-01-17 10:00 (-06),,,,,,,15,,,
2022-02-09 13:28 (CDT),On Demand,Ben Alldis,30,Strength,Full Body,30 min Full Body Strength,2022-01-24 05:54 (CDT),,,,,,,178,,,
2022-02-09 14:00 (CDT),On Demand,Ben Alldis,10,Stretching,Full Body Stretch,10 min Red (Taylor's Version) Stretch,2021-12-25 04:00 (CDT),,,,,,,29,,,
2022-02-09 19:43 (CDT),On Demand,Anna Greenberg,5,Meditation,Relaxation,5 min Relaxing Meditation,2022-02-01 17:35 (CDT),,,,,,,,,,
2022-02-09 19:48 (CDT),On Demand,Anna Greenberg,5,Meditation,Relaxation,5 min Relaxing Meditation,2022-02-01 17:35 (CDT),,,,,,,,,,
2022-02-10 11:57 (-06),On Demand,Tunde Oyeneyin,5,Cycling,Warm Up,5 min Warm Up Ride,2022-02-01 10:00 (-06),30,101,35%,90,25.93,2.16,40,,,
2022-02-10 12:04 (-06),On Demand,Leanne Hainsby-Alldis,30,Cycling,Music,30 min 2000s Rock Ride,2022-02-02 01:25 (-06),356,197,48%,88,33.84,16.93,472,,,
2022-02-10 12:37 (-06),On Demand,Denis Morton,5,Cycling,Cool Down,5 min Cool Down Ride,2021-09-20 07:00 (-06),18,59,33%,73,20.17,1.69,24,,,
2022-02-10 12:51 (-06),On Demand,Hannah Frankson,5,Stretching,Pre & Post-Ride Stretch,5 min Post-Ride Stretch,2022-02-07 01:00 (-06),,,,,,,15,,,
2022-02-12 10:43 (-06),On Demand,Matt Wilpers,60,Cycling,Power Zone,60 min Power Zone Endurance Ride,2022-01-29 06:54 (-06),537,149,42%,89,30.48,30.48,712,,,
2022-02-12 11:44 (-06),On Demand,Mayla Wedekind,5,Cycling,Cool Down,5 min Cool Down Ride,2022-01-11 11:32 (-06),33,109,40%,82,26.63,2.20,43,,,
2022-02-12 11:51 (-06),On Demand,Mayla Wedekind,5,Stretching,Pre & Post-Ride Stretch,5 min Post-Ride Stretch,2022-01-28 03:18 (-06),,,,,,,15,,,
2022-02-12 11:58 (-06),On Demand,Matt Wilpers,5,Stretching,Pre & Post-Ride Stretch,5 min Post-Ride Stretch,2022-01-06 10:00 (-06),,,,,,,15,,,
2022-02-12 12:08 (CDT),On Demand,Anna Greenberg,10,Meditation,Breath,10 min Breathing Meditation,2022-02-05 10:37 (CDT),,,,,,,,,,
2022-02-13 10:54 (CDT),On Demand,Ben Alldis,30,Strength,Full Body,30 min Full Body Strength,2021-11-01 03:24 (CDT),,,,,,,178,,,
2022-02-13 11:25 (CDT),On Demand,Ben Alldis,10,Stretching,Full Body Stretch,10 min Full Body Stretch,2021-11-08 02:57 (CDT),,,,,,,30,,,
2022-02-13 20:12 (CDT),On Demand,Anna Greenberg,5,Meditation,Relaxation,5 min Relaxing Meditation,2022-02-01 17:35 (CDT),,,,,,,,,,
2022-02-14 19:51 (CDT),On Demand,Nico Sarani,10,Meditation,Relaxation,10 min Relaxing Meditation,2022-02-14 09:00 (CDT),,,,,,,,,,
2022-02-15 11:54 (-06),On Demand,Ben Alldis,10,Cycling,Power Zone,10 min FTP Warm Up Ride,2021-05-03 23:00 (-06),65,108,34%,93,25.78,4.31,86,,,
2022-02-15 12:06 (-06),On Demand,Matt Wilpers,20,Cycling,Power Zone,20 min FTP Test Ride,2021-01-03 07:45 (-06),265,221,51%,85,35.61,11.88,352,,,
2022-02-15 12:33 (-06),On Demand,Emma Lovewell,5,Cycling,Cool Down,5 min Cool Down Ride,2022-01-26 10:00 (-06),22,72,33%,81,22.55,1.88,29,,,
2022-02-15 12:41 (-06),On Demand,Cody Rigsby,5,Stretching,Pre & Post-Ride Stretch,5 min Post-Ride Stretch,2022-01-17 10:00 (-06),,,,,,,15,,,
2022-02-16 12:27 (CDT),On Demand,Ben Alldis,30,Strength,Full Body,30 min Full Body Strength,2021-11-01 03:24 (CDT),,,,,,,178,,,
2022-02-16 13:01 (CDT),On Demand,Ben Alldis,10,Stretching,Full Body Stretch,10 min Full Body Stretch,2021-11-08 02:57 (CDT),,,,,,,30,,,
2022-02-17 16:32 (CDT),On Demand,Kristin McGee,5,Yoga,Yoga Anywhere,5 min Chair Yoga,2020-01-24 10:18 (CDT),,,,,,,18,,,
2022-02-18 12:21 (-06),On Demand,Olivia Amato,45,Cycling,Power Zone,45 min Power Zone Endurance Ride,2022-02-12 06:51 (-06),408,151,41%,93,30.61,22.97,541,,,
2022-02-18 13:08 (-06),On Demand,Mila Lazar,5,Cycling,Cool Down,5 min Cool Down Ride,2021-12-19 07:30 (-06),39,129,42%,83,28.81,2.40,51,,,
2022-02-18 13:16 (-06),On Demand,Mila Lazar,5,Stretching,Pre & Post-Ride Stretch,5 min Post-Ride Stretch,2022-02-15 00:49 (-06),,,,,,,15,,,
2022-02-19 11:29 (CDT),On Demand,Daniel McKenna,30,Strength,Full Body,30 min Full Body Strength,2022-01-31 08:50 (CDT),,,,,,,178,,,
2022-02-19 12:02 (CDT),On Demand,Jess Sims,10,Stretching,Full Body Stretch,10 min Full Body Stretch,2021-05-03 09:00 (CDT),,,,,,,30,,,
2022-02-19 12:13 (CDT),On Demand,Kirra Michel,5,Meditation,Relaxation,5 min Calming Meditation,2022-02-11 09:00 (CDT),,,,,,,,,,
2022-02-20 17:51 (CDT),On Demand,Selena Samuela,5,Stretching,Post-Run Stretch,5 min Post-Run Stretch,2022-01-21 09:00 (CDT),,,,,,,15,,,
2022-02-21 10:00 (CDT),On Demand,Anna Greenberg,10,Meditation,Mindfulness,10 min Witness Meditation,2022-02-15 10:00 (CDT),,,,,,,,,,
2022-02-22 12:10 (-06),On Demand,Mayla Wedekind,5,Cycling,Warm Up,5 min Warm Up Ride,2022-02-18 02:40 (-06),26,86,35%,78,21.92,1.82,34,,,
2022-02-22 12:17 (-06),On Demand,Mayla Wedekind,30,Cycling,Intervals,30 min HIIT & Hills Ride,2022-01-25 11:10 (-06),416,231,58%,76,35.84,17.93,552,,,
2022-02-22 12:54 (-06),On Demand,Mila Lazar,5,Cycling,Cool Down,5 min Cool Down Ride,2021-12-19 07:30 (-06),27,91,45%,68,24.41,2.01,36,,,
2022-02-22 13:04 (-06),On Demand,Bradley Rose,5,Stretching,Pre & Post-Ride Stretch,5 min Post-Ride Stretch,2022-02-21 01:00 (-06),,,,,,,15,,,
2022-02-23 16:04 (CDT),On Demand,Kristin McGee,5,Yoga,Yoga Anywhere,5 min Chair Yoga,2020-01-24 10:18 (CDT),,,,,,,18,,,
2022-02-24 13:25 (CDT),On Demand,Daniel McKenna,30,Strength,Full Body,30 min Full Body Strength,2022-01-31 08:50 (CDT),,,,,,,177,,,
2022-02-24 13:57 (CDT),On Demand,Ben Alldis,10,Stretching,Full Body Stretch,10 min Full Body Stretch,2021-11-08 02:57 (CDT),,,,,,,30,,,
2022-02-25 12:34 (-06),On Demand,Bradley Rose,5,Cycling,Warm Up,5 min Warm Up Ride,2022-02-21 01:00 (-06),41,138,40%,90,29.35,2.45,55,,,
2022-02-25 12:41 (-06),On Demand,Bradley Rose,15,Cycling,Intervals,15 min HIIT Ride,2021-11-05 12:52 (-06),209,233,53%,84,36.18,9.04,277,,,
2022-02-25 12:58 (-06),On Demand,Sam Yo,15,Cycling,Music,15 min 2010s Ride,2022-02-08 12:52 (-06),145,161,48%,78,30.80,7.69,192,,,
2022-02-25 13:14 (-06),On Demand,Hannah Frankson,5,Cycling,Cool Down,5 min Cool Down Ride,2022-02-07 01:00 (-06),30,101,37%,86,25.80,2.14,40,,,
2022-02-25 13:21 (-06),On Demand,Hannah Corbin,5,Stretching,Pre & Post-Ride Stretch,5 min Post-Ride Stretch,2022-01-15 10:00 (-06),,,,,,,15,,,
2022-02-26 20:37 (CDT),On Demand,Kristin McGee,5,Yoga,Yoga Anywhere,5 min Chair Yoga,2020-01-24 10:18 (CDT),,,,,,,18,,,
2022-02-27 10:45 (-06),On Demand,Denis Morton,45,Cycling,Power Zone,45 min Power Zone Endurance Ride,2021-11-02 14:52 (-06),398,148,43%,86,30.26,22.69,528,,,
2022-02-27 11:31 (-06),On Demand,Denis Morton,5,Cycling,Cool Down,5 min Cool Down Ride,2021-09-20 07:00 (-06),20,66,31%,83,21.61,1.80,26,,,
2022-02-27 11:40 (-06),On Demand,Leanne Hainsby-Alldis,5,Stretching,Pre & Post-Ride Stretch,5 min Post-Ride Stretch,2021-12-07 01:00 (-06),,,,,,,15,,,
2022-02-28 12:31 (CDT),On Demand,Daniel McKenna,30,Strength,Full Body,30 min Full Body Strength,2022-02-28 08:49 (CDT),,,,,,,178,,,
2022-02-28 13:03 (CDT),On Demand,Ben Alldis,10,Stretching,Full Body Stretch,10 min Full Body Stretch,2021-11-08 02:57 (CDT),,,,,,,30,,,
2022-03-01 11:45 (-06),On Demand,Mila Lazar,45,Cycling,Music,45 min New Wave Ride,2021-12-15 10:54 (-06),496,184,49%,83,32.69,24.51,658,,,
2022-03-01 12:32 (-06),On Demand,Mila Lazar,5,Cycling,Cool Down,5 min Cool Down Ride,2021-12-19 07:30 (-06),24,81,37%,74,23.56,1.95,32,,,
2022-03-01 12:44 (-06),On Demand,Denis Morton,5,Stretching,Pre & Post-Ride Stretch,5 min Post-Ride Stretch,2022-02-28 10:00 (-06),,,,,,,15,,,
2022-03-02 20:07 (CDT),On Demand,Kristin McGee,5,Yoga,Yoga Anywhere,5 min Chair Yoga,2020-01-24 10:18 (CDT),,,,,,,18,,,
2022-03-03 06:57 (CDT),On Demand,Kirra Michel,10,Meditation,Emotions,10 min Kindness Meditation,2022-02-22 19:08 (CDT),,,,,,,,,,
2022-03-05 10:10 (CDT),On Demand,Kristin McGee,10,Meditation,Sleep,10 min Sleep Meditation,2022-03-03 09:00 (CDT),,,,,,,,,,
2022-03-05 14:55 (CDT),On Demand,Kristin McGee,10,Meditation,Sleep,10 min Sleep Meditation,2021-09-30 09:00 (CDT),,,,,,,,,,
2022-03-05 22:52 (CDT),On Demand,Kristin McGee,10,Meditation,Sleep,10 min Sleep Meditation,2021-12-16 09:00 (CDT),,,,,,,,,,
2022-03-06 15:43 (CDT),On Demand,Kristin McGee,10,Meditation,Sleep,10 min Sleep Meditation,2021-12-16 09:00 (CDT),,,,,,,,,,
2022-03-08 12:19 (-06),On Demand,Bradley Rose,30,Cycling,Low Impact,30 min Low Impact Ride,2022-02-12 05:53 (-06),199,110,39%,85,27.04,13.52,263,,,
2022-03-08 13:52 (CDT),On Demand,Jenn Sherman,5,Stretching,Pre & Post-Ride Stretch,5 min Post-Ride Stretch,2021-10-18 10:00 (CDT),,,,,,,15,,,
2022-03-09 02:33 (CDT),On Demand,Kristin McGee,10,Meditation,Sleep,10 min Sleep Meditation,2021-12-16 09:00 (CDT),,,,,,,,,,
2022-03-09 12:39 (CDT),On Demand,Ben Alldis,10,Strength,Upper Body,10 min Arms & Shoulders Strength,2022-03-09 06:35 (CDT),,,,,,,59,,,
2022-03-10 12:16 (-06),On Demand,Ben Alldis,45,Cycling,Power Zone,45 min Power Zone Endurance Rock Ride,2021-12-05 05:55 (-06),378,140,42%,87,29.60,22.19,501,,,
2022-03-10 13:04 (-06),On Demand,Cody Rigsby,5,Stretching,Pre & Post-Ride Stretch,5 min Post-Ride Stretch,2022-01-17 10:00 (-06),,,,,,,15,,,
2022-03-11 12:04 (CDT),On Demand,Andy Speer,10,Strength,Core,10 min Core Strength,2022-03-03 08:01 (CDT),,,,,,,59,,,
2022-03-11 12:18 (CDT),On Demand,Ben Alldis,10,Strength,Lower Body,10 min Glutes & Legs Strength,2022-01-05 05:54 (CDT),,,,,,,59,,,
2022-03-13 13:12 (-05),On Demand,Mila Lazar,5,Cycling,Warm Up,5 min Warm Up Ride,2022-02-02 03:23 (-05),35,117,37%,91,27.49,2.29,46,,,
2022-03-13 13:19 (-05),On Demand,Charlotte Weidenbach,30,Cycling,Music,30 min Rock Ride,2022-02-11 13:12 (-05),331,184,49%,83,32.93,16.46,439,,,
2022-03-13 13:49 (-05),On Demand,Erik Jager,5,Cycling,Cool Down,5 min Cool Down Ride,2022-03-13 09:26 (-05),26,88,38%,76,24.67,2.04,35,,,
2022-03-13 13:57 (-05),On Demand,Bradley Rose,5,Stretching,Pre & Post-Ride Stretch,5 min Post-Ride Stretch,2021-08-13 09:43 (-05),,,,,,,15,,,
2022-03-14 07:45 (CDT),On Demand,Ben Alldis,10,Strength,Upper Body,10 min Arms & Shoulders Strength,2022-03-09 06:35 (CDT),,,,,,,59,,,
2022-03-14 08:00 (CDT),On Demand,Daniel McKenna,10,Strength,Core,10 min Core Strength,2022-02-28 09:42 (CDT),,,,,,,59,,,
2022-03-19 14:26 (CDT),On Demand,Daniel McKenna,5,Stretching,Post-Run Stretch,5 min Post-Run Stretch,2022-02-22 09:00 (CDT),,,,,,,15,,,
2022-03-19 14:35 (CDT),On Demand,Cody Rigsby,5,Meditation,Theme,5 min Post-Ride Meditation,2022-03-04 09:00 (CDT),,,,,,,,,,
2022-03-20 13:08 (CDT),On Demand,Daniel McKenna,30,Strength,Full Body,30 min Full Body Strength,2022-03-19 11:49 (CDT),,,,,,,178,,,
2022-03-20 13:40 (CDT),On Demand,Ben Alldis,10,Stretching,Full Body Stretch,10 min Full Body Stretch,2021-11-08 02:57 (CDT),,,,,,,30,,,
2022-03-20 16:07 (CDT),On Demand,Kristin McGee,15,Meditation,Sleep,15 min Sleep Meditation,2021-10-28 09:00 (CDT),,,,,,,,,,
2022-03-20 23:20 (CDT),On Demand,Nico Sarani,10,Meditation,Sleep,10 min Sleep Meditation,2022-02-28 09:00 (CDT),,,,,,,,,,
2022-03-21 19:40 (CDT),On Demand,Kristin McGee,10,Yoga,Yoga Anywhere,10 min Chair Yoga,2022-01-06 09:00 (CDT),,,,,,,47,,,
2022-03-21 23:44 (CDT),On Demand,Nico Sarani,10,Meditation,Sleep,10 min Sleep Meditation,2022-02-28 09:00 (CDT),,,,,,,,,,
2022-03-22 11:44 (-05),On Demand,Matt Wilpers,45,Cycling,Power Zone,45 min Power Zone Endurance 90s Ride,2022-02-23 05:54 (-05),400,148,43%,87,30.26,22.71,472,122.83,,
2022-03-22 12:30 (-05),On Demand,Olivia Amato,5,Cycling,Cool Down,5 min Cool Down Ride,2022-03-11 11:00 (-05),26,84,35%,85,24.04,2.01,48,118.15,,
2022-03-22 12:36 (-05),On Demand,Matt Wilpers,5,Stretching,Pre & Post-Ride Stretch,5 min Post-Ride Stretch,2021-08-16 08:00 (-05),,,,,,,28,92.45,,
2022-03-22 21:12 (CDT),On Demand,Nico Sarani,10,Meditation,Sleep,10 min Sleep Meditation,2022-02-28 09:00 (CDT),,,,,,,,,,
2022-03-23 13:34 (CDT),On Demand,Jess Sims,15,Strength,Full Body,Flash 15,2022-03-18 08:08 (CDT),,,,,,,89,,,
2022-03-24 12:08 (-05),On Demand,Bradley Rose,5,Cycling,Warm Up,5 min Warm Up Ride,2022-02-21 02:00 (-05),38,129,38%,94,28.66,2.38,38,104.74,,
2022-03-24 12:14 (-05),On Demand,Bradley Rose,30,Cycling,Music,30 min 90s Rock Ride,2022-03-16 13:24 (-05),347,193,50%,83,33.72,16.85,402,142.26,,
2022-03-24 12:47 (-05),On Demand,Bradley Rose,5,Cycling,Cool Down,5 min Cool Down Ride,2021-10-06 00:35 (-05),23,78,33%,88,23.50,1.95,49,124.62,,
2022-03-24 12:59 (-05),On Demand,Bradley Rose,5,Stretching,Pre & Post-Ride Stretch,5 min Post-Ride Stretch,2022-02-21 02:00 (-05),,,,,,,15,,,
2022-03-26 16:48 (-05),On Demand,Mila Lazar,5,Cycling,Warm Up,5 min Warm Up Ride,2022-02-02 03:23 (-05),27,110,36%,94,26.65,1.80,36,,,
2022-03-26 16:54 (-05),On Demand,Mayla Wedekind,45,Cycling,Music,45 min German Pop Ride,2021-07-15 10:55 (-05),557,206,50%,84,34.62,25.97,609,143.35,,
2022-03-26 17:39 (-05),On Demand,Mayla Wedekind,5,Cycling,Cool Down,5 min Cool Down Ride,2022-02-04 04:02 (-05),33,112,42%,76,27.00,2.24,60,137.57,,
2022-03-26 17:48 (-05),On Demand,Ben Alldis,5,Stretching,Pre & Post-Ride Stretch,5 min Post-Ride Stretch,2022-03-25 02:00 (-05),,,,,,,46,116.66,,
2022-03-26 22:49 (CDT),On Demand,Anna Greenberg,10,Meditation,Sleep,10 min Sleep Meditation,2021-03-11 09:00 (CDT),,,,,,,,,,
2022-03-27 12:41 (CDT),On Demand,Daniel McKenna,30,Strength,Full Body,30 min Full Body Strength,2022-01-31 08:50 (CDT),,,,,,,178,,,
2022-03-27 13:16 (CDT),On Demand,Ben Alldis,10,Stretching,Full Body Stretch,10 min Full Body Stretch,2021-11-08 02:57 (CDT),,,,,,,30,,,
2022-03-27 15:13 (CDT),On Demand,Anna Greenberg,10,Meditation,Sleep,10 min Sleep Meditation,2021-03-11 09:00 (CDT),,,,,,,,,,
2022-03-27 22:49 (CDT),On Demand,Nico Sarani,10,Meditation,Sleep,10 min Sleep Meditation,2022-02-28 09:00 (CDT),,,,,,,,,,
2022-03-29 11:51 (-05),On Demand,Denis Morton,45,Cycling,Power Zone,45 min Power Zone Ride,2022-03-02 09:50 (-05),404,149,42%,86,29.77,22.39,453,120.12,,
2022-03-29 12:37 (-05),On Demand,Denis Morton,5,Cycling,Cool Down,5 min Cool Down Ride,2022-03-14 10:00 (-05),17,58,28%,88,20.45,1.71,42,111.21,,
2022-03-29 12:43 (-05),On Demand,Denis Morton,5,Stretching,Pre & Post-Ride Stretch,5 min Post-Ride Stretch,2022-02-28 11:00 (-05),,,,,,,38,105.64,,
2022-03-29 21:52 (CDT),On Demand,Kristin McGee,15,Meditation,Sleep,15 min Sleep Meditation,2021-10-28 09:00 (CDT),,,,,,,,,,
2022-03-30 04:55 (CDT),On Demand,Kristin McGee,15,Meditation,Sleep,15 min Sleep Meditation,2021-10-28 09:00 (CDT),,,,,,,,,,
2022-03-30 14:38 (CDT),On Demand,Ross Rayburn,10,Meditation,Sleep,10 min Sleep Meditation,2022-03-14 09:00 (CDT),,,,,,,,,,
2022-03-31 12:03 (-05),On Demand,Bradley Rose,30,Cycling,Music,30 min Indie Rock Ride,2022-03-30 12:25 (-05),301,167,46%,85,31.69,15.85,341,134.51,,
2022-03-31 12:34 (-05),On Demand,Benny Adami,5,Cycling,Cool Down,5 min Cool Down Ride,2022-02-24 01:47 (-05),42,140,45%,79,29.77,2.48,56,130.23,,
2022-03-31 12:40 (-05),On Demand,Sam Yo,5,Cycling,Cool Down,5 min Cool Down Ride,2022-03-04 05:00 (-05),32,106,41%,79,26.47,2.20,52,124.44,,
2022-03-31 12:46 (-05),On Demand,Sam Yo,5,Stretching,Pre & Post-Ride Stretch,5 min Post-Ride Stretch,2022-03-04 05:00 (-05),,,,,,,38,107.01,,
2022-04-01 11:47 (CDT),On Demand,Daniel McKenna,30,Strength,Full Body,30 min Full Body Strength,2022-01-31 08:50 (CDT),,,,,,,178,,,
2022-04-01 12:20 (CDT),On Demand,Ben Alldis,10,Stretching,Full Body Stretch,10 min Full Body Stretch,2021-11-08 02:57 (CDT),,,,,,,30,,,
2022-04-02 11:44 (-05),On Demand,Matt Wilpers,60,Cycling,Power Zone,60 min Power Zone Ride,2022-03-19 06:51 (-05),594,165,44%,89,31.40,31.41,670,129.46,,
2022-04-02 12:45 (-05),On Demand,Matt Wilpers,5,Cycling,Cool Down,5 min Cool Down Ride,2022-01-06 11:00 (-05),15,51,27%,88,19.39,1.61,20,,,
2022-04-02 12:51 (-05),On Demand,Leanne Hainsby-Alldis,5,Stretching,Pre & Post-Ride Stretch,5 min Post-Ride Stretch,2022-04-01 01:00 (-05),,,,,,,40,108.50,,
2022-04-02 15:25 (CDT),On Demand,Kristin McGee,15,Meditation,Sleep,15 min Sleep Meditation,2021-10-28 09:00 (CDT),,,,,,,,,,
2022-04-03 13:42 (CDT),On Demand,Kristin McGee,15,Meditation,Sleep,15 min Sleep Meditation,2021-10-28 09:00 (CDT),,,,,,,,,,
2022-04-04 12:11 (CDT),On Demand,Andy Speer,30,Strength,Full Body,30 min Full Body Strength,2022-03-28 12:22 (CDT),,,,,,,178,,,
2022-04-04 12:42 (CDT),On Demand,Ben Alldis,10,Stretching,Full Body Stretch,10 min Full Body Stretch,2021-11-08 02:57 (CDT),,,,,,,30,,,
2022-04-05 11:57 (-05),On Demand,Mayla Wedekind,5,Cycling,Warm Up,5 min Warm Up Ride,2022-03-16 14:03 (-05),29,96,34%,91,25.46,2.12,32,92.25,,
2022-04-05 12:05 (-05),On Demand,Mayla Wedekind,15,Cycling,Climb,15 min Climb Ride,2022-04-02 09:22 (-05),218,242,61%,71,36.52,9.14,189,137.09,,
2022-04-05 12:24 (-05),On Demand,Mila Lazar,15,Cycling,Music,15 min 2010s Ride,2022-02-23 02:46 (-05),136,151,43%,88,30.30,7.58,174,130.83,,
2022-04-05 12:40 (-05),On Demand,Mayla Wedekind,5,Cycling,Cool Down,5 min Cool Down Ride,2022-04-01 02:03 (-05),27,91,38%,80,24.77,2.06,45,115.88,,
2022-04-05 12:47 (-05),On Demand,Jenn Sherman,5,Stretching,Pre & Post-Ride Stretch,5 min Post-Ride Stretch,2021-10-18 10:00 (-05),,,,,,,36,104.24,,
2022-04-08 12:14 (CDT),On Demand,Ben Alldis,15,Strength,Upper Body,15 min Arms & Shoulders Strength,2021-09-23 02:25 (CDT),,,,,,,89,,,
2022-04-09 13:55 (CDT),On Demand,Ben Alldis,10,Strength,Core,10 min Core Strength,2022-03-16 06:55 (CDT),,,,,,,59,,,
2022-04-10 11:56 (-05),On Demand,Christine D'Ercole,45,Cycling,Power Zone,45 min Power Zone Endurance Rock Ride,2022-01-19 11:53 (-05),402,149,41%,92,30.53,22.90,430,118.21,,
2022-04-10 12:42 (-05),On Demand,Kendall Toole,5,Cycling,Cool Down,5 min Cool Down Ride,2022-04-06 10:00 (-05),37,122,44%,76,28.07,2.33,48,,,
2022-04-10 12:54 (CDT),On Demand,Jess Sims,10,Strength,Upper Body,10 min Upper Body Strength,2022-04-05 05:15 (CDT),,,,,,,59,,,
2022-04-10 13:07 (CDT),On Demand,Bradley Rose,5,Stretching,Pre & Post-Ride Stretch,5 min Post-Ride Stretch,2021-08-13 09:43 (CDT),,,,,,,15,,,
2022-04-11 11:51 (-05),On Demand,Ben Alldis,30,Cycling,Power Zone,30 min Power Zone Ride,2022-01-25 14:54 (-05),299,166,45%,85,31.56,15.79,397,,,
2022-04-11 12:23 (-05),On Demand,Leanne Hainsby-Alldis,10,Cycling,Cool Down,10 min Cool Down Ride,2021-09-27 00:00 (-05),67,111,41%,78,26.92,4.51,89,,,
2022-04-11 12:44 (CDT),On Demand,Selena Samuela,10,Strength,Core,10 min Core Strength,2022-04-10 11:51 (CDT),,,,,,,59,,,
2022-04-11 12:56 (CDT),On Demand,Jenn Sherman,5,Stretching,Pre & Post-Ride Stretch,5 min Post-Ride Stretch,2021-10-18 10:00 (CDT),,,,,,,15,,,
2022-04-15 11:19 (-05),On Demand,Christine D'Ercole,45,Cycling,Power Zone,45 min Power Zone Ride,2022-04-06 06:22 (-05),463,172,44%,91,32.07,24.06,497,120.06,,
2022-04-15 12:05 (-05),On Demand,Christine D'Ercole,10,Cycling,Cool Down,10 min Foo Fighters Cool Down Ride,2021-11-17 11:00 (-05),48,80,35%,83,23.83,3.98,64,,,
2022-04-15 12:17 (-05),On Demand,Jenn Sherman,5,Stretching,Pre & Post-Ride Stretch,5 min Post-Ride Stretch,2021-10-18 10:00 (-05),,,,,,,39,106.65,,
2022-04-15 16:21 (CDT),On Demand,Kirra Michel,10,Meditation,Sleep,10 min Sleep Meditation,2022-04-08 09:00 (CDT),,,,,,,,,,
2022-04-15 22:37 (CDT),On Demand,Kirra Michel,10,Meditation,Sleep,10 min Sleep Meditation,2022-04-08 09:00 (CDT),,,,,,,,,,
2022-04-16 10:22 (CDT),On Demand,Selena Samuela,10,Strength,Core,10 min Core Strength,2022-04-10 11:51 (CDT),,,,,,,59,,,
2022-04-16 15:16 (CDT),On Demand,Kirra Michel,10,Meditation,Sleep,10 min Sleep Meditation,2022-04-08 09:00 (CDT),,,,,,,,,,
2022-04-17 13:24 (CDT),On Demand,Kirra Michel,10,Meditation,Sleep,10 min Sleep Meditation,2022-04-08 09:00 (CDT),,,,,,,,,,
2022-04-17 14:59 (CDT),On Demand,Daniel McKenna,10,Strength,Lower Body,10 min Glutes & Legs Strength,2022-04-15 09:00 (CDT),,,,,,,59,,,
2022-04-17 15:13 (CDT),On Demand,Daniel McKenna,10,Strength,Upper Body,10 min Arms & Shoulders Strength,2022-04-15 07:12 (CDT),,,,,,,59,,,
2022-04-17 15:27 (CDT),On Demand,Ben Alldis,5,Stretching,Upper Body Stretch,5 min Upper Body Stretch,2022-02-09 06:28 (CDT),,,,,,,15,,,
2022-04-17 15:44 (-05),On Demand,Leanne Hainsby-Alldis,30,Cycling,Music,30 min 2000s Rock Ride,2021-03-25 06:00 (-05),341,189,48%,86,33.14,16.58,452,,,
2022-04-17 16:15 (-05),On Demand,Sam Yo,5,Cycling,Cool Down,5 min Cool Down Ride,2022-03-04 05:00 (-05),36,120,41%,81,27.83,2.30,47,,,
2022-04-17 16:24 (-05),On Demand,Bradley Rose,5,Stretching,Pre & Post-Ride Stretch,5 min Post-Ride Stretch,2022-04-17 02:00 (-05),,,,,,,15,,,
2022-04-17 22:31 (CDT),On Demand,Anna Greenberg,10,Meditation,Sleep,10 min Sleep Meditation,2021-03-11 09:00 (CDT),,,,,,,,,,
2022-04-19 05:38 (CDT),On Demand,Selena Samuela,10,Strength,Core,10 min Core Strength,2022-04-10 11:51 (CDT),,,,,,,59,,,
2022-04-19 05:52 (CDT),On Demand,Ben Alldis,10,Strength,Upper Body,10 min Upper Body Strength,2021-12-23 02:24 (CDT),,,,,,,53,,,
2022-04-20 12:11 (-05),On Demand,Ben Alldis,10,Cycling,Power Zone,10 min FTP Warm Up Ride,2021-05-04 00:00 (-05),81,134,40%,88,28.49,4.75,107,,,
2022-04-20 12:23 (-05),On Demand,Ben Alldis,20,Cycling,Power Zone,20 min FTP Test Ride,2021-05-04 00:15 (-05),272,227,51%,87,36.05,12.02,361,,,
2022-04-20 12:43 (-05),On Demand,Mila Lazar,5,Cycling,Cool Down,5 min Cool Down Ride,2022-04-12 00:42 (-05),27,89,40%,72,24.30,2.01,35,,,
2022-04-20 12:53 (-05),On Demand,Bradley Rose,5,Stretching,Pre & Post-Ride Stretch,5 min Post-Ride Stretch,2022-04-17 02:00 (-05),,,,,,,15,,,
2022-04-21 20:43 (CDT),On Demand,Susie Chan,5,Stretching,Post-Run Stretch,5 min Post-Run Stretch,2022-01-25 03:12 (CDT),,,,,,,15,,,
2022-04-22 12:26 (CDT),On Demand,Selena Samuela,10,Strength,Core,10 min Core Strength,2022-04-19 07:14 (CDT),,,,,,,59,,,
2022-04-22 12:48 (-05),On Demand,Mayla Wedekind,5,Cycling,Warm Up,5 min Warm Up Ride,2022-03-16 14:03 (-05),32,108,35%,93,26.34,2.19,43,,,
2022-04-22 12:56 (-05),On Demand,Mayla Wedekind,10,Cycling,Intervals,10 min Tabata Ride,2022-02-19 10:22 (-05),157,261,61%,78,37.50,6.24,145,140.95,,
2022-04-22 13:07 (-05),On Demand,Mila Lazar,20,Cycling,Music,20 min 90s Ride,2022-04-09 02:55 (-05),209,174,46%,86,32.15,10.73,277,,,
2022-04-22 13:27 (-05),On Demand,Mila Lazar,5,Cycling,Cool Down,5 min Cool Down Ride,2022-04-12 00:42 (-05),29,98,40%,76,25.59,2.12,39,,,
2022-04-22 13:35 (-05),On Demand,Bradley Rose,5,Stretching,Pre & Post-Ride Stretch,5 min Post-Ride Stretch,2021-04-06 00:45 (-05),,,,,,,15,,,
2022-04-22 17:29 (CDT),On Demand,Mayla Wedekind,5,Cycling,Warm Up,5 min Warm Up Ride,2022-03-16 14:03 (CDT),0,0,0%,0,0,0,0,,,
2022-04-22 22:28 (CDT),On Demand,Anna Greenberg,10,Meditation,Sleep,10 min Sleep Meditation,2021-03-11 09:00 (CDT),,,,,,,,,,
2022-04-23 07:56 (CDT),On Demand,Ben Alldis,10,Strength,Upper Body,10 min Upper Body Strength,2021-12-23 02:24 (CDT),,,,,,,53,,,
2022-04-23 08:10 (CDT),On Demand,Daniel McKenna,10,Strength,Lower Body,10 min Glutes & Legs Strength,2022-04-15 09:00 (CDT),,,,,,,59,,,
2022-04-23 08:22 (CDT),On Demand,Ben Alldis,5,Stretching,Lower Body Stretch,5 min Lower Body Stretch,2021-06-01 13:15 (CDT),,,,,,,15,,,
2022-04-23 14:56 (CDT),On Demand,Kristin McGee,10,Meditation,Sleep,10 min Sleep Meditation,2022-03-03 09:00 (CDT),,,,,,,,,,
2022-04-24 03:55 (CDT),On Demand,Anna Greenberg,10,Meditation,Sleep,10 min Sleep Meditation,2021-03-11 09:00 (CDT),,,,,,,,,,
2022-04-24 03:56 (CDT),On Demand,Kirra Michel,10,Meditation,Relaxation,10 min Relaxing Meditation,2021-12-12 13:08 (CDT),,,,,,,,,,
2022-04-24 09:30 (-05),On Demand,Christine D'Ercole,60,Cycling,Power Zone,60 min Power Zone Endurance RIde,2022-02-20 13:22 (-05),502,139,41%,89,29.76,29.76,666,,,
2022-04-24 10:30 (-05),On Demand,Robin Arzon,5,Cycling,Cool Down,5 min Cool Down Ride,2022-04-11 10:00 (-05),20,66,33%,79,21.76,1.80,26,,,
2022-04-24 10:50 (-05),On Demand,Kendall Toole,5,Stretching,Pre & Post-Ride Stretch,5 min Post-Ride Stretch,2022-04-06 10:00 (-05),,,,,,,15,67.80,,
2022-04-24 14:23 (CDT),On Demand,Anna Greenberg,10,Meditation,Sleep,10 min Sleep Meditation,2021-03-11 09:00 (CDT),,,,,,,,,,
2022-04-24 20:35 (CDT),On Demand,Susie Chan,5,Stretching,Post-Run Stretch,5 min Post-Run Stretch,2022-01-25 03:12 (CDT),,,,,,,15,,,
2022-04-24 22:08 (CDT),On Demand,Nico Sarani,10,Meditation,Sleep,10 min Sleep Meditation,2022-02-28 09:00 (CDT),,,,,,,,,,
2022-04-26 06:07 (CDT),On Demand,Ben Alldis,10,Strength,Upper Body,10 min Arms & Shoulders Strength,2022-04-06 06:25 (CDT),,,,,,,59,,,
2022-04-26 06:22 (CDT),On Demand,Selena Samuela,10,Strength,Core,10 min Core Strength,2022-04-19 07:14 (CDT),,,,,,,59,,,
2022-04-26 20:48 (CDT),On Demand,Susie Chan,5,Stretching,Post-Run Stretch,5 min Post-Run Stretch,2022-01-25 03:12 (CDT),,,,,,,15,,,
2022-04-27 12:23 (-05),On Demand,Hannah Frankson,5,Cycling,Warm Up,5 min Warm Up Ride,2022-04-14 01:00 (-05),30,99,34%,93,25.62,2.12,32,84.09,,
2022-04-27 12:30 (-05),On Demand,Emma Lovewell,30,Cycling,Music,30 min 90s Rock Ride,2022-03-14 15:52 (-05),346,192,49%,83,33.36,16.69,348,129.12,,
2022-04-27 13:01 (-05),On Demand,Jenn Sherman,5,Cycling,Cool Down,5 min Cool Down Ride,2022-01-10 11:00 (-05),27,90,39%,74,24.64,2.06,36,,,
2022-04-27 13:08 (-05),On Demand,Erik Jager,5,Cycling,Cool Down,5 min Cool Down Ride,2022-04-10 08:08 (-05),49,165,47%,80,31.51,2.62,65,,,
2022-04-27 13:14 (-05),On Demand,Hannah Frankson,5,Stretching,Pre & Post-Ride Stretch,5 min Post-Ride Stretch,2022-02-07 02:00 (-05),,,,,,,20,112.39,,
2022-04-28 20:29 (CDT),On Demand,Susie Chan,5,Stretching,Post-Run Stretch,5 min Post-Run Stretch,2021-09-16 12:25 (CDT),,,,,,,30,,,
2022-04-29 12:29 (CDT),On Demand,Ben Alldis,10,Strength,Upper Body,10 min Arms & Shoulders Strength,2022-04-06 06:25 (CDT),,,,,,,59,,,
2022-04-29 12:46 (CDT),On Demand,Selena Samuela,10,Strength,Core,10 min Core Strength,2022-04-19 07:14 (CDT),,,,,,,59,,,
2022-04-30 11:37 (-05),On Demand,Ben Alldis,45,Cycling,Power Zone,45 min Power Zone Ride,2022-03-29 13:54 (-05),473,175,48%,82,32.33,24.25,500,93.18,,
2022-04-30 12:22 (-05),On Demand,Ben Alldis,5,Cycling,Cool Down,5 min Cool Down Ride,2021-12-30 03:30 (-05),33,112,43%,74,27.17,2.25,55,129.22,,
2022-04-30 12:35 (CDT),On Demand,Ben Alldis,10,Strength,Lower Body,10 min Glutes & Legs Strength,2022-04-14 01:00 (CDT),,,,,,,88,114.30,,
2022-04-30 12:49 (CDT),On Demand,Selena Samuela,10,Stretching,Lower Body Stretch,10 min Lower Body Stretch,2022-04-13 09:00 (CDT),,,,,,,35,79.98,,
2022-04-30 23:27 (CDT),On Demand,Kristin McGee,10,Meditation,Sleep,10 min Sleep Meditation,2022-04-27 10:00 (CDT),,,,,,,,,,
2022-05-01 14:01 (CDT),On Demand,Aditi Shah,15,Meditation,Sleep,15 min Sleep Meditation,2022-04-27 09:00 (CDT),,,,,,,,,,
2022-05-02 13:02 (CDT),On Demand,Selena Samuela,10,Strength,Core,10 min Core Strength,2022-04-19 07:14 (CDT),,,,,,,59,,,
2022-05-02 20:29 (-05),On Demand,Christine D'Ercole,30,Cycling,Power Zone,30 min Power Zone Ride,2022-05-02 08:52 (-05),313,174,45%,87,32.22,16.13,342,131.96,,
2022-05-02 21:00 (-05),On Demand,Charlotte Weidenbach,5,Cycling,Cool Down,5 min Cool Down Ride,2022-04-29 12:38 (-05),28,94,40%,75,25.30,2.11,37,,,
2022-05-02 21:07 (-05),On Demand,Jess King,5,Stretching,Pre & Post-Ride Stretch,5 min Post-Ride Stretch,2022-03-03 11:00 (-05),,,,,,,15,,,
2022-05-04 17:25 (-05),On Demand,Olivia Amato,5,Cycling,Warm Up,5 min Warm Up Ride,2022-03-18 10:00 (-05),40,134,41%,83,28.44,2.37,33,95.15,,
2022-05-04 17:32 (-05),On Demand,Olivia Amato,30,Cycling,Intervals,30 min HIIT & Hills Ride,2022-03-28 06:22 (-05),408,227,58%,74,35.53,17.77,404,142.29,,
2022-05-04 18:02 (-05),On Demand,Olivia Amato,5,Cycling,Cool Down,5 min Cool Down Ride,2022-03-11 11:00 (-05),39,129,44%,77,28.61,2.38,63,138.87,,
2022-05-04 18:15 (-05),On Demand,Olivia Amato,5,Stretching,Pre & Post-Ride Stretch,5 min Post-Ride Stretch,2021-08-09 08:00 (-05),,,,,,,15,,,
2022-05-04 22:36 (CDT),On Demand,Kirra Michel,10,Meditation,Sleep,10 min Sleep Meditation,2022-04-08 09:00 (CDT),,,,,,,,,,
2022-05-05 06:33 (CDT),On Demand,Ben Alldis,10,Strength,Upper Body,10 min Arms & Shoulders Strength,2022-04-06 06:25 (CDT),,,,,,,59,,,
2022-05-05 06:50 (CDT),On Demand,Ben Alldis,10,Strength,Lower Body,10 min Glutes & Legs Strength,2022-04-14 01:00 (CDT),,,,,,,59,,,
2022-05-07 08:32 (-05),On Demand,Bradley Rose,5,Cycling,Warm Up,5 min Warm Up Ride,2022-04-12 09:00 (-05),36,121,39%,90,28.07,2.33,39,103.47,,
2022-05-07 08:39 (-05),On Demand,Bradley Rose,10,Cycling,Climb,10 min Climb Ride,2022-05-04 13:02 (-05),127,213,52%,81,34.73,5.79,64,,,
2022-05-07 08:50 (-05),On Demand,Leanne Hainsby-Alldis,20,Cycling,Music,20 min 2000s Rock Ride,2022-03-02 02:52 (-05),224,191,47%,89,33.35,10.93,265,135.59,,
2022-05-07 09:10 (-05),On Demand,Bradley Rose,5,Cycling,Cool Down,5 min Cool Down Ride,2022-04-17 02:00 (-05),44,147,45%,81,30.29,2.51,65,141.28,,
2022-05-07 09:24 (CDT),On Demand,Bradley Rose,5,Stretching,Pre & Post-Ride Stretch,5 min Post-Ride Stretch,2022-04-17 02:00 (CDT),,,,,,,15,,,
2022-05-09 11:43 (CDT),On Demand,Selena Samuela,10,Strength,Core,10 min Core Strength,2022-04-19 07:14 (CDT),,,,,,,59,,,
2022-05-09 12:06 (-05),On Demand,Denis Morton,30,Cycling,Power Zone,30 min Power Zone Ride,2022-04-13 08:52 (-05),302,168,45%,87,31.78,15.90,399,,,
2022-05-09 12:37 (-05),On Demand,Denis Morton,5,Cycling,Cool Down,5 min Cool Down Ride,2022-03-14 10:00 (-05),24,79,32%,92,23.40,1.95,31,,,
2022-05-09 12:47 (-05),On Demand,Olivia Amato,5,Stretching,Pre & Post-Ride Stretch,5 min Post-Ride Stretch,2022-05-06 10:00 (-05),,,,,,,15,,,
2022-05-10 20:24 (CDT),On Demand,Callie Gullickson,10,Strength,Lower Body,10 min Glutes & Legs Strength,2022-05-07 08:30 (CDT),,,,,,,59,,,
2022-05-10 20:37 (CDT),On Demand,Susie Chan,5,Stretching,Post-Run Stretch,5 min Post-Run Stretch,2022-05-03 00:00 (CDT),,,,,,,15,,,
2022-05-11 16:29 (CDT),On Demand,Selena Samuela,10,Strength,Core,10 min Core Strength,2022-04-26 07:02 (CDT),,,,,,,59,,,
2022-05-11 16:45 (-05),On Demand,Mila Lazar,5,Cycling,Warm Up,5 min Warm Up Ride,2022-02-02 03:23 (-05),35,116,37%,89,27.17,2.25,33,99.87,,
2022-05-11 16:52 (-05),On Demand,Mayla Wedekind,30,Cycling,Intervals,30 min HIIT & Hills Ride,2022-04-12 11:22 (-05),404,224,59%,72,35.31,17.65,390,139.33,,
2022-05-11 17:25 (-05),On Demand,Mila Lazar,5,Cycling,Cool Down,5 min Cool Down Ride,2022-04-12 00:42 (-05),23,78,39%,72,23.16,1.93,50,122.50,,
2022-05-11 17:31 (-05),On Demand,Benny Adami,5,Stretching,Pre & Post-Ride Stretch,5 min Post-Ride Stretch,2022-05-05 01:22 (-05),,,,,,,45,115.91,,
2022-05-11 17:43 (CDT),On Demand,Ben Alldis,5,Stretching,Upper Body Stretch,5 min Upper Body Stretch,2022-02-09 06:28 (CDT),,,,,,,23,90.05,,
2022-05-13 12:05 (-05),On Demand,Christine D'Ercole,45,Cycling,Power Zone,45 min Power Zone Ride,2022-02-06 13:20 (-05),462,171,45%,88,31.86,23.90,499,126.53,,
2022-05-13 12:50 (-05),On Demand,Emma Lovewell,5,Cycling,Cool Down,5 min Cool Down Ride,2022-05-11 10:00 (-05),21,71,34%,80,22.50,1.88,28,,,
2022-05-13 13:04 (CDT),On Demand,Ben Alldis,10,Stretching,Full Body Stretch,10 min Full Body Stretch,2021-11-08 02:57 (CDT),,,,,,,39,83.16,,
2022-05-16 17:34 (-05),On Demand,Mila Lazar,30,Cycling,Music,30 min Pop Ride,2022-05-02 23:55 (-05),321,178,48%,84,32.48,16.24,366,131.06,,
2022-05-16 18:04 (-05),On Demand,Hannah Corbin,5,Cycling,Cool Down,5 min Cool Down Ride,2022-05-15 10:00 (-05),22,75,38%,71,23.03,1.92,43,112.48,,
2022-05-16 18:14 (-05),On Demand,Emma Lovewell,5,Stretching,Pre & Post-Ride Stretch,5 min Post-Ride Stretch,2022-05-11 10:00 (-05),,,,,,,21,85.83,,
2022-05-17 06:13 (CDT),On Demand,Callie Gullickson,10,Strength,Lower Body,10 min Glutes & Legs Strength,2022-05-07 08:30 (CDT),,,,,,,59,,,
2022-05-18 12:24 (-05),On Demand,Denis Morton,45,Cycling,Power Zone,45 min Power Zone Endurance Ride,2022-04-20 08:54 (-05),408,151,44%,87,30.64,22.98,435,118.00,,
2022-05-18 13:10 (-05),On Demand,Cliff Dwenger,5,Cycling,Cool Down,5 min Cool Down Ride,2022-04-18 02:25 (-05),28,95,41%,72,25.27,2.11,37,,,
2022-05-18 13:26 (CDT),On Demand,Ben Alldis,10,Strength,Upper Body,10 min Arms & Shoulders Strength,2022-05-12 01:00 (CDT),,,,,,,59,,,
2022-05-18 13:37 (CDT),On Demand,Ben Alldis,10,Stretching,Full Body Stretch,10 min Full Body Stretch,2021-11-08 02:57 (CDT),,,,,,,29,,,
2022-05-20 05:31 (CDT),On Demand,Rebecca Kennedy,10,Strength,Core,10 min Core Strength,2022-05-13 07:12 (CDT),,,,,,,59,,,
2022-05-20 05:46 (CDT),On Demand,Selena Samuela,10,Strength,Upper Body,10 min Arms & Shoulders Strength,2022-04-17 12:33 (CDT),,,,,,,59,,,
2022-05-20 05:59 (CDT),On Demand,Ben Alldis,5,Stretching,Upper Body Stretch,5 min Upper Body Stretch,2021-10-14 00:00 (CDT),,,,,,,15,,,
2022-05-20 22:12 (CDT),On Demand,Anna Greenberg,10,Meditation,Sleep,10 min Sleep Meditation,2022-05-05 09:00 (CDT),,,,,,,,,,
2022-05-21 13:45 (CDT),On Demand,Anna Greenberg,10,Meditation,Sleep,10 min Sleep Meditation,2022-05-05 09:00 (CDT),,,,,,,,,,
2022-05-21 16:05 (-05),On Demand,Bradley Rose,5,Cycling,Warm Up,5 min Warm Up Ride,2022-04-12 09:00 (-05),26,88,35%,82,24.01,2.00,35,,,
2022-05-21 16:11 (-05),On Demand,Bradley Rose,30,Cycling,Music,30 min Rock Ride,2022-05-14 03:00 (-05),306,170,46%,85,31.86,15.95,404,,,
2022-05-21 16:42 (-05),On Demand,Bradley Rose,5,Cycling,Cool Down,5 min Cool Down Ride,2022-04-17 02:00 (-05),48,162,45%,84,31.46,2.61,64,,,
2022-05-21 17:59 (-05),On Demand,Bradley Rose,5,Stretching,Pre & Post-Ride Stretch,5 min Post-Ride Stretch,2022-04-17 02:00 (-05),,,,,,,15,,,
2022-05-21 21:56 (CDT),On Demand,Anna Greenberg,10,Meditation,Sleep,10 min Sleep Meditation,2022-05-05 09:00 (CDT),,,,,,,,,,
2022-05-22 06:26 (CDT),On Demand,Jermaine Johnson,10,Strength,Lower Body,10 min Glutes & Legs Strength,2022-04-05 05:25 (CDT),,,,,,,59,,,
2022-05-22 06:40 (CDT),On Demand,Rebecca Kennedy,10,Strength,Core,10 min Core Strength,2022-05-13 07:12 (CDT),,,,,,,59,,,
2022-05-22 06:54 (CDT),On Demand,Jermaine Johnson,10,Strength,Upper Body,10 min Red Hot Chili Peppers Upper Body,2022-05-04 08:50 (CDT),,,,,,,59,,,
2022-05-22 07:05 (CDT),On Demand,Ben Alldis,10,Stretching,Full Body Stretch,10 min Full Body Stretch,2022-05-09 06:18 (CDT),,,,,,,29,,,
2022-05-22 22:39 (CDT),On Demand,Marcel Maurer,15,Cardio,HIIT,15 min HIIT Cardio,2022-05-19 12:00 (CDT),,,,,,,,,,
2022-05-22 22:41 (CDT),On Demand,Anna Greenberg,10,Meditation,Sleep,10 min Sleep Meditation,2021-03-11 09:00 (CDT),,,,,,,,,,
2022-05-23 12:22 (-05),On Demand,Mila Lazar,5,Cycling,Warm Up,5 min Warm Up Ride,2022-05-17 00:37 (-05),30,102,35%,91,25.59,2.14,35,100.29,,
2022-05-23 12:28 (-05),On Demand,Olivia Amato,45,Cycling,Intervals,45 min HIIT & Hills Ride,2022-05-16 06:22 (-05),558,207,54%,76,34.38,25.78,606,137.44,,
2022-05-23 13:24 (-05),On Demand,Emma Lovewell,5,Cycling,Cool Down,5 min Cool Down Ride,2022-05-11 10:00 (-05),18,60,34%,73,20.86,1.74,24,,,
2022-05-23 13:32 (-05),On Demand,Olivia Amato,5,Stretching,Pre & Post-Ride Stretch,5 min Post-Ride Stretch,2022-05-06 10:00 (-05),,,,,,,15,,,
2022-05-23 20:16 (CDT),On Demand,Susie Chan,5,Stretching,Post-Run Stretch,5 min Post-Run Stretch,2022-05-03 00:00 (CDT),,,,,,,15,,,
2022-05-23 20:22 (CDT),On Demand,Susie Chan,5,Stretching,Post-Run Stretch,5 min Post-Run Stretch,2022-05-03 00:00 (CDT),,,,,,,15,,,
2022-05-25 04:16 (CDT),On Demand,Anna Greenberg,10,Meditation,Sleep,10 min Sleep Meditation,2022-05-05 09:00 (CDT),,,,,,,,,,
2022-05-25 17:00 (-05),On Demand,Christine D'Ercole,45,Cycling,Power Zone,45 min Power Zone Endurance 90s Ride,2022-03-27 12:21 (-05),404,150,44%,84,30.58,22.93,397,112.85,,
2022-05-25 17:45 (-05),On Demand,Jenn Sherman,5,Cycling,Cool Down,5 min Cool Down Ride,2022-05-02 10:00 (-05),28,93,37%,82,25.19,2.09,35,101.16,,
2022-05-25 17:51 (-05),On Demand,Benny Adami,5,Stretching,Pre & Post-Ride Stretch,5 min Post-Ride Stretch,2022-05-05 01:22 (-05),,,,,,,17,80.56,,
2022-05-26 06:36 (CDT),On Demand,Robin Arzon,10,Strength,Upper Body,10 min Arms & Shoulders Strength,2022-05-10 09:32 (CDT),,,,,,,59,,,
2022-05-26 06:59 (CDT),On Demand,Rad Lopez,10,Strength,Lower Body,10 min Glutes & Legs Strength,2022-04-20 09:31 (CDT),,,,,,,59,,,
2022-05-26 07:11 (CDT),On Demand,Callie Gullickson,5,Stretching,Full Body Stretch,5 min Full Body Stretch,2022-02-28 09:30 (CDT),,,,,,,15,,,
2022-05-28 07:45 (-05),On Demand,Mayla Wedekind,60,Cycling,Music,60 min Pop Punk Ride,2022-05-11 11:54 (-05),616,171,48%,81,31.95,31.95,756,139.34,,
2022-05-28 08:46 (-05),On Demand,Mayla Wedekind,5,Cycling,Cool Down,5 min Cool Down Ride,2022-05-14 09:35 (-05),27,91,38%,78,24.91,2.06,36,,,
2022-05-28 08:56 (-05),On Demand,Erik Jager,5,Stretching,Pre & Post-Ride Stretch,5 min Post-Ride Stretch,2022-05-28 02:00 (-05),,,,,,,46,115.05,,
2022-05-29 10:22 (CDT),On Demand,Matty Maggiacomo,10,Strength,Upper Body,10 min Upper Body Strength,2022-04-12 09:00 (CDT),,,,,,,59,,,
2022-05-29 10:35 (CDT),On Demand,Matty Maggiacomo,10,Strength,Core,10 min Core Strength,2022-05-26 08:53 (CDT),,,,,,,59,,,
2022-05-29 10:48 (CDT),On Demand,Matty Maggiacomo,10,Stretching,Full Body Stretch,10 min Full Body Stretch,2021-06-08 09:00 (CDT),,,,,,,29,,,
2022-05-30 09:38 (-05),On Demand,Erik Jager,5,Cycling,Warm Up,5 min Warm Up Ride,2022-05-01 06:00 (-05),28,92,35%,85,24.28,2.03,37,,,
2022-05-30 09:51 (-05),On Demand,Charlotte Weidenbach,5,Cycling,Warm Up,5 min Warm Up Ride,2022-05-30 00:48 (-05),41,136,38%,96,29.27,2.43,54,,,
2022-05-30 09:58 (-05),On Demand,Matt Wilpers,10,Cycling,Power Zone,10 min FTP Warm Up Ride,2019-10-25 15:04 (-05),84,134,40%,90,28.68,4.86,111,,,
2022-05-30 10:18 (-05),On Demand,Matt Wilpers,20,Cycling,Power Zone,20 min FTP Test Ride,2020-01-30 09:00 (-05),303,253,52%,88,37.55,12.50,282,145.19,,
2022-05-30 10:40 (-05),On Demand,Hannah Corbin,5,Cycling,Cool Down,5 min Cool Down Ride,2022-05-15 10:00 (-05),22,74,39%,67,22.66,1.90,48,118.09,,
2022-05-30 10:48 (-05),On Demand,Matt Wilpers,5,Stretching,Pre & Post-Ride Stretch,5 min Post-Ride Stretch,2022-05-12 10:00 (-05),,,,,,,15,,,
2022-05-30 13:39 (CDT),On Demand,Anna Greenberg,10,Meditation,Sleep,10 min Sleep Meditation,2022-05-05 09:00 (CDT),,,,,,,,,,
2022-06-01 05:56 (CDT),On Demand,Denis Morton,10,Yoga,Focus Flow,10 min Focus Flow: Standing Poses,2022-05-08 10:37 (CDT),,,,,,,43,,,
2022-06-01 06:08 (CDT),On Demand,Ben Alldis,10,Stretching,Full Body Stretch,10 min Full Body Stretch,2022-05-09 06:18 (CDT),,,,,,,29,,,
2022-06-02 06:39 (CDT),On Demand,Anna Greenberg,5,Meditation,Emotions,5 min Energizing Meditation,2022-05-05 10:00 (CDT),,,,,,,,,,
2022-06-02 06:44 (CDT),On Demand,Kristin McGee,5,Yoga,Yoga Anywhere,5 min Chair Yoga,2020-01-24 10:18 (CDT),,,,,,,18,,,
2022-06-02 17:09 (CDT),On Demand,Ben Alldis,10,Strength,Core,10 min Jubilee Celebration Core Strength,2022-06-02 13:00 (CDT),,,,,,,59,,,
2022-06-02 17:21 (CDT),On Demand,Matty Maggiacomo,10,Strength,Upper Body,10 min Upper Body Strength,2022-04-12 09:00 (CDT),,,,,,,59,,,
2022-06-02 18:22 (-05),On Demand,Denis Morton,30,Cycling,Power Zone,30 min Power Zone Endurance Ride,2022-05-18 08:53 (-05),309,171,49%,77,32.09,16.06,340,125.51,,
2022-06-02 18:54 (-05),On Demand,Bradley Rose,5,Cycling,Cool Down,5 min Cool Down Ride,2022-04-17 02:00 (-05),41,138,45%,79,29.50,2.45,50,111.69,,
2022-06-02 19:02 (-05),On Demand,Denis Morton,5,Cycling,Cool Down,5 min Cool Down Ride,2022-03-14 10:00 (-05),0,0,39%,0,0,0,1,85.00,,
2022-06-02 19:02 (-05),On Demand,Jenn Sherman,5,Stretching,Pre & Post-Ride Stretch,5 min Post-Ride Stretch,2022-06-01 10:00 (-05),,,,,,,15,77.91,,
2022-06-04 17:21 (-05),On Demand,Bradley Rose,30,Cycling,Music,30 min 2000s Rock Ride,2022-06-04 05:55 (-05),306,167,46%,86,31.88,16.03,294,115.26,,
2022-06-04 17:54 (-05),On Demand,Sam Yo,5,Cycling,Cool Down,5 min Cool Down Ride,2022-03-04 05:00 (-05),37,124,42%,80,28.39,2.37,49,116.79,,
2022-06-04 18:07 (-05),On Demand,Jenn Sherman,5,Stretching,Pre & Post-Ride Stretch,5 min Post-Ride Stretch,2022-06-01 10:00 (-05),,,,,,,19,85.26,,
2022-06-05 11:42 (CDT),On Demand,Matty Maggiacomo,30,Strength,Full Body,30 min Full Body Strength,2022-01-05 09:00 (CDT),,,,,,,177,,,
2022-06-05 12:14 (CDT),On Demand,Ben Alldis,10,Stretching,Full Body Stretch,10 min Full Body Stretch,2022-03-30 06:59 (CDT),,,,,,,29,,,
2022-06-05 21:35 (CDT),On Demand,Anna Greenberg,10,Meditation,Sleep,10 min Sleep Meditation,2022-05-31 10:00 (CDT),,,,,,,,,,
2022-06-06 11:53 (-05),On Demand,Ben Alldis,30,Cycling,Power Zone,30 min Power Zone Endurance Rock Ride,2022-05-03 13:00 (-05),296,164,45%,86,31.54,15.79,291,117.31,,
2022-06-06 12:24 (-05),On Demand,Alex Toussaint,5,Cycling,Cool Down,5 min Cool Down Ride,2022-05-31 10:00 (-05),25,82,40%,70,23.93,2.00,33,98.62,,
2022-06-06 12:40 (CDT),On Demand,Jenn Sherman,5,Stretching,Pre & Post-Ride Stretch,5 min Post-Ride Stretch,2022-06-01 10:00 (CDT),,,,,,,15,75.97,,
2022-06-07 06:56 (CDT),On Demand,Kristin McGee,5,Yoga,Yoga Anywhere,5 min Chair Yoga,2020-01-24 10:18 (CDT),,,,,,,17,,,
2022-06-08 16:43 (-05),On Demand,Sam Yo,30,Cycling,Music,30 min Rock Ride,2022-06-07 09:30 (-05),333,185,50%,80,32.93,16.46,308,120.63,,
2022-06-08 17:15 (-05),On Demand,Hannah Corbin,5,Cycling,Cool Down,5 min Cool Down Ride,2022-05-15 10:00 (-05),23,78,39%,70,23.30,1.93,40,109.42,,
2022-06-08 17:26 (CDT),On Demand,Matty Maggiacomo,10,Strength,Upper Body,10 min Upper Body Strength,2022-04-12 09:00 (CDT),,,,,,,59,,,
2022-06-08 17:39 (CDT),On Demand,Ben Alldis,10,Stretching,Full Body Stretch,10 min Full Body Stretch,2022-03-30 06:59 (CDT),,,,,,,29,,,
2022-06-10 17:03 (CDT),On Demand,Matty Maggiacomo,10,Strength,Lower Body,10 min Glutes & Legs Strength,2022-04-14 09:32 (CDT),,,,,,,59,,,
2022-06-10 17:16 (CDT),On Demand,Matty Maggiacomo,10,Strength,Upper Body,10 min Upper Body Strength,2022-04-12 09:00 (CDT),,,,,,,59,,,
2022-06-10 17:30 (CDT),On Demand,Selena Samuela,10,Strength,Core,10 min Core Strength,2022-05-17 07:05 (CDT),,,,,,,59,,,
2022-06-10 17:42 (CDT),On Demand,Ben Alldis,10,Stretching,Full Body Stretch,10 min Full Body Stretch,2022-03-30 06:59 (CDT),,,,,,,29,,,
2022-06-10 22:44 (CDT),On Demand,Anna Greenberg,10,Meditation,Sleep,10 min Sleep Meditation,2022-05-31 10:00 (CDT),,,,,,,,,,
2022-06-11 08:09 (-05),On Demand,Mila Lazar,5,Cycling,Warm Up,5 min Warm Up Ride,2022-05-17 00:37 (-05),31,102,35%,91,25.73,2.14,37,108.11,,
2022-06-11 08:15 (-05),On Demand,Mayla Wedekind,30,Cycling,Intervals,30 min HIIT & Hills Ride,2022-05-18 11:55 (-05),388,215,58%,69,34.70,17.35,411,143.73,,
2022-06-11 08:46 (-05),On Demand,Mila Lazar,5,Cycling,Cool Down,5 min Cool Down Ride,2022-04-12 00:42 (-05),28,94,39%,77,25.23,2.09,57,133.18,,
2022-06-11 09:01 (CDT),On Demand,Emma Lovewell,5,Stretching,Pre & Post-Ride Stretch,5 min Post-Ride Stretch,2022-05-11 10:00 (CDT),,,,,,,15,,,
2022-06-11 12:14 (CDT),On Demand,Anna Greenberg,10,Meditation,Sleep,10 min Sleep Meditation,2022-05-05 09:00 (CDT),,,,,,,,,,
2022-06-13 17:16 (-05),On Demand,Olivia Amato,30,Cycling,Power Zone,30 min Power Zone Ride,2022-05-23 06:21 (-05),320,178,44%,93,32.35,16.17,423,,,
2022-06-13 17:46 (-05),On Demand,Olivia Amato,5,Cycling,Cool Down,5 min Cool Down Ride,2022-03-11 11:00 (-05),41,135,42%,81,28.21,2.37,54,,,
2022-06-13 17:57 (CDT),On Demand,Logan Aldridge,10,Strength,Upper Body,10 min Upper Body Strength,2022-06-10 13:14 (CDT),,,,,,,59,,,
2022-06-13 18:08 (CDT),On Demand,Matty Maggiacomo,5,Stretching,Full Body Stretch,5 min Full Body Stretch,2022-05-04 09:00 (CDT),,,,,,,15,,,
2022-06-15 16:33 (CDT),On Demand,Matty Maggiacomo,10,Strength,Core,10 min Core Strength,2022-06-09 07:02 (CDT),,,,,,,59,68.85,,
2022-06-15 16:48 (CDT),On Demand,Selena Samuela,10,Strength,Lower Body,10 min Strength Roll Call: Glutes & Legs,2022-06-14 06:22 (CDT),,,,,,,59,,,
2022-06-15 17:08 (-05),On Demand,Ben Alldis,30,Cycling,Power Zone,30 min Power Zone Endurance 90s Ride,2022-04-05 01:00 (-05),308,171,47%,83,32.12,16.06,407,,,
2022-06-15 17:38 (-05),On Demand,Denis Morton,5,Cycling,Cool Down,5 min Cool Down Ride,2022-03-14 10:00 (-05),24,79,33%,87,23.30,1.93,31,,,
2022-06-15 17:56 (-05),On Demand,Olivia Amato,5,Stretching,Pre & Post-Ride Stretch,5 min Post-Ride Stretch,2022-05-06 10:00 (-05),,,,,,,15,,,
2022-06-17 12:49 (CDT),On Demand,Ben Alldis,30,Strength,Full Body,30 min Strength Roll Call: Full Body,2022-05-20 06:25 (CDT),,,,,,,177,,,
2022-06-17 13:21 (CDT),On Demand,Ben Alldis,10,Stretching,Full Body Stretch,10 min Full Body Stretch,2021-11-08 02:57 (CDT),,,,,,,29,,,
2022-06-18 18:48 (-05),On Demand,Christine D'Ercole,10,Cycling,Power Zone,10 min FTP Warm Up Ride,2022-04-07 10:00 (-05),88,147,41%,90,29.89,4.99,79,105.51,,
2022-06-18 19:00 (-05),On Demand,Christine D'Ercole,20,Cycling,Power Zone,20 min FTP Test Ride,2022-04-07 10:00 (-05),320,266,58%,79,38.32,12.81,294,149.80,,
2022-06-18 19:21 (-05),On Demand,Benny Adami,5,Cycling,Cool Down,5 min Cool Down Ride,2022-06-10 01:52 (-05),37,125,44%,76,28.42,2.37,59,133.85,,
2022-06-18 19:30 (-05),On Demand,Emma Lovewell,5,Stretching,Pre & Post-Ride Stretch,5 min Post-Ride Stretch,2022-05-11 10:00 (-05),,,,,,,41,112.60,,
2022-06-23 12:02 (-05),On Demand,Christine D'Ercole,30,Cycling,Power Zone,30 min Power Zone Ride,2022-06-22 17:24 (-05),353,196,48%,86,33.47,16.75,323,123.79,,
2022-06-23 12:33 (-05),On Demand,Matt Wilpers,5,Cycling,Cool Down,5 min Cool Down Ride,2022-05-05 10:00 (-05),27,89,33%,92,24.77,2.06,46,117.01,,
2022-06-23 12:50 (CDT),On Demand,Ben Alldis,10,Strength,Upper Body,10 min Arms & Shoulders Strength,2022-06-23 01:00 (CDT),,,,,,,59,,,
2022-06-23 13:04 (CDT),On Demand,Jenn Sherman,5,Stretching,Pre & Post-Ride Stretch,5 min Post-Ride Stretch,2022-06-01 10:00 (CDT),,,,,,,15,,,
2022-06-25 10:20 (CDT),On Demand,Matty Maggiacomo,10,Strength,Core,10 min Core Strength,2022-06-17 09:00 (CDT),,,,,,,59,,,
2022-06-25 10:33 (CDT),On Demand,Rebecca Kennedy,10,Strength,Lower Body,10 min Glutes & Legs Strength,2022-06-21 09:00 (CDT),,,,,,,59,,,
2022-06-25 11:00 (-05),On Demand,Benny Adami,30,Cycling,Music,30 min German Pop Ride,2022-04-27 23:55 (-05),355,197,50%,84,33.65,16.83,400,140.70,,
2022-06-25 11:31 (-05),On Demand,Benny Adami,5,Cycling,Cool Down,5 min Cool Down Ride,2022-06-10 01:52 (-05),37,124,44%,75,28.37,2.37,53,123.88,,
2022-06-25 11:39 (-05),On Demand,Jenn Sherman,5,Stretching,Pre & Post-Ride Stretch,5 min Post-Ride Stretch,2022-06-01 10:00 (-05),,,,,,,40,109.76,,
2022-06-26 13:49 (CDT),On Demand,Kirra Michel,10,Meditation,Sleep,10 min Sleep Meditation,2022-04-08 09:00 (CDT),,,,,,,,,,
2022-06-27 17:17 (CDT),On Demand,Matty Maggiacomo,10,Strength,Upper Body,10 min Arms & Shoulders Strength,2022-05-19 08:53 (CDT),,,,,,,59,,,
2022-06-27 17:28 (CDT),On Demand,Callie Gullickson,10,Strength,Core,10 min Strength Roll Call: Core,2022-06-22 06:22 (CDT),,,,,,,59,,,
2022-06-27 17:51 (-05),On Demand,Mila Lazar,5,Cycling,Warm Up,5 min Warm Up Ride,2022-05-17 00:37 (-05),36,122,37%,94,27.95,2.32,42,111.21,,
2022-06-27 18:03 (-05),On Demand,Mayla Wedekind,10,Cycling,Climb,10 min Climb Ride,2022-03-18 13:21 (-05),162,271,65%,70,38.24,6.37,166,149.45,,
2022-06-27 18:14 (-05),On Demand,Mila Lazar,15,Cycling,Music,15 min House Ride,2022-04-18 23:55 (-05),163,181,48%,85,32.86,8.22,189,136.71,,
2022-06-27 18:30 (-05),On Demand,Mayla Wedekind,5,Cycling,Cool Down,5 min Cool Down Ride,2022-04-01 02:03 (-05),35,118,41%,81,27.70,2.30,56,131.07,,
2022-06-27 18:38 (-05),On Demand,Jenn Sherman,5,Stretching,Pre & Post-Ride Stretch,5 min Post-Ride Stretch,2022-06-01 10:00 (-05),,,,,,,37,106.88,,
2022-06-29 16:51 (CDT),On Demand,Rebecca Kennedy,10,Strength,Lower Body,10 min Glutes & Legs Strength,2022-06-21 09:00 (CDT),,,,,,,59,,,
2022-06-29 17:09 (-05),On Demand,Sam Yo,30,Cycling,Power Zone,30 min Power Zone Endurance Ride,2022-06-29 09:30 (-05),300,206,46%,96,34.79,15.61,395,,,
2022-06-29 17:40 (-05),On Demand,Camila Ramon,5,Cycling,Cool Down,5 min Cool Down Ride,2022-06-26 10:00 (-05),39,130,47%,71,28.58,2.38,51,110.65,,
2022-06-29 17:49 (-05),On Demand,Jenn Sherman,5,Stretching,Pre & Post-Ride Stretch,5 min Post-Ride Stretch,2022-06-01 10:00 (-05),,,,,,,15,77.16,,
2022-07-01 13:28 (CDT),On Demand,Ben Alldis,30,Strength,Full Body,30 min Full Body Strength,2022-01-24 05:54 (CDT),,,,,,,177,,,
2022-07-01 14:00 (CDT),On Demand,Ben Alldis,10,Stretching,Full Body Stretch,10 min Full Body Stretch,2022-03-30 06:59 (CDT),,,,,,,29,,,
2022-07-02 11:08 (-05),On Demand,Sam Yo,45,Cycling,Power Zone,45 min Power Zone Max Ride,2022-06-29 09:30 (-05),534,198,51%,78,33.44,25.09,504,126.79,,
2022-07-02 11:54 (-05),On Demand,Hannah Frankson,5,Cycling,Cool Down,5 min Cool Down Ride,2022-02-07 02:00 (-05),32,108,41%,78,26.81,2.24,54,126.67,,
2022-07-02 12:02 (-05),On Demand,Jenn Sherman,5,Stretching,Pre & Post-Ride Stretch,5 min Post-Ride Stretch,2022-06-01 10:00 (-05),,,,,,,39,107.20,,
2022-07-03 13:58 (CDT),On Demand,Anna Greenberg,10,Meditation,Sleep,10 min Sleep Meditation,2022-05-05 09:00 (CDT),,,,,,,,,,
2022-07-04 10:53 (CDT),On Demand,Aditi Shah,5,Meditation,Theme,5 min Level Up Meditation,2022-06-27 10:00 (CDT),,,,,,,,,,
2022-07-04 11:15 (CDT),On Demand,Ben Alldis,10,Strength,Core,10 min Wimbledon Core Strength,2022-07-01 13:00 (CDT),,,,,,,59,,,
2022-07-04 11:28 (CDT),On Demand,Matty Maggiacomo,10,Strength,Upper Body,10 min Arms & Shoulders Strength,2022-04-27 09:00 (CDT),,,,,,,59,,,
2022-07-04 13:05 (-05),On Demand,Mayla Wedekind,5,Cycling,Warm Up,5 min Warm Up Ride,2022-07-02 08:12 (-05),33,111,38%,88,26.91,2.24,44,,,
2022-07-04 13:13 (-05),On Demand,Erik Jager,15,Cycling,Intervals,15 min HIIT Ride,2021-10-21 00:25 (-05),209,232,51%,88,35.95,9.00,276,,,
2022-07-04 13:29 (-05),On Demand,Mila Lazar,10,Cycling,Low Impact,10 min Low Impact Ride,2022-05-14 03:32 (-05),89,148,45%,82,30.51,5.10,118,,,
2022-07-04 13:39 (-05),On Demand,Benny Adami,5,Cycling,Cool Down,5 min Cool Down Ride,2022-01-17 04:05 (-05),37,125,44%,76,28.23,2.35,52,117.86,,
2022-07-04 13:58 (CDT),On Demand,Ben Alldis,10,Stretching,Full Body Stretch,10 min Full Body Stretch,2021-11-08 02:57 (CDT),,,,,,,29,,,
2022-07-06 16:55 (CDT),On Demand,Ben Alldis,10,Strength,Lower Body,10 min Glutes & Legs Strength,2022-06-13 05:25 (CDT),,,,,,,59,,,
2022-07-06 17:15 (-05),Live,Matt Wilpers,30,Cycling,Power Zone,30 min Power Zone Endurance Ride,2022-07-01 06:55 (-05),309,171,47%,82,31.91,15.95,408,,,
2022-07-06 17:46 (-05),On Demand,Hannah Corbin,5,Cycling,Cool Down,5 min Cool Down Ride,2022-05-15 10:00 (-05),30,100,43%,70,26.02,2.17,42,109.24,,
2022-07-06 18:03 (-05),On Demand,Jenn Sherman,5,Stretching,Pre & Post-Ride Stretch,5 min Post-Ride Stretch,2022-06-01 10:00 (-05),,,,,,,15,,,
2022-07-08 13:31 (CDT),On Demand,Ben Alldis,30,Strength,Full Body,30 min EDM Full Body Strength,2022-07-06 05:25 (CDT),,,,,,,177,,,
2022-07-08 14:02 (CDT),On Demand,Ben Alldis,10,Stretching,Full Body Stretch,10 min Full Body Stretch,2021-11-08 02:57 (CDT),,,,,,,29,73.68,,
2022-07-09 17:48 (-05),On Demand,Mayla Wedekind,5,Cycling,Warm Up,5 min Warm Up Ride,2022-07-02 08:12 (-05),31,104,37%,85,26.12,2.17,41,,,
2022-07-09 18:00 (-05),On Demand,Emma Lovewell,45,Cycling,Music,45 min Rock Ride,2019-08-21 17:19 (-05),534,198,52%,80,33.75,25.31,583,138.88,,
2022-07-09 18:46 (-05),On Demand,Leanne Hainsby-Alldis,5,Cycling,Cool Down,5 min Cool Down Ride,2022-04-01 01:00 (-05),28,95,40%,76,25.22,2.09,57,130.71,,
2022-07-09 19:03 (-05),On Demand,Jenn Sherman,5,Stretching,Pre & Post-Ride Stretch,5 min Post-Ride Stretch,2022-06-01 10:00 (-05),,,,,,,15,,,
2022-07-11 12:10 (CDT),On Demand,Rebecca Kennedy,10,Strength,Upper Body,10 min Arms & Shoulders Strength,2022-06-17 07:17 (CDT),,,,,,,59,,,
2022-07-11 12:26 (CDT),On Demand,Jess Sims,10,Strength,Lower Body,10 min Glutes & Legs Strength,2022-04-19 09:00 (CDT),,,,,,,59,,,
2022-07-11 12:48 (-05),On Demand,Benny Adami,5,Cycling,Warm Up,5 min Warm Up Ride,2022-07-07 00:39 (-05),38,119,37%,92,27.29,2.33,50,,,
2022-07-11 12:56 (-05),On Demand,Bradley Rose,20,Cycling,Music,20 min 2000s Rock Ride,2022-07-06 12:25 (-05),239,199,48%,89,34.07,11.36,237,131.67,,
2022-07-11 13:17 (-05),On Demand,Bradley Rose,5,Cycling,Cool Down,5 min Cool Down Ride,2022-04-17 02:00 (-05),51,170,47%,81,31.95,2.64,68,136.27,,
2022-07-11 13:27 (CDT),On Demand,Ben Alldis,10,Stretching,Full Body Stretch,10 min Full Body Stretch,2021-11-08 02:57 (CDT),,,,,,,46,88.25,,
2022-07-13 16:34 (CDT),On Demand,Matty Maggiacomo,10,Strength,Core,10 min Pop Core Strength,2022-07-07 09:32 (CDT),,,,,,,59,,,
2022-07-13 16:51 (-05),On Demand,Olivia Amato,30,Cycling,Power Zone,30 min Power Zone Endurance Ride,2021-09-27 04:52 (-05),306,170,46%,84,32.04,16.01,404,,,
2022-07-13 17:22 (-05),On Demand,Olivia Amato,5,Cycling,Cool Down,5 min Cool Down Ride,2022-03-11 11:00 (-05),57,190,49%,82,33.17,2.77,75,,,
2022-07-13 17:36 (-05),On Demand,Cody Rigsby,5,Stretching,Pre & Post-Ride Stretch,5 min Post-Ride Stretch,2020-01-29 11:00 (-05),,,,,,,15,,,
2022-07-15 12:24 (CDT),On Demand,Ben Alldis,30,Strength,Full Body,30 min Strength Roll Call: Full Body,2022-05-20 06:25 (CDT),,,,,,,177,,,
2022-07-15 12:56 (CDT),On Demand,Ben Alldis,10,Stretching,Full Body Stretch,10 min Full Body Stretch,2021-11-08 02:57 (CDT),,,,,,,29,,,
2022-07-16 10:28 (-05),On Demand,Mila Lazar,5,Cycling,Warm Up,5 min Warm Up Ride,2022-07-12 00:27 (-05),36,121,38%,90,27.86,2.32,40,105.36,,
2022-07-16 10:35 (-05),On Demand,Charlotte Weidenbach,45,Cycling,Music,45 min 2000s Ride,2022-07-14 10:55 (-05),532,197,53%,76,33.73,25.30,613,142.96,,
2022-07-16 11:21 (-05),On Demand,Mayla Wedekind,5,Cycling,Cool Down,5 min Cool Down Ride,2022-07-09 08:22 (-05),29,97,41%,72,25.48,2.12,55,131.24,,
2022-07-16 11:30 (-05),On Demand,Jenn Sherman,5,Stretching,Pre & Post-Ride Stretch,5 min Post-Ride Stretch,2022-06-01 10:00 (-05),,,,,,,46,116.94,,
2022-07-18 12:32 (CDT),On Demand,Ben Alldis,10,Strength,Upper Body,10 min Arms & Shoulders Strength,2022-06-23 01:00 (CDT),,,,,,,59,,,
2022-07-18 12:46 (CDT),On Demand,Matty Maggiacomo,10,Strength,Lower Body,10 min Glutes & Legs Strength,2022-04-14 09:32 (CDT),,,,,,,59,,,
2022-07-18 13:04 (-05),On Demand,Olivia Amato,30,Cycling,Power Zone,30 min Power Zone Ride,2022-05-23 06:21 (-05),355,197,47%,89,33.80,16.90,346,130.41,,
2022-07-18 13:34 (-05),On Demand,Olivia Amato,5,Cycling,Cool Down,5 min Cool Down Ride,2022-07-15 10:00 (-05),31,102,37%,87,26.12,2.17,54,127.08,,
2022-07-18 13:47 (-05),On Demand,Jenn Sherman,5,Stretching,Pre & Post-Ride Stretch,5 min Post-Ride Stretch,2022-06-01 10:00 (-05),,,,,,,27,91.01,,
2022-07-21 05:22 (CDT),On Demand,Matty Maggiacomo,10,Strength,Upper Body,10 min Arms & Shoulders Strength,2022-05-19 08:53 (CDT),,,,,,,59,,,
2022-07-21 05:39 (CDT),On Demand,Matty Maggiacomo,10,Strength,Core,10 min Pop Core Strength,2022-07-07 09:32 (CDT),,,,,,,59,,,
2022-07-21 05:52 (CDT),On Demand,Matty Maggiacomo,10,Strength,Lower Body,10 min Glutes & Legs Strength,2022-04-14 09:32 (CDT),,,,,,,59,,,
2022-07-21 06:13 (-05),On Demand,Ben Alldis,30,Cycling,Power Zone,30 min Power Zone Endurance 90s Ride,2021-12-19 06:54 (-05),305,170,48%,79,31.88,15.95,403,,,
2022-07-21 06:44 (-05),On Demand,Olivia Amato,5,Cycling,Cool Down,5 min Cool Down Ride,2022-03-11 11:00 (-05),37,123,40%,85,27.92,2.33,55,121.53,,
2022-07-21 07:11 (CDT),On Demand,Ben Alldis,10,Stretching,Full Body Stretch,10 min Full Body Stretch,2021-11-08 02:57 (CDT),,,,,,,29,,,
2022-07-23 18:10 (IST),On Demand,Ben Alldis,10,Strength,Upper Body,10 min Arms & Shoulders Strength,2022-06-23 11:30 (IST),,,,,,,59,,,
2022-07-23 18:25 (IST),On Demand,Matty Maggiacomo,10,Strength,Lower Body,10 min Glutes & Legs Strength,2022-04-14 20:02 (IST),,,,,,,59,,,
2022-07-23 18:42 (IST),On Demand,Susie Chan,30,Running,Music,30 min Rock Run,2022-06-17 23:55 (IST),0,,,,0,0,340,,0,
2022-07-24 05:04 (IST),On Demand,Anna Greenberg,10,Meditation,Sleep,10 min Sleep Meditation,2022-05-05 19:30 (IST),,,,,,,,,,
2022-07-24 05:18 (IST),On Demand,Anna Greenberg,10,Meditation,Sleep,10 min Sleep Meditation,2022-05-05 19:30 (IST),,,,,,,,,,
2022-07-25 08:48 (IST),On Demand,Emma Lovewell,10,Strength,Core,10 min Core Strength,2022-07-19 19:30 (IST),,,,,,,59,,,
2022-07-25 09:04 (IST),On Demand,Emma Lovewell,5,Stretching,Core Stretch,5 min Core Stretch,2022-01-07 20:30 (IST),,,,,,,15,,,
2022-07-26 07:30 (IST),On Demand,Matty Maggiacomo,10,Strength,Upper Body,10 min Upper Body Strength,2022-04-12 19:30 (IST),,,,,,,59,,,
2022-07-26 08:42 (IST),On Demand,Jenn Sherman,5,Stretching,Pre & Post-Ride Stretch,5 min Post-Ride Stretch,2022-06-01 20:30 (IST),,,,,,,15,,,
2022-07-26 09:50 (IST),On Demand,Kristin McGee,10,Yoga,Yoga Anywhere,10 min Chair Yoga,2022-01-06 20:30 (IST),,,,,,,47,,,
2022-07-29 07:07 (IST),On Demand,Logan Aldridge,10,Strength,Upper Body,10 min Arms & Shoulders Strength,2022-06-02 04:45 (IST),,,,,,,59,,,
2022-07-29 07:23 (IST),On Demand,Ben Alldis,10,Strength,Lower Body,10 min Glutes & Legs Strength,2022-06-13 15:55 (IST),,,,,,,57,,,
2022-07-29 07:38 (IST),On Demand,Matty Maggiacomo,10,Strength,Core,10 min Standing Core Strength,2022-07-28 20:01 (IST),,,,,,,59,,,
2022-07-29 07:56 (IST),,,8,Running,,8 min 10 sec Outdoor Running,,0,,,,3.93,0.53,42,,0,15:17
2022-07-29 08:30 (IST),On Demand,Matty Maggiacomo,5,Stretching,Post-Run Stretch,5 min Post-Run Stretch,2022-06-01 19:30 (IST),,,,,,,15,,,
2022-08-05 14:52 (CDT),On Demand,Kristin McGee,10,Yoga,Yoga Anywhere,10 min Chair Yoga,2022-01-06 09:00 (CDT),,,,,,,47,,,
2022-08-07 15:05 (CDT),On Demand,Ben Alldis,10,Strength,Upper Body,10 min Arms & Shoulders Strength,2022-06-23 01:00 (CDT),,,,,,,59,,,
2022-08-08 06:44 (CDT),On Demand,Matty Maggiacomo,10,Strength,Core,10 min 80s Core Strength,2022-08-04 07:03 (CDT),,,,,,,59,,,
2022-08-11 07:39 (-05),On Demand,Bradley Rose,5,Cycling,Warm Up,5 min Warm Up Ride,2022-08-02 00:00 (-05),37,125,39%,89,28.32,2.35,50,,,
2022-08-11 07:45 (-05),On Demand,Bradley Rose,20,Cycling,Music,20 min 2000s Rock Ride,2022-08-03 12:25 (-05),198,165,46%,83,31.54,10.53,262,,,
2022-08-11 08:05 (-05),On Demand,Hannah Frankson,5,Cycling,Cool Down,5 min Cool Down Ride,2022-07-16 02:30 (-05),29,97,34%,93,25.35,2.11,38,,,
2022-08-11 08:16 (-05),On Demand,Hannah Corbin,5,Stretching,Pre & Post-Ride Stretch,5 min Post-Ride Stretch,2022-07-24 10:00 (-05),,,,,,,15,,,
2022-08-12 11:44 (CDT),On Demand,Ben Alldis,10,Strength,Lower Body,10 min Glutes & Legs Strength,2022-06-13 05:25 (CDT),,,,,,,59,,,
2022-08-12 11:56 (CDT),On Demand,Ben Alldis,5,Stretching,Lower Body Stretch,5 min Lower Body Stretch,2022-07-18 06:01 (CDT),,,,,,,15,,,
2022-08-12 12:06 (CDT),On Demand,Logan Aldridge,10,Strength,Core,10 min Core Strength,2022-08-06 12:36 (CDT),,,,,,,59,,,
2022-08-13 10:42 (-05),On Demand,Denis Morton,30,Cycling,Power Zone,30 min Power Zone Endurance Rock Ride,2022-07-27 08:52 (-05),308,171,46%,83,31.85,15.93,330,128.16,,
2022-08-13 11:13 (-05),On Demand,Matt Wilpers,5,Cycling,Cool Down,5 min Cool Down Ride,2022-05-05 10:00 (-05),26,87,32%,95,24.40,2.03,52,124.78,,
2022-08-13 11:23 (-05),On Demand,Jenn Sherman,5,Stretching,Pre & Post-Ride Stretch,5 min Post-Ride Stretch,2022-06-01 10:00 (-05),,,,,,,15,,,
2022-08-16 06:15 (CDT),On Demand,Kristin McGee,5,Yoga,Yoga Anywhere,5 min Chair Yoga,2020-01-24 10:18 (CDT),,,,,,,18,,,
2022-08-17 05:28 (-05),On Demand,Olivia Amato,30,Cycling,Power Zone,30 min Power Zone EDM Ride,2022-08-12 10:00 (-05),323,179,49%,79,31.98,16.00,339,132.19,,
2022-08-17 05:59 (-05),On Demand,Leanne Hainsby-Alldis,5,Cycling,Cool Down,5 min Cool Down Ride,2021-12-27 03:50 (-05),33,110,40%,81,26.63,2.22,57,132.18,,
2022-08-17 06:15 (-05),On Demand,Jenn Sherman,5,Stretching,Pre & Post-Ride Stretch,5 min Post-Ride Stretch,2022-06-01 10:00 (-05),,,,,,,15,,,
2022-08-18 05:45 (CDT),On Demand,Ben Alldis,10,Strength,Core,10 min EDM Core Strength,2022-07-25 05:25 (CDT),,,,,,,59,,,
2022-08-19 11:54 (-05),On Demand,Erik Jager,30,Cycling,Power Zone,30 min Power Zone Endurance Ride,2022-08-14 08:55 (-05),327,182,46%,89,32.89,16.45,430,154.57,,
2022-08-19 12:24 (-05),On Demand,Hannah Frankson,5,Cycling,Cool Down,5 min Cool Down Ride,2022-07-16 02:30 (-05),26,87,34%,88,24.51,2.04,59,131.10,,
2022-08-20 07:25 (CDT),On Demand,Ben Alldis,20,Strength,Full Body,20 min Strength Roll Call: Full Body,2022-08-12 06:24 (CDT),,,,,,,118,,,
2022-08-20 07:47 (CDT),On Demand,Matty Maggiacomo,5,Stretching,Full Body Stretch,5 min Full Body Stretch,2022-07-27 09:00 (CDT),,,,,,,15,,,
2022-08-21 06:50 (-05),On Demand,Emma Lovewell,5,Cycling,Warm Up,5 min Warm Up Ride,2022-05-11 10:00 (-05),31,104,37%,85,25.81,2.16,30,91.75,,
2022-08-21 06:56 (-05),On Demand,Emma Lovewell,30,Cycling,Music,30 min 2000s Rock Ride,2022-06-29 10:53 (-05),314,174,47%,83,32.06,16.03,334,127.39,,
2022-08-21 07:27 (-05),On Demand,Emma Lovewell,5,Cycling,Cool Down,5 min Cool Down Ride,2022-05-11 10:00 (-05),23,77,35%,81,23.27,1.93,54,130.78,,
2022-08-21 07:36 (-05),On Demand,Jenn Sherman,5,Stretching,Pre & Post-Ride Stretch,5 min Post-Ride Stretch,2021-10-18 10:00 (-05),,,,,,,44,113.11,,
2022-08-23 06:02 (-05),On Demand,Matt Wilpers,30,Cycling,Power Zone,30 min Power Zone Ride,2022-08-03 04:52 (-05),317,176,46%,84,31.41,15.71,341,136.21,,
2022-08-23 06:33 (-05),On Demand,Matt Wilpers,5,Cycling,Cool Down,5 min Cool Down Ride,2022-08-04 10:00 (-05),20,65,29%,91,21.29,1.77,50,121.90,,
2022-08-23 06:40 (-05),On Demand,Jenn Sherman,5,Stretching,Pre & Post-Ride Stretch,5 min Post-Ride Stretch,2022-06-01 10:00 (-05),,,,,,,44,114.69,,
2022-08-24 06:20 (CDT),On Demand,Kristin McGee,5,Yoga,Yoga Anywhere,5 min Chair Yoga,2020-01-24 10:18 (CDT),,,,,,,18,,,
2022-08-24 17:00 (CDT),On Demand,Ben Alldis,20,Strength,Full Body,20 min Strength Roll Call: Full Body,2022-07-15 06:25 (CDT),,,,,,,118,86.15,,
2022-08-24 17:21 (CDT),On Demand,Ben Alldis,10,Stretching,Full Body Stretch,10 min Full Body Stretch,2021-11-08 02:57 (CDT),,,,,,,30,73.79,,
2022-08-26 05:44 (-05),On Demand,Leanne Hainsby-Alldis,5,Cycling,Warm Up,5 min Warm Up Ride,2022-07-24 01:00 (-05),27,91,35%,84,24.24,2.01,28,89.12,,
2022-08-26 05:50 (-05),On Demand,Leanne Hainsby-Alldis,30,Cycling,Music,30 min 90s Rock Ride,2022-03-30 01:25 (-05),311,173,48%,80,32.06,16.03,334,126.34,,
2022-08-26 06:21 (-05),On Demand,Leanne Hainsby-Alldis,5,Cycling,Cool Down,5 min Cool Down Ride,2022-04-01 01:00 (-05),33,110,40%,79,26.72,2.24,56,131.35,,
2022-08-26 06:28 (-05),On Demand,Jenn Sherman,5,Stretching,Pre & Post-Ride Stretch,5 min Post-Ride Stretch,2022-06-01 10:00 (-05),,,,,,,43,111.80,,
2022-08-28 07:39 (-05),On Demand,Bradley Rose,30,Cycling,Music,30 min 90s Rock Ride,2022-08-27 05:25 (-05),283,157,46%,83,30.92,15.47,374,,,
2022-08-28 08:10 (-05),On Demand,Bradley Rose,5,Cycling,Cool Down,5 min Cool Down Ride,2022-04-17 02:00 (-05),41,138,45%,78,29.60,2.46,55,,,
2022-08-28 08:24 (CDT),On Demand,Ben Alldis,10,Strength,Core,10 min Wimbledon Core Strength,2022-07-01 13:00 (CDT),,,,,,,65,98.27,,
2022-08-28 08:38 (CDT),On Demand,Jenn Sherman,5,Stretching,Pre & Post-Ride Stretch,5 min Post-Ride Stretch,2022-06-01 10:00 (CDT),,,,,,,19,84.04,,
2022-08-30 06:03 (-05),On Demand,Christine D'Ercole,30,Cycling,Power Zone,30 min Power Zone Endurance Ride,2022-07-06 08:52 (-05),302,167,43%,90,31.66,15.84,398,,,
2022-08-30 06:34 (-05),On Demand,Matt Wilpers,5,Cycling,Cool Down,5 min Cool Down Ride,2022-08-04 10:00 (-05),23,77,30%,95,23.06,1.92,46,115.56,,
2022-08-30 06:41 (-05),On Demand,Jenn Sherman,5,Stretching,Pre & Post-Ride Stretch,5 min Post-Ride Stretch,2022-06-01 10:00 (-05),,,,,,,34,101.00,,
2022-08-31 16:58 (CDT),On Demand,Ben Alldis,20,Strength,Full Body,20 min Strength Roll Call: Full Body,2022-07-15 06:25 (CDT),,,,,,,121,120.10,,
2022-08-31 17:20 (CDT),On Demand,Ben Alldis,10,Stretching,Full Body Stretch,10 min Full Body Stretch,2021-11-08 02:57 (CDT),,,,,,,33,77.47,,
2022-09-02 13:49 (-05),On Demand,Erik Jager,30,Cycling,Power Zone,30 min Power Zone Ride,2022-08-05 01:00 (-05),346,192,47%,86,32.94,16.46,357,134.44,,
2022-09-02 14:20 (-05),On Demand,Cliff Dwenger,5,Cycling,Cool Down,5 min Cool Down Ride,2022-08-28 05:00 (-05),28,92,39%,76,24.70,2.06,55,131.13,,
2022-09-02 14:41 (-05),On Demand,Jenn Sherman,5,Stretching,Pre & Post-Ride Stretch,5 min Post-Ride Stretch,2021-10-18 10:00 (-05),,,,,,,15,,,
2022-09-03 12:25 (CDT),On Demand,Ben Alldis,20,Strength,Full Body,20 min Strength Roll Call: Full Body,2022-08-29 06:25 (CDT),,,,,,,117,87.35,,
2022-09-03 12:47 (CDT),On Demand,Ben Alldis,10,Stretching,Full Body Stretch,10 min Full Body Stretch,2021-11-08 02:57 (CDT),,,,,,,32,75.06,,
2022-09-04 11:15 (-05),On Demand,Christine D'Ercole,45,Cycling,Power Zone,45 min Power Zone Endurance Rock Ride,2022-06-30 07:23 (-05),472,175,44%,91,32.35,24.27,515,128.72,,
2022-09-04 12:01 (-05),On Demand,Matt Wilpers,5,Cycling,Cool Down,5 min Cool Down Ride,2022-08-04 10:00 (-05),23,76,31%,95,22.98,1.92,57,130.86,,
2022-09-04 12:09 (-05),On Demand,Jenn Sherman,5,Stretching,Pre & Post-Ride Stretch,5 min Post-Ride Stretch,2020-09-14 08:00 (-05),,,,,,,38,104.34,,
2022-09-05 16:50 (-05),On Demand,Charlotte Weidenbach,5,Cycling,Warm Up,5 min Warm Up Ride,2022-08-01 00:37 (-05),24,79,32%,90,23.35,1.93,31,91.00,,
2022-09-05 16:57 (-05),On Demand,Mayla Wedekind,20,Cycling,Low Impact,20 min Low Impact Ride,2022-09-04 02:25 (-05),143,119,41%,82,27.87,9.29,126,95.08,,
2022-09-05 17:18 (-05),On Demand,Hannah Frankson,10,Cycling,Cool Down,10 min Cool Down Ride,2022-09-05 01:00 (-05),62,104,36%,93,26.39,4.39,76,101.93,,
2022-09-05 17:31 (-05),On Demand,Jenn Sherman,5,Stretching,Pre & Post-Ride Stretch,5 min Post-Ride Stretch,2021-05-14 08:00 (-05),,,,,,,15,74.91,,
2022-09-06 12:09 (CDT),On Demand,Kristin McGee,5,Yoga,Yoga Anywhere,5 min Chair Yoga,2020-01-24 10:18 (CDT),,,,,,,0,,,
2022-09-07 16:31 (CDT),On Demand,Ben Alldis,20,Strength,Full Body,20 min Strength Roll Call: Full Body,2022-08-29 06:25 (CDT),,,,,,,130,95.99,,
2022-09-07 16:52 (CDT),On Demand,Ben Alldis,10,Stretching,Full Body Stretch,10 min Full Body Stretch,2021-11-08 02:57 (CDT),,,,,,,29,,,
2022-09-08 05:38 (-05),On Demand,Denis Morton,30,Cycling,Power Zone,30 min Power Zone Endurance Rock Ride,2022-07-27 08:52 (-05),307,170,46%,84,31.85,15.93,313,121.74,,
2022-09-08 06:09 (-05),On Demand,Denis Morton,5,Cycling,Cool Down,5 min Cool Down Ride,2021-09-20 08:00 (-05),27,89,36%,84,24.75,2.06,50,121.02,,
2022-09-08 06:16 (-05),On Demand,Jenn Sherman,5,Stretching,Pre & Post-Ride Stretch,5 min Post-Ride Stretch,2021-10-18 10:00 (-05),,,,,,,34,100.89,,
2022-09-10 12:37 (-05),On Demand,Benny Adami,5,Cycling,Warm Up,5 min Warm Up Ride,2022-08-31 01:15 (-05),30,101,35%,89,25.46,2.11,28,93.34,,
2022-09-10 12:44 (-05),On Demand,Mayla Wedekind,30,Cycling,Intervals,30 min HIIT & Hills Ride,2022-08-02 11:22 (-05),396,220,55%,77,35.04,17.53,406,142.17,,
2022-09-10 13:15 (-05),On Demand,Mila Lazar,5,Cycling,Cool Down,5 min Cool Down Ride,2022-08-22 12:00 (-05),27,89,38%,79,24.72,2.06,35,,,
2022-09-10 13:22 (-05),On Demand,Jenn Sherman,5,Stretching,Pre & Post-Ride Stretch,5 min Post-Ride Stretch,2021-05-14 08:00 (-05),,,,,,,50,122.10,,
2022-09-11 12:27 (CDT),On Demand,Ben Alldis,20,Strength,Full Body,20 min Strength Roll Call: Full Body,2022-08-29 06:25 (CDT),,,,,,,123,93.13,,
2022-09-11 12:49 (CDT),On Demand,Ben Alldis,10,Stretching,Full Body Stretch,10 min Full Body Stretch,2021-11-08 02:57 (CDT),,,,,,,34,78.18,,
2022-09-12 12:03 (-05),On Demand,Sam Yo,30,Cycling,Power Zone,30 min Power Zone Endurance Ride,2022-06-29 09:30 (-05),303,168,46%,85,31.56,15.79,396,146.59,,
2022-09-12 12:33 (-05),On Demand,Leanne Hainsby-Alldis,5,Cycling,Cool Down,5 min Cool Down Ride,2022-09-01 01:00 (-05),36,121,41%,83,27.86,2.32,54,126.65,,
2022-09-12 12:43 (-05),On Demand,Jenn Sherman,5,Stretching,Pre & Post-Ride Stretch,5 min Post-Ride Stretch,2021-10-18 10:00 (-05),,,,,,,15,,,
2022-09-14 16:46 (-05),On Demand,Sam Yo,30,Cycling,Power Zone,30 min Power Zone Pop Ride,2022-08-30 10:00 (-05),342,190,48%,83,32.73,16.37,307,126.91,,
2022-09-14 17:17 (-05),On Demand,Sam Yo,5,Cycling,Cool Down,5 min Cool Down Ride,2022-03-04 05:00 (-05),35,116,42%,77,27.41,2.27,52,125.15,,
2022-09-14 17:24 (-05),On Demand,Jenn Sherman,5,Stretching,Pre & Post-Ride Stretch,5 min Post-Ride Stretch,2022-06-01 10:00 (-05),,,,,,,32,100.06,,
2022-09-16 06:29 (CDT),On Demand,Ben Alldis,20,Strength,Full Body,20 min Strength Roll Call: Full Body,2022-07-29 06:25 (CDT),,,,,,,118,,,
2022-09-16 06:51 (CDT),On Demand,Ben Alldis,10,Stretching,Full Body Stretch,10 min Full Body Stretch,2022-09-12 06:27 (CDT),,,,,,,30,,,
2022-09-17 09:42 (-05),On Demand,Mila Lazar,5,Cycling,Warm Up,5 min Warm Up Ride,2022-09-09 10:00 (-05),34,113,36%,93,26.83,2.24,46,112.50,,
2022-09-17 09:49 (-05),On Demand,Charlotte Weidenbach,30,Cycling,Music,30 min 2010s Rock Ride,2022-09-01 10:55 (-05),387,215,56%,76,34.91,17.45,399,141.27,,
2022-09-17 10:23 (-05),On Demand,Mayla Wedekind,5,Cycling,Cool Down,5 min Cool Down Ride,2022-09-15 10:30 (-05),33,111,44%,73,26.57,2.20,46,134.35,,
2022-09-17 10:30 (-05),On Demand,Jenn Sherman,5,Stretching,Pre & Post-Ride Stretch,5 min Post-Ride Stretch,2021-10-18 10:00 (-05),,,,,,,46,120.08,,
2022-09-18 12:06 (CDT),On Demand,Ben Alldis,20,Strength,Full Body,20 min Strength Roll Call: Full Body,2022-07-29 06:25 (CDT),,,,,,,118,96.81,,
2022-09-18 12:27 (CDT),On Demand,Ben Alldis,10,Stretching,Full Body Stretch,10 min Full Body Stretch,2022-09-12 06:27 (CDT),,,,,,,32,75.78,,
2022-09-19 11:25 (-05),Live,Olivia Amato,30,Cycling,Power Zone,30 min Power Zone Endurance Pop Ride,2022-09-17 06:55 (-05),327,182,48%,82,32.89,16.45,394,136.17,,
2022-09-19 11:55 (-05),On Demand,Alex Toussaint,5,Cycling,Cool Down,5 min Cool Down Ride,2022-05-31 10:00 (-05),28,94,41%,71,25.15,2.09,45,115.42,,
2022-09-19 12:02 (-05),On Demand,Jenn Sherman,5,Stretching,Pre & Post-Ride Stretch,5 min Post-Ride Stretch,2022-06-01 10:00 (-05),,,,,,,28,94.04,,
2022-09-21 05:40 (-05),On Demand,Matt Wilpers,30,Cycling,Power Zone,30 min Power Zone Ride,2022-09-14 05:52 (-05),339,189,50%,79,32.70,16.35,346,128.95,,
2022-09-21 06:11 (-05),On Demand,Emma Lovewell,5,Cycling,Cool Down,5 min Cool Down Ride,2022-05-11 10:00 (-05),24,79,36%,79,23.58,1.96,53,126.88,,
2022-09-21 06:17 (-05),On Demand,Jenn Sherman,5,Stretching,Pre & Post-Ride Stretch,5 min Post-Ride Stretch,2022-06-01 10:00 (-05),,,,,,,43,113.87,,
2022-09-23 05:53 (CDT),On Demand,Ben Alldis,20,Strength,Full Body,20 min Strength Roll Call: Full Body,2022-06-24 03:30 (CDT),,,,,,,118,,,
2022-09-23 06:15 (CDT),On Demand,Assal Arian,10,Stretching,Full Body Stretch,10 min Full Body Stretch,2022-08-09 07:00 (CDT),,,,,,,30,,,
2022-09-24 16:23 (-05),On Demand,Olivia Amato,30,Cycling,Power Zone,30 min Power Zone Ride,2021-10-25 06:25 (-05),381,212,50%,85,34.54,17.27,361,132.71,,
2022-09-24 16:53 (-05),On Demand,Olivia Amato,5,Cycling,Cool Down,5 min Cool Down Ride,2022-07-15 10:00 (-05),28,93,35%,88,25.30,2.11,58,133.55,,
2022-09-24 17:01 (-05),On Demand,Jenn Sherman,5,Stretching,Pre & Post-Ride Stretch,5 min Post-Ride Stretch,2022-06-01 10:00 (-05),,,,,,,46,117.01,,
2022-09-25 17:36 (CDT),On Demand,Ben Alldis,20,Strength,Full Body,20 min Strength Roll Call: Full Body,2022-08-29 06:25 (CDT),,,,,,,118,,,
2022-09-25 17:58 (CDT),On Demand,Ben Alldis,10,Stretching,Full Body Stretch,10 min Full Body Stretch,2022-09-12 06:27 (CDT),,,,,,,30,,,
2022-09-26 12:05 (-05),On Demand,Erik Jager,30,Cycling,Power Zone,30 min Power Zone Endurance Ride,2022-07-29 00:30 (-05),318,177,48%,82,32.44,16.22,420,,,
2022-09-26 12:35 (-05),On Demand,Erik Jager,5,Cycling,Cool Down,5 min Cool Down Ride,2022-05-29 08:05 (-05),41,138,43%,85,29.72,2.48,54,,,
2022-09-26 12:45 (-05),On Demand,Bradley Rose,5,Stretching,Pre & Post-Ride Stretch,5 min Post-Ride Stretch,2022-09-26 01:00 (-05),,,,,,,29,,,
2022-09-27 11:00 (CDT),On Demand,Kristin McGee,5,Yoga,Yoga Anywhere,5 min Chair Yoga,2020-01-24 10:18 (CDT),,,,,,,18,,,
2022-09-28 16:56 (-05),On Demand,Christine D'Ercole,10,Cycling,Power Zone,10 min FTP Warm Up Ride,2022-04-07 10:00 (-05),85,142,42%,85,29.18,4.86,78,105.83,,
2022-09-28 17:08 (-05),On Demand,Christine D'Ercole,20,Cycling,Power Zone,20 min FTP Test Ride,2022-04-07 10:00 (-05),323,269,59%,77,38.40,12.83,299,151.64,,
2022-09-28 17:32 (-05),On Demand,Matt Wilpers,5,Cycling,Cool Down,5 min Cool Down Ride,2022-08-04 10:00 (-05),19,64,29%,91,21.16,1.77,46,122.17,,
2022-09-28 17:38 (-05),On Demand,Jenn Sherman,5,Stretching,Pre & Post-Ride Stretch,5 min Post-Ride Stretch,2022-06-01 10:00 (-05),,,,,,,44,115.59,,
2022-09-30 11:32 (CDT),On Demand,Callie Gullickson,20,Strength,Full Body,20 min Pop Punk Full Body Strength,2022-09-17 08:56 (CDT),,,,,,,117,82.19,,
2022-09-30 11:56 (CDT),On Demand,Ben Alldis,10,Stretching,Full Body Stretch,10 min Tropical House Full Body Stretch,2022-07-27 06:05 (CDT),,,,,,,30,67.92,,
2022-10-01 13:22 (-05),On Demand,Christine D'Ercole,30,Cycling,Power Zone,30 min Power Zone Endurance Ride,2022-09-26 08:55 (-05),315,175,44%,92,32.28,16.14,335,130.83,,
2022-10-01 13:53 (-05),On Demand,Hannah Frankson,5,Cycling,Cool Down,5 min Cool Down Ride,2022-07-16 02:30 (-05),28,94,34%,91,25.09,2.08,52,123.50,,
2022-10-01 14:00 (-05),On Demand,Jenn Sherman,5,Stretching,Pre & Post-Ride Stretch,5 min Post-Ride Stretch,2022-06-01 10:00 (-05),,,,,,,34,100.36,,
2022-10-01 22:24 (CDT),On Demand,Nico Sarani,10,Meditation,Sleep,10 min Sleep Meditation,2022-08-22 10:00 (CDT),,,,,,,,,,
2022-10-02 10:05 (CDT),On Demand,Ben Alldis,20,Strength,Full Body,20 min Strength Roll Call: Full Body,2022-09-26 06:24 (CDT),,,,,,,131,92.52,,
2022-10-02 10:26 (CDT),On Demand,Ben Alldis,10,Stretching,Full Body Stretch,10 min Full Body Stretch,2022-09-12 06:27 (CDT),,,,,,,34,78.76,,
2022-10-03 07:02 (-05),On Demand,Erik Jager,30,Cycling,Power Zone,30 min Power Zone 90s Ride,2022-09-27 12:00 (-05),343,190,48%,83,33.06,16.53,363,133.37,,
2022-10-03 07:33 (-05),On Demand,Charlotte Weidenbach,5,Cycling,Cool Down,5 min Cool Down Ride,2022-09-29 09:11 (-05),31,104,40%,80,26.46,2.20,49,118.44,,
2022-10-03 07:39 (-05),On Demand,Jenn Sherman,5,Stretching,Pre & Post-Ride Stretch,5 min Post-Ride Stretch,2021-10-18 10:00 (-05),,,,,,,38,105.84,,
2022-10-06 16:27 (-05),On Demand,Matt Wilpers,30,Cycling,Power Zone,30 min Power Zone Endurance Hip Hop Ride,2022-08-24 05:52 (-05),325,181,46%,88,32.81,16.40,429,,,
2022-10-06 16:57 (-05),On Demand,Alex Toussaint,5,Cycling,Cool Down,5 min Cool Down Ride,2022-05-31 10:00 (-05),28,94,41%,73,25.38,2.11,37,,,
2022-10-06 17:04 (-05),On Demand,Jenn Sherman,5,Stretching,Pre & Post-Ride Stretch,5 min Post-Ride Stretch,2022-06-01 10:00 (-05),,,,,,,15,,,
2022-10-08 06:55 (-05),On Demand,Matt Wilpers,30,Cycling,Power Zone,30 min Power Zone Ride,2022-06-01 04:52 (-05),335,186,49%,81,32.43,16.21,335,127.15,,
2022-10-08 07:26 (-05),On Demand,Emma Lovewell,5,Cycling,Cool Down,5 min Prince Cool Down Ride,2020-08-12 16:05 (-05),33,109,41%,80,26.88,2.24,43,,,
2022-10-08 07:33 (-05),On Demand,Jenn Sherman,5,Stretching,Pre & Post-Ride Stretch,5 min Post-Ride Stretch,2022-06-01 10:00 (-05),,,,,,,43,111.35,,
2022-10-09 11:02 (CDT),On Demand,Ben Alldis,20,Strength,Full Body,20 min Strength Roll Call: Full Body,2022-09-26 06:24 (CDT),,,,,,,132,90.15,,
2022-10-09 11:23 (CDT),On Demand,Ben Alldis,10,Stretching,Full Body Stretch,10 min Full Body Stretch,2021-11-08 02:57 (CDT),,,,,,,30,73.17,,
2022-10-09 11:34 (CDT),On Demand,Kristin McGee,5,Meditation,Relaxation,5 min Calming Meditation,2022-09-14 10:00 (CDT),,,,,,,,60.57,,
2022-10-10 06:26 (CDT),On Demand,Aditi Shah,5,Meditation,Morning,5 min Morning Meditation,2022-08-27 07:24 (CDT),,,,,,,,,,
2022-10-10 11:37 (-05),On Demand,Mila Lazar,5,Cycling,Warm Up,5 min Warm Up Ride,2022-09-09 10:00 (-05),38,126,38%,92,28.24,2.35,50,,,
2022-10-10 11:43 (-05),On Demand,Leanne Hainsby-Alldis,30,Cycling,Music,30 min 2000s Rock Ride,2022-09-18 09:25 (-05),345,192,47%,90,33.62,16.82,379,136.91,,
2022-10-10 12:14 (-05),On Demand,Bradley Rose,5,Cycling,Cool Down,5 min Cool Down Ride,2022-09-26 01:00 (-05),36,121,40%,85,28.18,2.35,58,132.95,,
2022-10-10 12:20 (-05),On Demand,Jenn Sherman,5,Stretching,Pre & Post-Ride Stretch,5 min Post-Ride Stretch,2022-06-01 10:00 (-05),,,,,,,47,117.50,,
2022-10-11 15:10 (CDT),On Demand,Kristin McGee,5,Yoga,Yoga Anywhere,5 min Chair Yoga,2020-01-24 10:18 (CDT),,,,,,,18,,,
2022-10-12 16:40 (-05),On Demand,Sam Yo,30,Cycling,Power Zone,30 min Power Zone Endurance Ride,2022-06-29 09:30 (-05),319,177,47%,85,32.49,16.24,316,123.13,,
2022-10-12 17:11 (-05),On Demand,Ben Alldis,5,Cycling,Cool Down,5 min Cool Down Ride,2022-05-03 13:00 (-05),40,135,45%,77,29.34,2.43,51,122.75,,
2022-10-12 17:18 (-05),On Demand,Jenn Sherman,5,Stretching,Pre & Post-Ride Stretch,5 min Post-Ride Stretch,2022-06-01 10:00 (-05),,,,,,,28,92.83,,
2022-10-14 16:46 (CDT),On Demand,Ben Alldis,20,Strength,Full Body,20 min Strength Roll Call: Full Body,2022-08-29 06:25 (CDT),,,,,,,122,92.76,,
2022-10-14 17:07 (CDT),On Demand,Ben Alldis,10,Stretching,Full Body Stretch,10 min Full Body Stretch,2021-11-08 02:57 (CDT),,,,,,,29,,,
2022-10-15 12:55 (-05),On Demand,Mila Lazar,5,Cycling,Warm Up,5 min Warm Up Ride,2022-09-09 10:00 (-05),36,121,37%,89,27.47,2.29,32,99.31,,
2022-10-15 13:02 (-05),On Demand,Mayla Wedekind,30,Cycling,Intervals,30 min HIIT & Hills Ride,2022-06-28 10:55 (-05),427,237,63%,67,36.13,18.06,564,,,
2022-10-15 13:33 (-05),On Demand,Mila Lazar,5,Cycling,Cool Down,5 min Cool Down Ride,2022-04-12 00:42 (-05),29,97,40%,74,25.41,2.11,58,130.94,,
2022-10-15 13:42 (-05),On Demand,Jenn Sherman,5,Stretching,Pre & Post-Ride Stretch,5 min Post-Ride Stretch,2022-06-01 10:00 (-05),,,,,,,45,115.17,,
2022-10-16 12:43 (CDT),On Demand,Ben Alldis,20,Strength,Full Body,20 min Strength Roll Call: Full Body,2022-08-29 06:25 (CDT),,,,,,,132,95.88,,
2022-10-16 13:05 (CDT),On Demand,Ben Alldis,10,Stretching,Full Body Stretch,10 min Full Body Stretch,2021-11-08 02:57 (CDT),,,,,,,31,76.85,,
2022-10-17 12:10 (-05),On Demand,Denis Morton,30,Cycling,Power Zone,30 min Power Zone Endurance Ride,2022-03-30 08:52 (-05),326,181,47%,82,32.75,16.38,326,125.67,,
2022-10-17 12:40 (-05),On Demand,Alex Toussaint,5,Cycling,Cool Down,5 min Cool Down Ride,2022-05-31 10:00 (-05),26,86,40%,69,24.48,2.03,45,115.17,,
2022-10-17 12:47 (-05),On Demand,Jenn Sherman,5,Stretching,Pre & Post-Ride Stretch,5 min Post-Ride Stretch,2021-10-18 10:00 (-05),,,,,,,26,90.87,,
2022-10-17 15:49 (CDT),On Demand,Kristin McGee,5,Yoga,Yoga Anywhere,5 min Chair Yoga,2020-01-24 10:18 (CDT),,,,,,,18,,,
2022-10-18 15:32 (CDT),On Demand,Kristin McGee,5,Yoga,Yoga Anywhere,5 min Chair Yoga,2020-01-24 10:18 (CDT),,,,,,,18,,,
2022-10-19 06:33 (CDT),On Demand,Anna Greenberg,5,Meditation,Breath,5 min Breathing Meditation,2022-08-31 10:00 (CDT),,,,,,,,,,
2022-10-19 17:01 (-05),On Demand,Christine D'Ercole,30,Cycling,Power Zone,30 min Power Zone Endurance Ride,2022-07-06 08:52 (-05),312,173,45%,87,32.11,16.05,300,120.58,,
2022-10-19 17:31 (-05),On Demand,Ben Alldis,5,Cycling,Cool Down,5 min Cool Down Ride,2022-05-03 13:00 (-05),37,124,44%,75,28.44,2.37,49,119.38,,
2022-10-19 17:39 (-05),On Demand,Jenn Sherman,5,Stretching,Pre & Post-Ride Stretch,5 min Post-Ride Stretch,2022-06-01 10:00 (-05),,,,,,,25,90.49,,
2022-10-19 18:52 (CDT),,,13,Running,,13 min 48 sec Outdoor Running,,0,,,,9.69,2.04,160,,0,6:12
2022-10-19 20:12 (CDT),On Demand,Susie Chan,5,Stretching,Post-Run Stretch,5 min Post-Run Stretch,2022-01-25 03:12 (CDT),,,,,,,15,,,
2022-10-21 05:59 (CDT),On Demand,Kirra Michel,5,Meditation,Morning,5 min Morning Meditation,2022-08-16 10:00 (CDT),,,,,,,,,,
2022-10-21 06:05 (CDT),On Demand,Aditi Shah,5,Meditation,Breath,5 min Breathwork: Alternate Nostril,2022-01-01 02:00 (CDT),,,,,,,,,,
2022-10-21 12:18 (CDT),On Demand,Ben Alldis,20,Strength,Full Body,20 min Strength Roll Call: Full Body,2022-06-10 06:26 (CDT),,,,,,,133,95.40,,
2022-10-21 12:39 (CDT),On Demand,Ben Alldis,10,Stretching,Full Body Stretch,10 min Full Body Stretch,2022-03-30 06:59 (CDT),,,,,,,30,75.67,,
2022-10-22 11:18 (CDT),,,35,Running,,35 min 15 sec Outdoor Running,,0,,,,10.11,5.70,447,124.88,0,5:56
2022-10-22 12:12 (CDT),On Demand,Susie Chan,5,Stretching,Post-Run Stretch,5 min Post-Run Stretch,2022-10-13 00:30 (CDT),,,,,,,15,,,
2022-10-22 12:18 (CDT),On Demand,Susie Chan,5,Stretching,Post-Run Stretch,5 min Post-Run Stretch,2022-10-13 00:30 (CDT),,,,,,,22,87.96,,
2022-10-22 12:24 (CDT),On Demand,Anna Greenberg,5,Meditation,Breath,5 min Breathwork: Equal Breath,2022-01-01 02:00 (CDT),,,,,,,,69.86,,
2022-10-23 13:57 (CDT),On Demand,Kristin McGee,10,Meditation,Sleep,10 min Sleep Meditation,2022-09-28 10:00 (CDT),,,,,,,,,,
2022-10-23 16:37 (CDT),On Demand,Ben Alldis,20,Strength,Full Body,20 min Strength Roll Call: Full Body,2022-06-10 06:26 (CDT),,,,,,,130,91.08,,
2022-10-23 17:34 (CDT),On Demand,Ben Alldis,10,Stretching,Full Body Stretch,10 min Full Body Stretch,2022-03-30 06:59 (CDT),,,,,,,29,64.72,,
2022-10-23 17:45 (CDT),On Demand,Anna Greenberg,5,Meditation,Breath,5 min Breathwork: Equal Breath,2022-01-01 02:00 (CDT),,,,,,,,55.20,,
2022-10-24 06:42 (CDT),On Demand,Kristin McGee,5,Meditation,Morning,5 min Morning Meditation,2022-07-28 10:00 (CDT),,,,,,,,,,
2022-10-24 06:47 (CDT),On Demand,Anna Greenberg,5,Meditation,Breath,5 min Breathwork: Equal Breath,2022-01-01 02:00 (CDT),,,,,,,,,,
2022-10-24 11:49 (-05),On Demand,Denis Morton,30,Cycling,Power Zone,30 min Power Zone Endurance Ride,2022-05-18 08:53 (-05),326,181,50%,78,32.77,16.38,318,125.45,,
2022-10-24 12:20 (-05),On Demand,Charlotte Weidenbach,5,Cycling,Cool Down,5 min Cool Down Ride,2022-09-29 09:11 (-05),31,104,40%,77,26.39,2.19,40,108.21,,
2022-10-24 12:27 (-05),On Demand,Jenn Sherman,5,Stretching,Pre & Post-Ride Stretch,5 min Post-Ride Stretch,2021-10-18 10:00 (-05),,,,,,,19,83.75,,
2022-10-25 12:04 (CDT),On Demand,Kristin McGee,5,Yoga,Yoga Anywhere,5 min Chair Yoga,2020-01-24 10:18 (CDT),,,,,,,19,56.86,,
2022-10-25 15:17 (CDT),On Demand,Anna Greenberg,5,Meditation,Breath,5 min Breathwork: Equal Breath,2022-01-01 02:00 (CDT),,,,,,,,48.25,,
2022-10-25 19:05 (CDT),,,5,Running,,5 min 15 sec Outdoor Running,,0,,,,10.75,0.85,69,,0,5:35
2022-10-25 19:25 (CDT),On Demand,Susie Chan,5,Stretching,Post-Run Stretch,5 min Post-Run Stretch,2022-10-13 00:30 (CDT),,,,,,,15,,,
2022-10-26 17:02 (-05),On Demand,Christine D'Ercole,30,Cycling,Power Zone,30 min Power Zone Endurance Rock Ride,2022-10-24 08:53 (-05),310,172,45%,87,32.09,16.05,292,117.24,,
2022-10-26 17:32 (-05),On Demand,Bradley Rose,5,Cycling,Cool Down,5 min Cool Down Ride,2022-09-26 01:00 (-05),39,129,41%,85,28.76,2.40,51,122.63,,
2022-10-26 17:38 (-05),On Demand,Jenn Sherman,5,Stretching,Pre & Post-Ride Stretch,5 min Post-Ride Stretch,2022-06-01 10:00 (-05),,,,,,,23,88.91,,
2022-10-27 15:06 (CDT),On Demand,Kristin McGee,5,Yoga,Yoga Anywhere,5 min Chair Yoga,2020-01-24 10:18 (CDT),,,,,,,18,,,
2022-10-28 06:07 (CDT),On Demand,Aditi Shah,5,Meditation,Breath,5 min Breathwork: Alternate Nostril,2022-01-01 02:00 (CDT),,,,,,,,,,
2022-10-28 16:52 (CDT),On Demand,Ben Alldis,20,Strength,Full Body,20 min Strength Roll Call: Full Body,2022-10-24 06:25 (CDT),,,,,,,119,85.05,,
2022-10-28 17:13 (CDT),On Demand,Ben Alldis,10,Stretching,Full Body Stretch,10 min Full Body Stretch,2021-11-08 02:57 (CDT),,,,,,,29,,,
2022-10-29 08:00 (CDT),,,36,Running,,36 min 27 sec Outdoor Running,,0,,,,8.61,5.04,394,,0,6:58
2022-10-29 09:43 (CDT),On Demand,Aditi Shah,20,Yoga,Slow Flow,20 min Slow Flow,2022-07-01 09:00 (CDT),,,,,,,82,,,
2022-10-29 10:06 (CDT),On Demand,Susie Chan,5,Stretching,Post-Run Stretch,5 min Post-Run Stretch,2022-10-13 00:30 (CDT),,,,,,,15,,,
2022-10-29 15:54 (CDT),On Demand,Aditi Shah,10,Meditation,Sleep,10 min Sleep Meditation,2022-08-09 10:00 (CDT),,,,,,,,,,
2022-10-30 14:27 (CDT),On Demand,Ben Alldis,20,Strength,Full Body,20 min Full Body Strength,2022-08-24 05:25 (CDT),,,,,,,118,,,
2022-10-30 14:49 (CDT),On Demand,Matty Maggiacomo,5,Stretching,Full Body Stretch,5 min Full Body Stretch,2022-07-27 09:00 (CDT),,,,,,,15,,,
2022-10-31 12:05 (-05),On Demand,Mila Lazar,5,Cycling,Warm Up,5 min Warm Up Ride,2022-09-09 10:00 (-05),37,124,38%,88,27.58,2.30,49,,,
2022-10-31 12:12 (-05),On Demand,Mayla Wedekind,30,Cycling,Intervals,30 min HIIT & Hills Ride,2022-06-28 10:55 (-05),421,234,62%,67,35.97,17.99,401,141.59,,
2022-10-31 12:43 (-05),On Demand,Mila Lazar,5,Cycling,Cool Down,5 min Cool Down Ride,2022-04-12 00:42 (-05),25,84,36%,79,23.77,1.98,51,125.24,,
2022-10-31 12:52 (-05),On Demand,Jenn Sherman,5,Stretching,Pre & Post-Ride Stretch,5 min Post-Ride Stretch,2021-10-18 10:00 (-05),,,,,,,37,106.14,,
2022-10-31 21:16 (CDT),On Demand,Kristin McGee,10,Meditation,Sleep,10 min Sleep Meditation,2022-09-28 10:00 (CDT),,,,,,,,,,
2022-11-02 17:21 (CDT),,,10,Running,,10 min Outdoor Running,,0,,,,8.13,1.26,98,,0,7:23
2022-11-02 17:58 (-05),On Demand,Erik Jager,30,Cycling,Power Zone,30 min Power Zone Endurance German Pop,2022-10-05 00:22 (-05),317,176,47%,83,32.40,16.21,393,140.42,,
2022-11-02 18:29 (-05),On Demand,Benny Adami,5,Cycling,Cool Down,5 min Cool Down Ride,2022-10-07 09:26 (-05),36,121,41%,82,28.07,2.33,54,127.04,,
2022-11-02 18:36 (-05),On Demand,Jenn Sherman,5,Stretching,Pre & Post-Ride Stretch,5 min Post-Ride Stretch,2021-10-18 10:00 (-05),,,,,,,33,99.62,,
2022-11-03 06:42 (CDT),On Demand,Denis Morton,5,Meditation,Breath,5 min Breathwork: Box Breath,2021-10-01 09:00 (CDT),,,,,,,,,,
2022-11-03 11:22 (CDT),On Demand,Aditi Shah,5,Meditation,Breath,5 min Breathing Meditation,2022-10-31 10:00 (CDT),,,,,,,,,,
2022-11-04 06:17 (CDT),On Demand,Aditi Shah,10,Meditation,Morning,10 min Morning Meditation,2022-10-08 07:25 (CDT),,,,,,,,,,
2022-11-05 14:06 (CDT),On Demand,Kristin McGee,10,Meditation,Sleep,10 min Sleep Meditation,2022-09-28 10:00 (CDT),,,,,,,,,,
2022-11-05 16:32 (-05),On Demand,Bradley Rose,30,Cycling,Music,30 min 2000s Rock Ride,2022-10-23 09:25 (-05),321,179,47%,85,32.64,16.32,372,137.75,,
2022-11-05 17:03 (-05),On Demand,Bradley Rose,5,Cycling,Cool Down,5 min Cool Down Ride,2022-04-17 02:00 (-05),50,167,45%,85,31.90,2.64,66,,,
2022-11-05 17:26 (-05),On Demand,Jenn Sherman,5,Stretching,Pre & Post-Ride Stretch,5 min Post-Ride Stretch,2020-09-14 08:00 (-05),,,,,,,15,,,
2022-11-06 10:31 (CDT),On Demand,Ben Alldis,20,Strength,Full Body,20 min Full Body Strength,2022-04-05 05:10 (CDT),,,,,,,132,90.88,,
2022-11-06 10:53 (CDT),On Demand,Assal Arian,10,Stretching,Full Body Stretch,10 min Full Body Stretch,2022-10-13 01:00 (CDT),,,,,,,30,,,
2022-11-06 11:04 (CDT),On Demand,Nico Sarani,5,Meditation,Emotions,5 min Happiness Meditation,2022-09-08 10:00 (CDT),,,,,,,,,,
2022-11-07 12:00 (-06),On Demand,Mila Lazar,5,Cycling,Warm Up,5 min Warm Up Ride,2022-10-19 09:00 (-06),30,100,35%,86,25.04,2.08,39,,,
2022-11-07 12:07 (-06),On Demand,Mayla Wedekind,30,Cycling,Intervals,30 min HIIT & Hills Ride,2022-04-12 10:22 (-06),421,234,58%,74,36.02,18.01,391,140.89,,
2022-11-07 12:42 (-06),On Demand,Mila Lazar,5,Cycling,Cool Down,5 min Cool Down Ride,2022-04-11 23:42 (-06),26,89,41%,72,24.24,2.01,35,,,
2022-11-07 12:49 (-06),On Demand,Jenn Sherman,5,Stretching,Pre & Post-Ride Stretch,5 min Post-Ride Stretch,2021-10-18 09:00 (-06),,,,,,,15,,,
2022-11-08 11:34 (CDT),On Demand,Ross Rayburn,5,Meditation,Breath,5 min Breathing Meditation,2022-10-06 10:00 (CDT),,,,,,,,,,
2022-11-08 11:36 (CDT),On Demand,Aditi Shah,5,Yoga,Yoga Anywhere,5 min Chair Yoga,2020-10-02 09:00 (CDT),,,,,,,24,,,
2022-11-09 16:54 (-06),On Demand,Matt Wilpers,30,Cycling,Power Zone,30 min Power Zone Endurance Classic Rock,2022-09-21 04:55 (-06),323,179,47%,83,32.64,16.33,294,118.91,,
2022-11-09 17:24 (-06),On Demand,Matt Wilpers,5,Cycling,Cool Down,5 min Cool Down Ride,2022-05-05 09:00 (-06),25,85,31%,97,24.00,2.00,34,,,
2022-11-09 17:32 (-06),On Demand,Bradley Rose,5,Stretching,Pre & Post-Ride Stretch,5 min Post-Ride Stretch,2022-09-26 00:00 (-06),,,,,,,15,,,
2022-11-10 05:25 (CDT),On Demand,Ben Alldis,20,Strength,Full Body,20 min Strength Roll Call: Full Body,2022-11-07 06:24 (CDT),,,,,,,136,91.07,,
2022-11-10 05:49 (CDT),On Demand,Ben Alldis,10,Stretching,Full Body Stretch,10 min Full Body Stretch,2021-11-08 02:57 (CDT),,,,,,,29,,,
2022-11-12 10:45 (-06),On Demand,Christine D'Ercole,30,Cycling,Power Zone,30 min Power Zone Endurance 80s Ride,2022-11-07 08:53 (-06),317,176,49%,79,32.49,16.24,307,122.35,,
2022-11-12 11:18 (-06),On Demand,Hannah Corbin,5,Cycling,Cool Down,5 min Cool Down Ride,2022-10-25 09:00 (-06),22,72,38%,68,22.61,1.88,33,98.39,,
2022-11-12 11:27 (-06),On Demand,Emma Lovewell,5,Stretching,Pre & Post-Ride Stretch,5 min Post-Ride Stretch,2022-11-07 10:00 (-06),,,,,,,17,82.22,,
2022-11-13 11:52 (CDT),On Demand,Ben Alldis,20,Strength,Full Body,20 min Strength Roll Call: Full Body,2022-11-07 06:24 (CDT),,,,,,,120,96.14,,
2022-11-13 12:14 (CDT),On Demand,Ben Alldis,10,Stretching,Full Body Stretch,10 min Full Body Stretch,2021-11-08 02:57 (CDT),,,,,,,38,79.78,,
2022-11-14 17:09 (-06),On Demand,Mila Lazar,5,Cycling,Warm Up,5 min Warm Up Ride,2022-09-09 09:00 (-06),30,100,35%,88,25.54,2.12,30,90.90,,
2022-11-14 17:16 (-06),On Demand,Mayla Wedekind,30,Cycling,Intervals,30 min HIIT & Hills Ride,2022-03-16 11:55 (-06),403,224,60%,68,35.26,17.64,397,140.51,,
2022-11-14 17:47 (-06),On Demand,Mila Lazar,5,Cycling,Cool Down,5 min Cool Down Ride,2022-08-22 11:00 (-06),26,87,38%,77,24.06,2.01,56,132.25,,
2022-11-14 17:54 (-06),On Demand,Jenn Sherman,5,Stretching,Pre & Post-Ride Stretch,5 min Post-Ride Stretch,2022-06-01 09:00 (-06),,,,,,,24,105.52,,
2022-11-15 06:34 (CDT),On Demand,Kristin McGee,5,Meditation,Emotions,5 min Acceptance Meditation,2022-11-09 10:00 (CDT),,,,,,,,,,
2022-11-16 17:48 (CDT),On Demand,Ben Alldis,20,Strength,Full Body,20 min Strength Roll Call: Full Body,2022-11-07 06:24 (CDT),,,,,,,126,93.78,,
2022-11-16 18:10 (CDT),On Demand,Ben Alldis,10,Stretching,Full Body Stretch,10 min Full Body Stretch,2021-11-08 02:57 (CDT),,,,,,,30,75.32,,
2022-11-17 16:43 (-06),On Demand,Erik Jager,30,Cycling,Power Zone,30 min Power Zone Endurance Ride,2022-11-12 09:25 (-06),325,180,47%,84,32.72,16.37,388,139.19,,
2022-11-17 17:14 (-06),On Demand,Bradley Rose,5,Cycling,Cool Down,5 min Cool Down Ride,2022-09-26 00:00 (-06),38,126,41%,82,28.58,2.38,55,127.89,,
2022-11-17 17:21 (-06),On Demand,Jenn Sherman,5,Stretching,Pre & Post-Ride Stretch,5 min Post-Ride Stretch,2021-10-18 09:00 (-06),,,,,,,15,,,
2022-11-19 09:39 (-06),Live,Christine D'Ercole,30,Cycling,Power Zone,30 min Power Zone Endurance Ride,2022-11-15 12:54 (-06),0,32,32%,52,14.77,0.05,0,,,
2022-11-19 09:42 (-06),On Demand,Christine D'Ercole,30,Cycling,Power Zone,30 min Power Zone Endurance Ride,2022-11-15 12:54 (-06),298,166,42%,92,31.80,15.90,326,126.24,,
2022-11-19 10:13 (-06),On Demand,Emma Lovewell,5,Cycling,Cool Down,5 min Cool Down Ride,2022-11-07 10:00 (-06),23,78,35%,78,23.27,1.95,39,107.89,,
2022-11-19 10:31 (CDT),On Demand,Ben Alldis,10,Strength,Upper Body,10 min Upper Body Strength,2022-10-05 05:55 (CDT),,,,,,,61,94.16,,
2022-11-19 10:43 (CDT),On Demand,Ben Alldis,10,Stretching,Full Body Stretch,10 min Full Body Stretch,2021-11-08 02:57 (CDT),,,,,,,34,76.82,,
2022-11-21 09:41 (CDT),On Demand,Assal Arian,20,Strength,Bodyweight,20 min Bodyweight Strength,2022-10-26 03:55 (CDT),,,,,,,118,,,
2022-11-22 13:51 (-06),On Demand,Mayla Wedekind,5,Cycling,Warm Up,5 min Warm Up Ride,2021-12-03 00:25 (-06),36,120,38%,87,26.99,2.24,47,,,
2022-11-22 13:59 (-06),On Demand,Mila Lazar,30,Cycling,Intervals,30 min HIIT & Hills Ride,2022-11-02 23:55 (-06),405,225,55%,77,35.52,17.75,535,,,
2022-11-22 14:30 (-06),On Demand,Mayla Wedekind,5,Cycling,Cool Down,5 min Cool Down Ride,2022-11-07 10:30 (-06),22,74,35%,76,22.45,1.87,29,,,
2022-11-22 14:37 (-06),On Demand,Leanne Hainsby-Alldis,5,Stretching,Pre & Post-Ride Stretch,5 min Post-Ride Stretch,2022-11-17 01:00 (-06),,,,,,,15,,,
2022-11-23 13:40 (CDT),On Demand,Ben Alldis,20,Strength,Full Body,20 min Strength Roll Call: Full Body,2022-11-07 06:24 (CDT),,,,,,,118,,,
2022-11-23 14:02 (CDT),On Demand,Ben Alldis,10,Stretching,Full Body Stretch,10 min Full Body Stretch,2021-11-08 02:57 (CDT),,,,,,,29,,,
2022-11-24 16:23 (-06),On Demand,Hannah Corbin,30,Cycling,Music,30 min 90s Rock Ride,2022-11-06 10:55 (-06),295,164,45%,84,31.21,15.59,390,,,
2022-11-24 16:55 (-06),On Demand,Leanne Hainsby-Alldis,10,Cycling,Cool Down,10 min Cool Down Ride,2022-11-17 01:00 (-06),68,113,39%,83,27.04,4.51,89,,,
2022-11-24 17:10 (-06),On Demand,Jenn Sherman,5,Stretching,Pre & Post-Ride Stretch,5 min Post-Ride Stretch,2020-01-13 14:02 (-06),,,,,,,12,,,
2022-11-26 08:22 (-06),On Demand,Charlotte Weidenbach,5,Cycling,Warm Up,5 min Warm Up Ride,2022-11-07 01:24 (-06),30,100,36%,85,24.91,2.08,34,104.05,,
2022-11-26 08:29 (-06),On Demand,Mayla Wedekind,30,Cycling,Intervals,30 min HIIT & Hills Ride,2022-11-15 01:25 (-06),403,224,57%,74,35.29,17.64,403,142.07,,
2022-11-26 09:00 (-06),On Demand,Mila Lazar,5,Cycling,Cool Down,5 min Cool Down Ride,2022-08-22 11:00 (-06),29,98,39%,79,25.30,2.11,56,134.49,,
2022-11-26 09:09 (-06),On Demand,Jenn Sherman,5,Stretching,Pre & Post-Ride Stretch,5 min Post-Ride Stretch,2020-01-13 14:02 (-06),,,,,,,38,116.66,,
2022-11-28 17:41 (CDT),On Demand,Hannah Frankson,45,Running,Endurance,45 min Endurance Run,2022-11-28 12:56 (CDT),0,,,,0,0,0,,0,
2022-11-29 05:54 (-06),On Demand,Jenn Sherman,30,Cycling,Low Impact,30 min Low Impact Ride,2022-08-09 07:52 (-06),242,135,43%,82,29.24,14.61,249,109.05,,
2022-11-29 06:28 (-06),On Demand,Jenn Sherman,5,Stretching,Pre & Post-Ride Stretch,5 min Post-Ride Stretch,2020-01-13 14:02 (-06),,,,,,,12,82.11,,
2022-11-30 17:01 (-06),On Demand,Matt Wilpers,30,Cycling,Power Zone,30 min Power Zone Endurance Ride,2022-11-30 05:55 (-06),320,178,45%,87,32.56,16.27,325,126.57,,
2022-11-30 17:31 (-06),On Demand,Ally Love,5,Cycling,Cool Down,5 min Cool Down Ride,2022-09-19 09:00 (-06),0,0,0%,0,0,0,0,,,
2022-11-30 17:39 (-06),On Demand,Jenn Sherman,5,Stretching,Pre & Post-Ride Stretch,5 min Post-Ride Stretch,2020-01-13 14:02 (-06),,,,,,,12,,,
2022-12-02 12:51 (-06),On Demand,Erik Jager,30,Cycling,Power Zone,30 min Power Zone Endurance Ride,2022-11-23 12:00 (-06),314,174,44%,90,32.32,16.16,331,128.31,,
2022-12-02 13:22 (-06),On Demand,Hannah Frankson,5,Cycling,Cool Down,5 min Cool Down Ride,2022-11-15 01:00 (-06),33,112,38%,85,27.17,2.25,51,121.64,,
2022-12-02 13:30 (-06),On Demand,Jenn Sherman,5,Stretching,Pre & Post-Ride Stretch,5 min Post-Ride Stretch,2020-01-13 14:02 (-06),,,,,,,23,93.60,,
2022-12-04 10:54 (CDT),,,36,Running,,36 min 12 sec Outdoor Running,,0,,,,9.72,5.33,417,,0,6:10
2022-12-04 11:39 (CDT),On Demand,Susie Chan,5,Stretching,Post-Run Stretch,5 min Post-Run Stretch,2022-10-13 00:30 (CDT),,,,,,,15,,,
2022-12-05 17:12 (CDT),On Demand,Ben Alldis,20,Strength,Full Body,20 min Strength Roll Call: Full Body,2022-12-05 06:25 (CDT),,,,,,,118,,,
2022-12-05 17:36 (CDT),On Demand,Olivia Amato,5,Strength,Core,5 min Core Strength,2022-11-21 13:00 (CDT),,,,,,,30,,,
2022-12-05 17:42 (CDT),On Demand,Ben Alldis,10,Stretching,Full Body Stretch,10 min Full Body Stretch,2022-11-24 09:46 (CDT),,,,,,,30,,,
2022-12-07 17:08 (-06),On Demand,Christine D'Ercole,30,Cycling,Power Zone,30 min Power Zone Ride,2022-11-27 13:55 (-06),339,188,48%,83,33.23,16.61,311,121.60,,
2022-12-07 17:38 (-06),On Demand,Sam Yo,5,Cycling,Cool Down,5 min Cool Down Ride,2022-09-14 00:00 (-06),30,99,41%,72,25.70,2.14,48,119.52,,
2022-12-07 17:47 (-06),On Demand,Jenn Sherman,5,Stretching,Pre & Post-Ride Stretch,5 min Post-Ride Stretch,2020-01-13 14:02 (-06),,,,,,,23,99.31,,
2022-12-09 11:26 (-06),On Demand,Denis Morton,30,Cycling,Power Zone,30 min Power Zone Endurance Rock Ride,2022-07-27 07:52 (-06),325,181,47%,84,32.75,16.37,318,124.59,,
2022-12-09 11:57 (-06),On Demand,Matt Wilpers,5,Cycling,Cool Down,5 min Cool Down Ride,2022-01-06 10:00 (-06),0,0,0%,0,0,0,0,,,
2022-12-09 11:58 (-06),On Demand,Alex Toussaint,5,Cycling,Cool Down,5 min Cool Down Ride,2022-11-28 10:00 (-06),38,126,45%,73,28.32,2.37,53,124.52,,
2022-12-09 12:06 (-06),On Demand,Jenn Sherman,5,Stretching,Pre & Post-Ride Stretch,5 min Post-Ride Stretch,2022-06-01 09:00 (-06),,,,,,,23,87.97,,
2022-12-10 17:14 (CDT),On Demand,Ben Alldis,10,Strength,Upper Body,10 min Arms & Shoulders Strength,2022-11-23 05:25 (CDT),,,,,,,59,,,
2022-12-12 17:34 (CDT),On Demand,Ben Alldis,10,Strength,Upper Body,10 min Arms & Shoulders Strength,2022-12-12 03:00 (CDT),,,,,,,59,,,
2022-12-13 11:25 (CDT),On Demand,Kristin McGee,5,Yoga,Yoga Anywhere,5 min Chair Yoga,2020-01-24 10:18 (CDT),,,,,,,18,,,
2022-12-13 16:42 (-06),On Demand,Emma Lovewell,30,Cycling,Low Impact,30 min Low Impact,2022-10-13 07:52 (-06),267,148,44%,84,30.34,15.18,266,111.41,,
2022-12-13 17:13 (-06),On Demand,Bradley Rose,5,Cycling,Cool Down,5 min Cool Down Ride,2022-09-26 00:00 (-06),42,141,42%,86,30.01,2.49,45,112.99,,
2022-12-13 17:20 (-06),On Demand,Jenn Sherman,5,Stretching,Pre & Post-Ride Stretch,5 min Post-Ride Stretch,2021-10-18 09:00 (-06),,,,,,,15,78.19,,
2022-12-14 14:23 (CDT),On Demand,Kristin McGee,5,Yoga,Yoga Anywhere,5 min Chair Yoga,2020-01-24 10:18 (CDT),,,,,,,18,,,
2022-12-15 16:46 (-06),On Demand,Bradley Rose,5,Cycling,Warm Up,5 min Warm Up Ride,2022-12-11 02:00 (-06),35,116,39%,85,27.28,2.27,35,98.05,,
2022-12-15 16:52 (-06),On Demand,Bradley Rose,30,Cycling,Music,30 min 90s Rock Ride,2022-11-23 12:55 (-06),339,188,50%,82,33.33,16.67,349,129.84,,
2022-12-15 17:23 (-06),On Demand,Alex Toussaint,5,Cycling,Cool Down,5 min Cool Down Ride,2022-11-28 10:00 (-06),0,0,0%,0,0,0,0,,,
2022-12-15 17:24 (-06),On Demand,Emma Lovewell,5,Cycling,Cool Down,5 min Cool Down Ride,2022-11-07 10:00 (-06),30,99,37%,86,25.99,2.17,51,121.46,,
2022-12-15 17:31 (-06),On Demand,Jenn Sherman,5,Stretching,Pre & Post-Ride Stretch,5 min Post-Ride Stretch,2021-10-18 09:00 (-06),,,,,,,34,100.22,,
2022-12-16 05:30 (CDT),On Demand,Ben Alldis,20,Strength,Full Body,20 min Strength Roll Call: Full Body,2022-11-07 06:24 (CDT),,,,,,,118,,,
2022-12-16 05:53 (CDT),On Demand,Ben Alldis,10,Stretching,Full Body Stretch,10 min Full Body Stretch,2021-11-08 02:57 (CDT),,,,,,,32,74.95,,
2022-12-16 11:46 (CDT),On Demand,Ross Rayburn,5,Meditation,Breath,5 min Breathing Meditation,2022-10-06 10:00 (CDT),,,,,,,,,,
2022-12-17 11:01 (-06),On Demand,Denis Morton,45,Cycling,Power Zone,45 min Power Zone Endurance Ride,2022-09-11 12:55 (-06),509,189,48%,83,33.38,25.03,545,135.33,,
2022-12-17 11:46 (-06),On Demand,Emma Lovewell,5,Cycling,Cool Down,5 min Prince Cool Down Ride,2020-08-12 15:05 (-06),37,123,42%,81,28.16,2.35,59,132.40,,
2022-12-17 11:53 (-06),On Demand,Jenn Sherman,5,Stretching,Pre & Post-Ride Stretch,5 min Post-Ride Stretch,2021-10-18 09:00 (-06),,,,,,,36,105.26,,
2022-12-26 10:16 (-06),On Demand,Jenn Sherman,30,Cycling,Low Impact,30 min Low Impact Ride,2022-09-06 11:52 (-06),223,124,42%,81,28.24,14.11,224,103.66,,
2022-12-26 10:48 (-06),On Demand,Jenn Sherman,5,Stretching,Pre & Post-Ride Stretch,5 min Post-Ride Stretch,2021-10-18 09:00 (-06),,,,,,,15,,,
2022-12-26 10:54 (-06),On Demand,Jenn Sherman,5,Stretching,Pre & Post-Ride Stretch,5 min Post-Ride Stretch,2021-10-18 09:00 (-06),,,,,,,15,,,
2022-12-26 15:06 (CDT),On Demand,Nico Sarani,15,Meditation,Sleep,15 min Sleep Meditation,2022-12-12 10:00 (CDT),,,,,,,,,,
2022-12-26 21:05 (CDT),On Demand,Nico Sarani,10,Meditation,Theme,10 min Holiday Meditation,2022-12-08 12:54 (CDT),,,,,,,,,,
2022-12-28 13:59 (CDT),,,32,Walking,,32 min 26 sec Outdoor Walking,,0,,,,4.94,2.64,153,,,
2022-12-28 14:50 (CDT),On Demand,Ben Alldis,10,Stretching,Full Body Stretch,10 min Full Body Stretch,2022-11-02 07:55 (CDT),,,,,,,30,,,
2022-12-28 15:02 (CDT),On Demand,Aditi Shah,10,Meditation,Theme,10 min Flow & Let Go Meditation,2022-11-23 16:38 (CDT),,,,,,,,,,
2022-12-29 12:38 (CDT),,,40,Walking,,40 min 24 sec Outdoor Walking,,0,,,,5.09,3.43,193,,,
2022-12-29 13:34 (CDT),On Demand,Susie Chan,10,Stretching,Post-Run Stretch,10 min Post-Run Stretch,2022-12-08 00:30 (CDT),,,,,,,30,,,
2022-12-30 11:20 (CDT),On Demand,Ben Alldis,10,Strength,Upper Body,10 min Holiday Arms & Shoulders Strength,2022-12-21 05:30 (CDT),,,,,,,59,,,
2022-12-30 11:32 (CDT),On Demand,Ben Alldis,5,Stretching,Upper Body Stretch,5 min Upper Body Stretch,2022-10-26 06:07 (CDT),,,,,,,15,,,
2022-12-30 13:38 (CDT),On Demand,Susie Chan,30,Walking,Theme Walk,30 min Top 50 Outdoor Walk: #50-41,2022-12-26 11:00 (CDT),0,,,,5.44,2.67,138,,,
2022-12-30 14:10 (CDT),On Demand,Jon Hosking,15,Walking,Music Walk,15 min Soft Rock Walk,2022-12-02 03:00 (CDT),0,,,,4.17,0.87,60,,,
2022-12-30 16:46 (CDT),On Demand,Aditi Shah,10,Meditation,Sleep,10 min Sleep Meditation,2022-12-14 10:00 (CDT),,,,,,,,,,
2022-12-30 17:40 (CDT),On Demand,Jon Hosking,5,Stretching,Post-Run Stretch,5 min Post-Run Stretch,2022-12-05 00:30 (CDT),,,,,,,15,,,
2022-12-31 12:06 (CDT),,,38,Walking,,38 min 47 sec Outdoor Walking,,0,,,,5.50,3.44,183,,,
2022-12-31 13:12 (CDT),On Demand,Susie Chan,5,Stretching,Post-Run Stretch,5 min Post-Run Stretch,2022-05-03 00:00 (CDT),,,,,,,15,,,
2023-01-01 12:40 (-06),On Demand,Charlotte Weidenbach,30,Cycling,Theme,30 min New Year's Day Ride,2022-12-31 19:00 (-06),288,160,46%,83,31.17,15.58,303,121.48,,
2023-01-01 13:12 (-06),On Demand,Cliff Dwenger,5,Cycling,Cool Down,5 min Cool Down Ride,2022-12-14 09:14 (-06),29,96,39%,76,25.51,2.12,42,109.08,,
2023-01-01 13:36 (CDT),On Demand,Kristin McGee,10,Yoga,Yoga Basics,10 min Basics: Pigeon,2022-04-13 11:00 (CDT),,,,,,,47,,,
2023-01-01 13:47 (CDT),On Demand,Jenn Sherman,5,Stretching,Pre & Post-Ride Stretch,5 min Post-Ride Stretch,2021-10-18 10:00 (CDT),,,,,,,15,,,
2023-01-02 12:13 (CDT),On Demand,Ben Alldis,20,Strength,Full Body,20 min Strength Roll Call: Full Body,2022-12-19 06:25 (CDT),,,,,,,125,98.92,,
2023-01-02 12:39 (CDT),On Demand,Assal Arian,10,Stretching,Full Body Stretch,10 min Full Body Stretch,2022-12-31 19:00 (CDT),,,,,,,30,,,
2023-01-03 15:17 (CDT),On Demand,Chelsea Jackson Roberts,5,Yoga,Yoga Anywhere,5 min Chair Yoga,2021-03-29 09:00 (CDT),,,,,,,24,,,
2023-01-04 16:46 (-06),On Demand,Christine D'Ercole,30,Cycling,Power Zone,30 min Power Zone Endurance Ride,2023-01-03 17:54 (-06),296,164,47%,81,31.41,15.71,287,115.24,,
2023-01-04 17:18 (-06),On Demand,Matt Wilpers,5,Cycling,Cool Down,5 min Cool Down Ride,2022-12-20 10:00 (-06),22,75,30%,93,23.05,1.92,37,104.23,,
2023-01-04 17:25 (-06),On Demand,Jenn Sherman,5,Stretching,Pre & Post-Ride Stretch,5 min Post-Ride Stretch,2021-10-18 09:00 (-06),,,,,,,24,88.98,,
2023-01-05 13:26 (CDT),On Demand,Ross Rayburn,5,Yoga,Yoga Anywhere,5 min Chair Yoga,2020-02-27 09:53 (CDT),,,,,,,18,,,
2023-01-06 11:44 (CDT),On Demand,Assal Arian,20,Strength,Full Body,20 min Full Body Strength,2022-12-23 03:00 (CDT),,,,,,,118,,,
2023-01-06 12:09 (CDT),On Demand,Ben Alldis,10,Stretching,Full Body Stretch,10 min Full Body Stretch,2022-11-24 09:46 (CDT),,,,,,,30,,,
2023-01-07 10:58 (-06),On Demand,Bradley Rose,30,Cycling,Music,30 min 90s Ride,2023-01-07 05:25 (-06),299,166,47%,83,31.72,15.85,321,123.50,,
2023-01-07 11:30 (-06),On Demand,Leanne Hainsby-Alldis,5,Cycling,Cool Down,5 min Whitney Houston Cool Down Ride,2022-12-21 02:37 (-06),35,118,41%,81,27.57,2.29,53,122.92,,
2023-01-07 11:38 (-06),On Demand,Jenn Sherman,5,Stretching,Pre & Post-Ride Stretch,5 min Post-Ride Stretch,2021-10-18 09:00 (-06),,,,,,,15,,,
2023-01-08 12:13 (CDT),On Demand,Kirra Michel,15,Yoga,Focus Flow,15 min Focus Flow: Upper Body,2023-01-05 11:38 (CDT),,,,,,,64,,,
2023-01-09 12:40 (-06),On Demand,Denis Morton,30,Cycling,Power Zone,30 min Power Zone Ride,2022-11-08 10:54 (-06),327,182,47%,83,32.54,16.27,327,123.86,,
2023-01-09 13:11 (-06),On Demand,Irene Kaymer,5,Cycling,Cool Down,5 min Cool Down Ride,2021-02-28 08:30 (-06),26,86,34%,86,24.28,2.03,34,,,
2023-01-09 13:19 (-06),On Demand,Ben Alldis,5,Stretching,Pre & Post-Ride Stretch,5 min Post-Ride Stretch,2022-12-12 01:00 (-06),,,,,,,35,101.87,,
2023-01-11 17:51 (-06),On Demand,Mila Lazar,5,Cycling,Warm Up,5 min Warm Up Ride,2023-01-03 08:39 (-06),40,134,38%,94,29.15,2.43,35,98.54,,
2023-01-11 17:58 (-06),On Demand,Hannah Corbin,30,Cycling,Music,30 min 90s Rock Ride,2023-01-08 10:56 (-06),318,177,47%,83,31.95,15.98,347,130.76,,
2023-01-11 18:28 (-06),On Demand,Erik Jager,5,Cycling,Cool Down,5 min Cool Down Ride,2023-01-11 13:17 (-06),33,111,38%,84,26.93,2.25,44,,,
2023-01-11 18:44 (-06),On Demand,Jenn Sherman,5,Stretching,Pre & Post-Ride Stretch,5 min Post-Ride Stretch,2021-10-18 09:00 (-06),,,,,,,15,,,
2023-01-13 12:10 (CDT),On Demand,Ben Alldis,20,Strength,Full Body,20 min Strength Roll Call: Full Body,2022-11-07 06:24 (CDT),,,,,,,122,93.41,,
2023-01-13 12:33 (CDT),On Demand,Ben Alldis,10,Stretching,Full Body Stretch,10 min Full Body Stretch,2023-01-11 06:09 (CDT),,,,,,,30,,,
2023-01-14 12:36 (-06),On Demand,Mila Lazar,5,Cycling,Warm Up,5 min Warm Up Ride,2023-01-03 08:39 (-06),36,121,38%,91,28.13,2.33,32,94.59,,
2023-01-14 12:42 (-06),On Demand,Mayla Wedekind,30,Cycling,Intervals,30 min HIIT & Hills Ride,2023-01-14 03:54 (-06),388,216,56%,74,34.87,17.43,409,143.30,,
2023-01-14 13:13 (-06),On Demand,Mayla Wedekind,5,Cycling,Cool Down,5 min Cool Down Ride,2023-01-09 11:17 (-06),0,0,0%,0,0,0,0,,,
2023-01-14 13:14 (-06),On Demand,Benny Adami,5,Cycling,Cool Down,5 min Cool Down Ride,2023-01-14 11:22 (-06),22,74,33%,82,22.73,1.88,51,124.95,,
2023-01-14 13:22 (-06),On Demand,Jenn Sherman,5,Stretching,Pre & Post-Ride Stretch,5 min Post-Ride Stretch,2021-10-18 09:00 (-06),,,,,,,15,,,
2023-01-16 09:51 (CDT),On Demand,Ben Alldis,20,Strength,Full Body,20 min Strength Roll Call: Full Body,2023-01-09 06:24 (CDT),,,,,,,122,81.32,,
2023-01-16 10:49 (-06),On Demand,Leanne Hainsby-Alldis,5,Cycling,Warm Up,5 min Warm Up Ride,2022-04-01 00:00 (-06),36,119,36%,92,27.58,2.30,32,94.50,,
2023-01-16 10:57 (-06),On Demand,Jenn Sherman,20,Cycling,Music,20 min 90s Rock Ride,2023-01-10 09:27 (-06),211,176,47%,85,32.17,10.73,213,123.33,,
2023-01-16 11:17 (-06),On Demand,Leanne Hainsby-Alldis,5,Cycling,Cool Down,5 min Cool Down Ride,2022-09-01 00:00 (-06),36,121,41%,82,27.79,2.32,49,118.77,,
2023-01-16 11:33 (CDT),On Demand,Ben Alldis,10,Stretching,Full Body Stretch,10 min Full Body Stretch,2023-01-11 06:09 (CDT),,,,,,,30,74.70,,
2023-01-17 05:45 (CDT),On Demand,Anna Greenberg,10,Meditation,Breath,10 min Breathwork: Equal Breath,2021-09-18 10:37 (CDT),,,,,,,,,,
2023-01-17 11:33 (CDT),On Demand,Kristin McGee,5,Yoga,Yoga Anywhere,5 min Chair Yoga,2020-01-24 10:18 (CDT),,,,,,,18,57.30,,
2023-01-17 15:07 (CDT),On Demand,Kirra Michel,5,Meditation,Emotions,5 min Peace Meditation,2022-10-19 10:00 (CDT),,,,,,,,,,
2023-01-18 18:13 (-06),On Demand,Denis Morton,30,Cycling,Power Zone,30 min Power Zone Endurance 80s Ride,2022-12-18 13:56 (-06),311,172,46%,85,32.01,16.01,386,138.07,,
2023-01-18 18:45 (-06),On Demand,Matt Wilpers,5,Cycling,Cool Down,5 min Cool Down Ride,2022-12-20 10:00 (-06),23,76,31%,90,23.08,1.93,43,111.35,,
2023-01-18 18:52 (-06),On Demand,Kendall Toole,5,Stretching,Pre & Post-Ride Stretch,5 min AFO Post-Ride Stretch: Green Day,2022-08-19 08:00 (-06),,,,,,,1,100.00,,
2023-01-18 18:54 (-06),On Demand,Matt Wilpers,5,Stretching,Pre & Post-Ride Stretch,5 min Post-Ride Stretch,2022-12-20 10:00 (-06),,,,,,,22,86.32,,
2023-01-19 06:02 (CDT),On Demand,Ben Alldis,10,Stretching,Full Body Stretch,10 min Full Body Stretch,2021-11-08 02:57 (CDT),,,,,,,29,,,
2023-01-19 13:23 (CDT),On Demand,Anna Greenberg,5,Meditation,Breath,5 min Breathing Meditation,2022-08-31 10:00 (CDT),,,,,,,,,,
2023-01-20 06:24 (CDT),On Demand,Ross Rayburn,5,Meditation,Morning,5 min Morning Meditation,2022-12-19 10:00 (CDT),,,,,,,,,,
2023-01-20 12:01 (CDT),On Demand,Ben Alldis,20,Strength,Full Body,20 min Strength Roll Call: Full Body,2022-10-24 06:25 (CDT),,,,,,,121,95.49,,
2023-01-20 12:24 (CDT),On Demand,Ben Alldis,10,Stretching,Full Body Stretch,10 min MOS Ibiza Chillout Full Body,2021-08-16 00:00 (CDT),,,,,,,30,,,
2023-01-21 11:14 (-06),On Demand,Emma Lovewell,5,Cycling,Warm Up,5 min Warm Up Ride,2022-11-07 10:00 (-06),38,127,40%,85,28.19,2.35,50,76.19,,
2023-01-21 11:22 (-06),On Demand,Olivia Amato,30,Cycling,Intervals,30 min HIIT & Hills Ride,2022-12-12 12:55 (-06),381,212,56%,73,34.41,17.20,503,,,
2023-01-21 11:53 (-06),On Demand,Denis Morton,5,Cycling,Cool Down,5 min Cool Down Ride,2022-03-14 09:00 (-06),17,55,28%,85,19.79,1.66,22,,,
2023-01-21 12:02 (-06),On Demand,Jenn Sherman,5,Stretching,Pre & Post-Ride Stretch,5 min Post-Ride Stretch,2022-06-01 09:00 (-06),,,,,,,15,,,
2023-01-22 12:05 (CDT),On Demand,Assal Arian,10,Stretching,Full Body Stretch,10 min Full Body Stretch,2022-12-31 19:00 (CDT),,,,,,,30,,,
2023-01-22 12:19 (CDT),On Demand,Kirra Michel,5,Meditation,Breath,5 min Breathing Meditation,2023-01-05 10:00 (CDT),,,,,,,,44.65,,
2023-01-22 16:02 (CDT),On Demand,Nico Sarani,15,Meditation,Sleep,15 min Sleep Meditation,2022-12-12 10:00 (CDT),,,,,,,,,,
2023-01-23 11:13 (-06),On Demand,Matt Wilpers,30,Cycling,Power Zone,30 min Power Zone Endurance Ride,2023-01-18 05:51 (-06),314,174,45%,88,32.15,16.08,324,126.86,,
2023-01-23 11:44 (-06),On Demand,Leanne Hainsby-Alldis,5,Cycling,Cool Down,5 min Whitney Houston Cool Down Ride,2022-12-21 02:37 (-06),35,117,40%,82,27.62,2.30,55,126.43,,
2023-01-23 11:51 (-06),On Demand,Jenn Sherman,5,Stretching,Pre & Post-Ride Stretch,5 min Post-Ride Stretch,2022-06-01 09:00 (-06),,,,,,,34,101.63,,
2023-01-24 17:05 (CDT),On Demand,Ben Alldis,20,Strength,Full Body,20 min Strength Roll Call: Full Body,2023-01-23 06:24 (CDT),,,,,,,119,87.58,,
2023-01-24 17:26 (CDT),On Demand,Ben Alldis,10,Stretching,Full Body Stretch,10 min Full Body Stretch,2023-01-11 06:09 (CDT),,,,,,,29,72.97,,
2023-01-26 05:50 (-06),On Demand,Sam Yo,30,Cycling,Power Zone,30 min Power Zone Endurance 80s Ride,2023-01-08 22:00 (-06),310,170,46%,82,31.82,16.00,326,123.89,,
2023-01-26 06:21 (-06),On Demand,Hannah Frankson,5,Cycling,Cool Down,5 min Cool Down Ride,2022-07-16 01:30 (-06),27,91,34%,89,24.66,2.04,54,128.10,,
2023-01-26 06:27 (-06),On Demand,Jenn Sherman,5,Stretching,Pre & Post-Ride Stretch,5 min Post-Ride Stretch,2022-06-01 09:00 (-06),,,,,,,39,104.64,,
2023-01-27 06:19 (CDT),On Demand,Aditi Shah,10,Meditation,Morning,10 min Morning Meditation,2023-01-21 07:24 (CDT),,,,,,,,,,
2023-01-27 11:46 (CDT),On Demand,Ben Alldis,20,Strength,Full Body,20 min Strength Roll Call: Full Body,2023-01-23 06:24 (CDT),,,,,,,151,102.80,,
2023-01-27 12:07 (CDT),On Demand,Ben Alldis,10,Stretching,Full Body Stretch,10 min Full Body Stretch,2023-01-11 06:09 (CDT),,,,,,,35,79.11,,
2023-01-27 12:23 (CDT),On Demand,Aditi Shah,5,Meditation,Relaxation,5 min Relaxing Meditation,2022-09-06 10:00 (CDT),,,,,,,,,,
2023-01-28 11:18 (-06),On Demand,Mila Lazar,5,Cycling,Warm Up,5 min Warm Up Ride,2023-01-03 08:39 (-06),41,137,38%,95,29.39,2.45,45,114.90,,
2023-01-28 11:26 (-06),On Demand,Tunde Oyeneyin,30,Cycling,Intervals,30 min HIIT & Hills Ride,2023-01-14 10:54 (-06),380,211,55%,74,34.37,17.19,427,149.62,,
2023-01-28 11:57 (-06),On Demand,Mayla Wedekind,5,Cycling,Cool Down,5 min Cool Down Ride,2022-07-09 07:22 (-06),31,105,42%,75,26.33,2.19,58,135.93,,
2023-01-28 12:06 (-06),On Demand,Jenn Sherman,5,Stretching,Pre & Post-Ride Stretch,5 min Post-Ride Stretch,2022-06-01 09:00 (-06),,,,,,,15,,,
2023-01-29 13:10 (CDT),On Demand,Marcel Maurer,10,Stretching,Full Body Stretch,10 min New Year's Full Body Stretch,2022-12-31 19:00 (CDT),,,,,,,30,,,
2023-01-29 16:49 (CDT),On Demand,Kristin McGee,5,Yoga,Yoga Anywhere,5 min Chair Yoga,2020-01-24 10:18 (CDT),,,,,,,18,,,
2023-01-30 12:27 (-06),On Demand,Ben Alldis,30,Cycling,Power Zone,30 min Power Zone Endurance EDM Ride,2023-01-16 22:00 (-06),334,186,48%,84,33.23,16.62,345,128.88,,
2023-01-30 12:58 (-06),On Demand,Benny Adami,5,Cycling,Cool Down,5 min Cool Down Ride,2023-01-14 11:22 (-06),38,126,44%,75,28.61,2.38,51,121.06,,
2023-01-30 13:05 (-06),On Demand,Christine D'Ercole,5,Stretching,Pre & Post-Ride Stretch,5 min Post-Ride Stretch,2022-12-07 10:00 (-06),,,,,,,35,102.61,,
2023-02-01 18:05 (-06),On Demand,Erik Jager,30,Cycling,Power Zone,30 min Power Zone Endurance Ride,2022-11-23 12:00 (-06),323,180,47%,84,32.77,16.38,354,130.53,,
2023-02-01 18:36 (-06),On Demand,Leanne Hainsby-Alldis,5,Cycling,Cool Down,5 min Cool Down Ride,2023-02-01 08:18 (-06),35,117,40%,82,27.58,2.30,58,131.24,,
2023-02-01 18:45 (-06),On Demand,Jenn Sherman,5,Stretching,Pre & Post-Ride Stretch,5 min Post-Ride Stretch,2022-06-01 09:00 (-06),,,,,,,34,101.30,,
2023-02-02 19:11 (CDT),On Demand,Mariana Fernandez,10,Meditation,Relaxation,10 min Calming Meditation,2023-01-14 08:10 (CDT),,,,,,,,,,
2023-02-02 21:03 (CDT),On Demand,Nico Sarani,10,Meditation,Sleep,10 min Sleep Meditation,2022-02-28 09:00 (CDT),,,,,,,,,,
2023-02-03 03:24 (CDT),On Demand,Aditi Shah,10,Meditation,Sleep,10 min Sleep Meditation,2022-12-14 10:00 (CDT),,,,,,,,,,
2023-02-03 12:51 (CDT),On Demand,Ben Alldis,20,Strength,Full Body,20 min Strength Roll Call: Full Body,2023-01-23 06:24 (CDT),,,,,,,163,115.84,,
2023-02-03 13:14 (CDT),On Demand,Ben Alldis,10,Stretching,Full Body Stretch,10 min Full Body Stretch,2023-01-11 06:09 (CDT),,,,,,,45,87.05,,
2023-02-04 11:17 (-06),On Demand,Sam Yo,45,Cycling,Power Zone,45 min Power Zone Endurance 80s Rock,2022-08-16 08:30 (-06),493,183,48%,83,32.87,24.66,558,135.05,,
2023-02-04 12:03 (-06),On Demand,Sam Yo,5,Cycling,Cool Down,5 min Cool Down Ride,2022-03-04 04:00 (-06),38,128,43%,81,28.76,2.40,63,137.49,,
2023-02-04 12:10 (-06),On Demand,Sam Yo,5,Stretching,Pre & Post-Ride Stretch,5 min Post-Ride Stretch,2022-11-25 01:00 (-06),,,,,,,49,121.74,,
2023-02-04 15:43 (CDT),On Demand,Kirra Michel,10,Meditation,Sleep,10 min Sleep Meditation,2023-01-16 10:00 (CDT),,,,,,,,,,
2023-02-04 22:47 (CDT),On Demand,Nico Sarani,15,Meditation,Sleep,15 min Sleep Meditation,2022-12-12 10:00 (CDT),,,,,,,,,,
2023-02-05 20:40 (CDT),On Demand,Aditi Shah,10,Meditation,Sleep,10 min Sleep Meditation,2022-12-14 10:00 (CDT),,,,,,,,,,
2023-02-06 12:34 (-06),On Demand,Mila Lazar,5,Cycling,Warm Up,5 min Warm Up Ride,2023-01-03 08:39 (-06),39,131,38%,91,28.38,2.35,52,,,
2023-02-06 12:41 (-06),On Demand,Mila Lazar,30,Cycling,Intervals,30 min HIIT & Hills Ride,2022-11-02 23:55 (-06),407,226,55%,79,35.75,17.88,538,,,
2023-02-06 13:12 (-06),On Demand,Charlotte Weidenbach,5,Cycling,Cool Down,5 min Cool Down Ride,2023-01-23 02:01 (-06),29,98,41%,74,25.73,2.14,39,,,
2023-02-06 13:37 (CDT),On Demand,Jenn Sherman,5,Stretching,Pre & Post-Ride Stretch,5 min Post-Ride Stretch,2022-06-01 10:00 (CDT),,,,,,,15,,,
2023-02-07 17:14 (CDT),On Demand,Ben Alldis,20,Strength,Full Body,20 min Strength Roll Call: Full Body,2022-07-29 06:25 (CDT),,,,,,,118,90.31,,
2023-02-07 17:35 (CDT),On Demand,Ben Alldis,10,Stretching,Full Body Stretch,10 min Full Body Stretch,2023-01-11 06:09 (CDT),,,,,,,30,,,
2023-02-08 06:00 (CDT),On Demand,Chelsea Jackson Roberts,5,Meditation,Emotions,5 min Patience Meditation,2022-12-22 10:00 (CDT),,,,,,,,,,
2023-02-08 18:17 (-06),On Demand,Ben Alldis,30,Cycling,Power Zone,30 min Power Zone Endurance 90s Ride,2022-11-15 00:55 (-06),321,178,48%,81,32.55,16.27,347,132.50,,
2023-02-08 18:48 (-06),On Demand,Hannah Frankson,5,Cycling,Cool Down,5 min Cool Down Ride,2022-11-15 01:00 (-06),36,121,42%,79,27.86,2.32,57,129.12,,
2023-02-08 18:55 (-06),On Demand,Matt Wilpers,5,Stretching,Pre & Post-Ride Stretch,5 min Post-Ride Stretch,2022-05-12 09:00 (-06),,,,,,,15,,,
2023-02-10 11:42 (CDT),On Demand,Ben Alldis,20,Strength,Upper Body,20 min Strength Roll Call: Upper Body,2023-02-09 08:40 (CDT),,,,,,,85,84.27,,
2023-02-10 12:00 (CDT),On Demand,Olivia Amato,5,Strength,Core,5 min Core Strength,2023-01-04 09:00 (CDT),,,,,,,30,,,
2023-02-10 12:07 (CDT),On Demand,Assal Arian,10,Strength,Lower Body,10 min Glutes & Legs Strength,2023-01-18 03:55 (CDT),,,,,,,33,,,
2023-02-10 12:15 (CDT),On Demand,Ben Alldis,10,Stretching,Full Body Stretch,10 min Full Body Stretch,2022-09-12 06:27 (CDT),,,,,,,29,,,
2023-02-11 12:20 (-06),On Demand,Denis Morton,45,Cycling,Power Zone,45 min Power Zone Endurance 80s Ride,2022-09-29 11:53 (-06),498,185,48%,83,33.04,24.77,511,126.13,,
2023-02-11 13:05 (-06),On Demand,Alex Toussaint,5,Cycling,Cool Down,5 min Cool Down Ride,2022-11-28 10:00 (-06),36,122,45%,72,28.15,2.33,56,128.68,,
2023-02-11 13:13 (-06),On Demand,Jenn Sherman,5,Stretching,Pre & Post-Ride Stretch,5 min Post-Ride Stretch,2021-10-18 09:00 (-06),,,,,,,34,101.49,,
2023-02-13 05:39 (-06),On Demand,Mila Lazar,5,Cycling,Warm Up,5 min Warm Up Ride,2022-10-19 09:00 (-06),35,117,36%,89,27.03,2.25,46,,,
2023-02-13 05:49 (-06),On Demand,Mila Lazar,30,Cycling,Intervals,30 min HIIT & Hills Ride,2023-02-10 10:52 (-06),383,213,55%,77,34.90,17.45,406,142.90,,
2023-02-13 06:31 (-06),On Demand,Mila Lazar,5,Cycling,Cool Down,5 min Cool Down Ride,2022-08-22 11:00 (-06),32,108,42%,77,26.71,2.22,43,,,
2023-02-13 06:41 (-06),On Demand,Jenn Sherman,5,Stretching,Pre & Post-Ride Stretch,5 min Post-Ride Stretch,2021-10-18 09:00 (-06),,,,,,,15,,,
2023-02-15 16:35 (CDT),On Demand,Ben Alldis,10,Strength,Upper Body,10 min Arms & Shoulders Strength,2023-02-01 05:25 (CDT),,,,,,,51,,,
2023-02-15 16:54 (-06),On Demand,Christine D'Ercole,30,Cycling,Power Zone,30 min Power Zone Endurance Ride,2022-12-20 08:54 (-06),305,169,45%,85,31.91,15.95,315,124.98,,
2023-02-15 17:25 (-06),On Demand,Bradley Rose,5,Cycling,Cool Down,5 min Cool Down Ride,2023-02-15 01:00 (-06),39,130,42%,82,28.96,2.41,48,117.61,,
2023-02-15 17:31 (-06),On Demand,Jenn Sherman,5,Stretching,Pre & Post-Ride Stretch,5 min Post-Ride Stretch,2021-10-18 09:00 (-06),,,,,,,26,90.65,,
2023-02-15 21:35 (CDT),On Demand,Nico Sarani,10,Meditation,Sleep,10 min Sleep Meditation,2022-02-28 09:00 (CDT),,,,,,,,,,
2023-02-16 21:25 (CDT),On Demand,Nico Sarani,10,Meditation,Sleep,10 min Sleep Meditation,2022-08-22 10:00 (CDT),,,,,,,,,,
2023-02-17 13:29 (CDT),On Demand,Ben Alldis,20,Strength,Full Body,20 min Strength Roll Call: Full Body,2023-01-23 06:24 (CDT),,,,,,,118,,,
2023-02-17 13:50 (CDT),On Demand,Ben Alldis,10,Stretching,Full Body Stretch,10 min 007 Full Body Stretch,2021-10-04 03:13 (CDT),,,,,,,30,,,
2023-02-18 12:31 (-06),On Demand,Emma Lovewell,5,Cycling,Warm Up,5 min Warm Up Ride,2023-02-06 10:00 (-06),36,120,39%,85,27.71,2.30,33,93.21,,
2023-02-18 12:38 (-06),On Demand,Jenn Sherman,30,Cycling,Music,30 min 90s Ride,2023-01-29 06:53 (-06),313,174,48%,80,32.15,16.08,413,,,
2023-02-18 13:09 (-06),On Demand,Charlotte Weidenbach,5,Cycling,Cool Down,5 min Cool Down Ride,2023-01-23 02:01 (-06),34,113,41%,79,27.28,2.27,45,,,
2023-02-18 13:16 (-06),On Demand,Bradley Rose,5,Stretching,Pre & Post-Ride Stretch,5 min Post-Ride Stretch,2023-02-15 01:00 (-06),,,,,,,15,,,
2023-02-19 17:58 (CDT),On Demand,Callie Gullickson,10,Stretching,Full Body Stretch,10 min Full Body Stretch,2023-01-25 09:00 (CDT),,,,,,,30,,,
2023-02-20 08:42 (-06),On Demand,Matt Wilpers,30,Cycling,Power Zone,30 min Power Zone Ride,2023-02-17 10:54 (-06),353,196,50%,81,33.37,16.69,383,143.81,,
2023-02-20 09:13 (-06),On Demand,Emma Lovewell,5,Cycling,Cool Down,5 min Cool Down Ride,2023-02-06 10:00 (-06),20,67,30%,87,22.03,1.83,27,,,
2023-02-20 09:22 (-06),On Demand,Jenn Sherman,5,Stretching,Pre & Post-Ride Stretch,5 min Post-Ride Stretch,2022-06-01 09:00 (-06),,,,,,,46,115.72,,
2023-02-21 05:42 (CDT),On Demand,Ben Alldis,20,Strength,Full Body,20 min Full Body Strength,2021-11-15 02:24 (CDT),,,,,,,119,89.06,,
2023-02-21 06:04 (CDT),On Demand,Ben Alldis,10,Stretching,Full Body Stretch,10 min Pete Tong Club Classical Stretch,2022-02-21 06:36 (CDT),,,,,,,30,,,
2023-02-21 12:19 (CDT),On Demand,Kristin McGee,5,Yoga,Yoga Anywhere,5 min Chair Yoga,2020-01-24 10:18 (CDT),,,,,,,18,,,
2023-02-22 03:31 (CDT),On Demand,Anna Greenberg,10,Meditation,Sleep,10 min Sleep Meditation,2021-03-11 09:00 (CDT),,,,,,,,,,
2023-02-22 14:24 (CDT),On Demand,Aditi Shah,5,Meditation,Relaxation,5 min Relaxing Meditation,2022-09-06 10:00 (CDT),,,,,,,,,,
2023-02-22 17:31 (-06),On Demand,Leanne Hainsby-Alldis,30,Cycling,Music,30 min 2000s Rock Ride,2023-02-19 05:54 (-06),312,173,46%,86,32.10,16.05,303,119.91,,
2023-02-22 18:02 (-06),On Demand,Cody Rigsby,5,Cycling,Cool Down,5 min Cool Down Ride,2023-02-09 10:00 (-06),54,181,50%,78,32.74,2.72,61,134.99,,
2023-02-22 18:08 (-06),On Demand,Bradley Rose,5,Cycling,Cool Down,5 min Cool Down Ride,2023-02-15 01:00 (-06),35,116,42%,77,27.32,2.27,49,119.76,,
2023-02-22 18:14 (-06),On Demand,Bradley Rose,5,Stretching,Pre & Post-Ride Stretch,5 min Post-Ride Stretch,2022-09-26 00:00 (-06),,,,,,,35,102.00,,
2023-02-24 16:55 (CDT),On Demand,Ben Alldis,20,Strength,Full Body,20 min Strength Roll Call: Full Body,2023-01-23 06:24 (CDT),,,,,,,138,99.03,,
2023-02-24 17:24 (CDT),On Demand,Ben Alldis,10,Stretching,Full Body Stretch,10 min Full Body Stretch,2023-01-11 06:09 (CDT),,,,,,,30,,,
2023-02-25 04:22 (CDT),On Demand,Anna Greenberg,10,Meditation,Sleep,10 min Sleep Meditation,2023-02-09 10:00 (CDT),,,,,,,,,,
2023-02-25 05:42 (CDT),On Demand,Nico Sarani,10,Meditation,Sleep,10 min Sleep Meditation,2022-02-28 09:00 (CDT),,,,,,,,,,
2023-02-25 11:44 (-06),On Demand,Ben Alldis,45,Cycling,Power Zone,45 min Power Zone Endurance 90s Ride,2023-02-13 12:24 (-06),511,189,49%,82,33.44,25.07,675,,,
2023-02-25 12:30 (-06),On Demand,Ben Alldis,5,Cycling,Cool Down,5 min Cool Down Ride,2022-10-03 00:00 (-06),35,119,40%,85,27.43,2.27,58,133.52,,
2023-02-25 12:41 (-06),On Demand,Charlotte Weidenbach,5,Stretching,Pre & Post-Ride Stretch,5 min Post-Ride Stretch,2023-02-22 12:01 (-06),,,,,,,28,100.32,,
2023-02-25 14:52 (CDT),On Demand,Aditi Shah,10,Meditation,Sleep,10 min Sleep Meditation,2022-12-14 10:00 (CDT),,,,,,,,,,
2023-02-25 15:50 (CDT),On Demand,Aditi Shah,10,Meditation,Sleep,10 min Sleep Meditation,2022-12-14 10:00 (CDT),,,,,,,,,,
2023-02-26 15:45 (CDT),On Demand,Aditi Shah,10,Meditation,Sleep,10 min Sleep Meditation,2022-12-14 10:00 (CDT),,,,,,,,,,
2023-02-26 20:52 (CDT),On Demand,Ben Alldis,10,Stretching,Full Body Stretch,10 min Full Body Stretch,2023-01-11 06:09 (CDT),,,,,,,30,,,
2023-02-27 12:18 (-06),On Demand,Olivia Amato,5,Cycling,Warm Up,5 min Warm Up Ride,2021-11-24 10:00 (-06),31,104,39%,78,25.93,2.16,30,91.85,,
2023-02-27 12:27 (-06),On Demand,Olivia Amato,30,Cycling,Intervals,30 min HIIT & Hills Ride,2023-02-25 10:55 (-06),421,234,57%,77,36.08,18.04,430,146.09,,
2023-02-27 12:58 (-06),On Demand,Mila Lazar,5,Cycling,Cool Down,5 min Cool Down Ride,2023-02-23 00:38 (-06),29,97,39%,79,25.08,2.08,38,,,
2023-02-27 13:12 (-06),On Demand,Leanne Hainsby-Alldis,5,Stretching,Pre & Post-Ride Stretch,5 min Post-Ride Stretch,2023-02-27 01:00 (-06),,,,,,,15,,,
2023-02-28 12:26 (CDT),On Demand,Ben Alldis,20,Strength,Full Body,20 min Strength Roll Call: Full Body,2022-12-05 06:25 (CDT),,,,,,,101,,,
2023-02-28 12:47 (CDT),On Demand,Ben Alldis,10,Stretching,Full Body Stretch,10 min Full Body Stretch,2022-11-02 07:55 (CDT),,,,,,,25,,,
2023-03-02 12:38 (-06),On Demand,Christine D'Ercole,30,Cycling,Power Zone,30 min Power Zone Endurance Ride,2023-02-26 12:24 (-06),309,171,48%,79,31.84,15.92,381,137.01,,
2023-03-02 13:08 (-06),On Demand,Ally Love,5,Cycling,Cool Down,5 min Cool Down Ride,2023-02-24 10:00 (-06),37,124,43%,78,28.17,2.33,49,,,
2023-03-02 14:39 (CDT),On Demand,Jenn Sherman,5,Stretching,Pre & Post-Ride Stretch,5 min Post-Ride Stretch,2021-10-18 10:00 (CDT),,,,,,,15,,,
2023-03-03 13:29 (CDT),On Demand,Ben Alldis,20,Strength,Full Body,20 min Strength Roll Call: Full Body,2022-08-29 06:25 (CDT),,,,,,,119,85.46,,
2023-03-03 13:54 (CDT),On Demand,Ben Alldis,10,Stretching,Full Body Stretch,10 min Full Body Stretch,2022-11-02 07:55 (CDT),,,,,,,30,,,
2023-03-04 12:09 (-06),On Demand,Ben Alldis,45,Cycling,Power Zone,45 min Power Zone Endurance 80s Ride,2023-01-31 00:55 (-06),481,178,46%,85,32.59,24.45,635,,,
2023-03-04 12:55 (-06),On Demand,Ally Love,5,Cycling,Cool Down,5 min Cool Down Ride,2023-02-24 10:00 (-06),34,114,41%,78,27.41,2.29,45,,,
2023-03-04 13:04 (-06),On Demand,Jenn Sherman,5,Stretching,Pre & Post-Ride Stretch,5 min Post-Ride Stretch,2021-10-18 09:00 (-06),,,,,,,15,,,
2023-03-04 14:32 (CDT),On Demand,Anna Greenberg,10,Meditation,Sleep,10 min Sleep Meditation,2021-03-11 09:00 (CDT),,,,,,,,,,
2023-03-05 14:21 (CDT),On Demand,Nico Sarani,10,Meditation,Sleep,10 min Sleep Meditation,2023-02-27 10:00 (CDT),,,,,,,,,,
2023-03-05 19:29 (CDT),On Demand,Ben Alldis,5,Stretching,Lower Body Stretch,5 min Lower Body Stretch,2022-10-31 06:28 (CDT),,,,,,,15,,,
2023-03-06 12:26 (-06),On Demand,Mila Lazar,5,Cycling,Warm Up,5 min Warm Up Ride,2023-01-03 08:39 (-06),37,118,38%,88,27.03,2.32,49,,,
2023-03-06 12:34 (-06),On Demand,Mayla Wedekind,30,Cycling,Intervals,30 min HIIT & Hills Ride,2023-02-25 09:30 (-06),407,226,57%,74,35.52,17.75,482,147.44,,
2023-03-06 13:05 (-06),On Demand,Mayla Wedekind,5,Cycling,Cool Down,5 min Cool Down Ride,2022-09-15 09:30 (-06),35,116,43%,74,27.22,2.25,53,106.92,,
2023-03-06 13:13 (-06),On Demand,Jenn Sherman,5,Stretching,Pre & Post-Ride Stretch,5 min Post-Ride Stretch,2022-06-01 09:00 (-06),,,,,,,42,111.59,,
2023-03-08 12:02 (CDT),On Demand,Ben Alldis,20,Strength,Full Body,20 min Full Body Strength,2022-04-05 05:10 (CDT),,,,,,,131,94.61,,
2023-03-08 12:24 (CDT),On Demand,Ben Alldis,10,Stretching,Full Body Stretch,10 min David Bowie Full Body Stretch,2022-01-19 06:51 (CDT),,,,,,,30,,,
2023-03-09 12:27 (-06),On Demand,Charlotte Weidenbach,30,Cycling,Music,30 min German Rock Ride,2023-03-02 10:25 (-06),361,201,54%,75,33.87,16.93,477,,,
2023-03-09 12:58 (-06),On Demand,Leanne Hainsby-Alldis,5,Cycling,Cool Down,5 min Cool Down Ride,2023-02-01 08:18 (-06),32,102,41%,75,25.46,2.19,54,127.90,,
2023-03-09 13:10 (-06),On Demand,Jenn Sherman,5,Stretching,Pre & Post-Ride Stretch,5 min Post-Ride Stretch,2022-06-01 09:00 (-06),,,,,,,15,,,
2023-03-11 05:56 (-06),On Demand,Denis Morton,30,Cycling,Power Zone,30 min Power Zone Endurance Ride,2022-03-30 07:52 (-06),315,175,47%,82,32.21,16.11,315,125.09,,
2023-03-11 06:27 (-06),On Demand,Denis Morton,5,Cycling,Cool Down,5 min Cool Down Ride,2022-03-14 09:00 (-06),23,75,31%,88,22.86,1.92,30,,,
2023-03-11 06:34 (-06),On Demand,Hannah Frankson,5,Stretching,Pre & Post-Ride Stretch,5 min Post-Ride Stretch,2023-03-09 03:00 (-06),,,,,,,15,,,
2023-03-12 12:13 (CDT),On Demand,Ben Alldis,20,Strength,Full Body,20 min Strength Roll Call: Full Body,2023-01-23 06:24 (CDT),,,,,,,127,94.32,,
2023-03-12 12:36 (CDT),On Demand,Ben Alldis,10,Stretching,Full Body Stretch,10 min 007 Full Body Stretch,2021-10-04 03:13 (CDT),,,,,,,30,,,
2023-03-13 16:25 (-05),On Demand,Ben Alldis,30,Cycling,Power Zone,30 min Power Zone Endurance EDM Ride,2023-01-16 23:00 (-05),111,146,40%,92,30.14,6.36,147,,,
2023-03-13 16:40 (-05),On Demand,Mayla Wedekind,20,Cycling,Music,20 min Coldplay Ride,2023-03-12 08:30 (-05),233,194,48%,87,33.93,11.31,308,,,
2023-03-13 17:02 (-05),On Demand,Mayla Wedekind,5,Cycling,Cool Down,5 min Cool Down Ride,2022-11-07 11:30 (-05),33,108,39%,81,25.90,2.19,43,,,
2023-03-13 17:18 (-05),On Demand,Matt Wilpers,5,Stretching,Pre & Post-Ride Stretch,5 min Post-Ride Stretch,2022-05-12 10:00 (-05),,,,,,,14,,,
2023-03-14 13:11 (CDT),On Demand,Ben Alldis,20,Strength,Full Body,20 min 90s Rock Full Body Strength,2023-03-13 02:30 (CDT),,,,,,,118,,,
2023-03-14 13:33 (CDT),On Demand,Ben Alldis,10,Stretching,Full Body Stretch,10 min Full Body Stretch,2023-03-13 02:00 (CDT),,,,,,,30,,,
2023-03-15 07:47 (-05),On Demand,Sam Yo,30,Cycling,Power Zone,30 min Power Zone Endurance 80s Ride,2023-01-08 23:00 (-05),317,176,47%,82,32.31,16.16,342,132.29,,
2023-03-15 08:18 (-05),On Demand,Hannah Corbin,5,Cycling,Cool Down,5 min Cool Down Ride,2023-01-24 11:00 (-05),27,90,37%,78,24.90,2.08,41,108.81,,
2023-03-15 08:26 (-05),On Demand,Jenn Sherman,5,Stretching,Pre & Post-Ride Stretch,5 min Post-Ride Stretch,2022-06-01 10:00 (-05),,,,,,,18,84.94,,
2023-03-18 08:43 (EDT),On Demand,Ben Alldis,20,Strength,Full Body,20 min 90s Rock Full Body Strength,2023-03-13 03:30 (EDT),,,,,,,118,,,
2023-03-18 09:08 (EDT),On Demand,Assal Arian,10,Strength,Core,10 min Core Strength,2023-03-13 14:30 (EDT),,,,,,,59,,,
2023-03-18 09:19 (EDT),On Demand,Ben Alldis,10,Stretching,Full Body Stretch,10 min Full Body Stretch,2023-03-13 03:00 (EDT),,,,,,,29,,,
2023-03-19 16:52 (-05),On Demand,Olivia Amato,30,Cycling,Power Zone,30 min Power Zone EDM Ride,2022-12-10 07:54 (-05),348,193,46%,89,33.38,16.69,460,,,
2023-03-19 17:23 (-05),On Demand,Jenn Sherman,5,Cycling,Cool Down,5 min Cool Down Ride,2022-01-10 11:00 (-05),27,89,38%,74,24.49,2.04,35,,,
2023-03-19 17:30 (-05),On Demand,Jenn Sherman,5,Stretching,Pre & Post-Ride Stretch,5 min Post-Ride Stretch,2021-10-18 10:00 (-05),,,,,,,15,,,
2023-03-20 13:09 (CDT),On Demand,Ben Alldis,20,Strength,Full Body,20 min Strength Roll Call: Full Body,2023-01-23 06:24 (CDT),,,,,,,118,,,
2023-03-20 13:30 (CDT),On Demand,Ben Alldis,10,Stretching,Full Body Stretch,10 min Full Body Stretch,2023-03-13 02:00 (CDT),,,,,,,29,,,
2023-03-22 17:29 (-05),On Demand,Bradley Rose,30,Cycling,Music,30 min 80s Rock Ride,2023-03-03 13:25 (-05),316,175,47%,83,32.40,16.21,300,119.24,,
2023-03-22 18:00 (-05),On Demand,Camila Ramon,5,Cycling,Cool Down,5 min Cool Down Ride,2023-03-17 10:00 (-05),41,135,44%,78,28.77,2.40,54,,,
2023-03-22 18:06 (-05),On Demand,Bradley Rose,5,Stretching,Pre & Post-Ride Stretch,5 min Post-Ride Stretch,2023-02-15 02:00 (-05),,,,,,,15,,,
2023-03-23 11:12 (CDT),On Demand,Aditi Shah,5,Meditation,Relaxation,5 min Relaxing Meditation,2022-09-06 10:00 (CDT),,,,,,,,,,
2023-03-24 14:41 (-05),On Demand,Kendall Toole,5,Cycling,Warm Up,5 min Warm Up Ride,2022-04-06 10:00 (-05),34,115,39%,83,27.02,2.25,45,,,
2023-03-24 14:49 (-05),On Demand,Kendall Toole,30,Cycling,Music,30 min Metal Ride,2022-10-17 05:55 (-05),407,226,57%,75,35.62,17.80,489,156.41,,
2023-03-24 15:27 (-05),On Demand,Sam Yo,5,Cycling,Cool Down,5 min Cool Down Ride,2022-09-14 01:00 (-05),25,82,40%,68,23.31,1.93,32,,,
2023-03-24 15:34 (-05),On Demand,Camila Ramon,5,Stretching,Pre & Post-Ride Stretch,5 min Post-Ride Stretch,2023-03-17 02:00 (-05),,,,,,,15,,,
2023-03-26 10:54 (CDT),On Demand,Ben Alldis,20,Strength,Full Body,20 min Strength Roll Call: Full Body,2022-11-07 06:24 (CDT),,,,,,,118,,,
2023-03-26 11:16 (CDT),On Demand,Ben Alldis,10,Stretching,Full Body Stretch,10 min Full Body Stretch,2022-11-02 07:55 (CDT),,,,,,,30,,,
2023-03-26 14:22 (CDT),On Demand,Anna Greenberg,10,Meditation,Sleep,10 min Sleep Meditation,2023-02-09 10:00 (CDT),,,,,,,,,,
2023-03-27 14:03 (-05),On Demand,Sam Yo,30,Cycling,Power Zone,30 min Power Zone Endurance Pop Ride,2023-03-23 02:00 (-05),323,180,47%,85,32.69,16.33,345,128.86,,
2023-03-27 14:34 (-05),On Demand,Camila Ramon,5,Cycling,Cool Down,5 min Cool Down Ride,2023-03-17 10:00 (-05),46,153,45%,82,30.34,2.53,61,,,
2023-03-27 14:40 (-05),On Demand,Matt Wilpers,5,Stretching,Pre & Post-Ride Stretch,5 min Post-Ride Stretch,2022-05-12 10:00 (-05),,,,,,,15,,,
2023-03-28 05:40 (CDT),On Demand,Ben Alldis,20,Strength,Full Body,20 min Strength Roll Call: Full Body,2022-11-07 06:24 (CDT),,,,,,,118,,,
2023-03-28 06:02 (CDT),On Demand,Ben Alldis,10,Stretching,Full Body Stretch,10 min Full Body Stretch,2022-11-24 09:46 (CDT),,,,,,,30,,,
2023-03-29 05:04 (-05),On Demand,Bradley Rose,30,Cycling,Music,30 min 80s Rock Ride,2023-01-22 10:25 (-05),289,161,47%,79,31.22,15.61,276,115.45,,
2023-03-29 05:34 (-05),On Demand,Erik Jager,5,Cycling,Cool Down,5 min Cool Down Ride,2023-01-11 14:17 (-05),42,139,43%,82,29.42,2.46,55,,,
2023-03-29 05:43 (-05),On Demand,Jenn Sherman,5,Stretching,Pre & Post-Ride Stretch,5 min Post-Ride Stretch,2022-06-01 10:00 (-05),,,,,,,15,,,
2023-03-29 21:39 (CDT),On Demand,Kristin McGee,10,Meditation,Sleep,10 min Sleep Meditation,2023-03-20 10:00 (CDT),,,,,,,,,,
2023-03-31 11:42 (-05),On Demand,Sam Yo,5,Cycling,Warm Up,5 min Warm Up Ride,2023-03-20 02:00 (-05),45,150,41%,92,30.32,2.53,37,96.74,,
2023-03-31 11:49 (-05),On Demand,Sam Yo,30,Cycling,Intervals,30 min HIIT & Hills Ride,2023-03-14 23:30 (-05),412,229,54%,81,35.67,17.83,412,139.16,,
2023-03-31 12:25 (-05),On Demand,Mila Lazar,5,Cycling,Cool Down,5 min Cool Down Ride,2022-04-12 00:42 (-05),32,107,41%,76,26.55,2.20,42,,,
2023-03-31 12:32 (-05),On Demand,Jenn Sherman,5,Stretching,Pre & Post-Ride Stretch,5 min Post-Ride Stretch,2022-06-01 10:00 (-05),,,,,,,15,,,
2023-04-01 11:35 (CDT),On Demand,Hannah Corbin,10,Strength,Barre,10 min Barre,2021-06-09 09:00 (CDT),,,,,,,59,,,
2023-04-01 11:49 (CDT),On Demand,Emma Lovewell,10,Strength,Core,10 min Core Strength,2023-03-30 09:00 (CDT),,,,,,,59,,,
2023-04-01 12:02 (CDT),On Demand,Ben Alldis,10,Strength,Upper Body,10 min Upper Body Strength,2023-02-23 06:50 (CDT),,,,,,,59,,,
2023-04-01 12:16 (CDT),On Demand,Ben Alldis,10,Stretching,Full Body Stretch,10 min Full Body Stretch,2022-11-24 09:46 (CDT),,,,,,,30,,,
2023-04-01 13:52 (CDT),On Demand,Anna Greenberg,10,Meditation,Sleep,10 min Sleep Meditation,2021-03-11 09:00 (CDT),,,,,,,,,,
2023-04-01 14:12 (CDT),On Demand,Anna Greenberg,10,Meditation,Sleep,10 min Sleep Meditation,2021-03-11 09:00 (CDT),,,,,,,,,,
2023-04-02 17:16 (CDT),On Demand,Kristin McGee,10,Yoga,Focus Flow,10 min Focus Flow: Hips,2022-08-02 09:07 (CDT),,,,,,,47,,,
2023-04-03 05:27 (CDT),On Demand,Hannah Corbin,10,Strength,Barre,10 min Barre,2021-06-09 09:00 (CDT),,,,,,,59,,,
2023-04-03 05:45 (-05),On Demand,Denis Morton,30,Cycling,Power Zone,30 min Power Zone Endurance 80s Ride,2022-12-18 14:56 (-05),318,177,48%,81,32.41,16.21,420,,,
2023-04-03 06:16 (-05),On Demand,Sam Yo,5,Cycling,Cool Down,5 min Cool Down Ride,2022-09-14 01:00 (-05),31,103,42%,72,25.96,2.16,41,,,
2023-04-03 06:23 (-05),On Demand,Jenn Sherman,5,Stretching,Pre & Post-Ride Stretch,5 min Post-Ride Stretch,2021-05-14 08:00 (-05),,,,,,,15,,,
2023-04-03 11:46 (CDT),On Demand,Anna Greenberg,5,Meditation,Mindfulness,5 min Body Scan Meditation,2023-02-13 10:00 (CDT),,,,,,,,,,
2023-04-03 15:13 (CDT),On Demand,Anna Greenberg,5,Meditation,Mindfulness,5 min Body Scan Meditation,2023-02-13 10:00 (CDT),,,,,,,,,,
2023-04-04 05:53 (CDT),On Demand,Ben Alldis,20,Strength,Full Body,20 min Strength Roll Call: Full Body,2023-01-23 06:24 (CDT),,,,,,,118,,,
2023-04-04 06:15 (CDT),On Demand,Ben Alldis,10,Stretching,Full Body Stretch,10 min Full Body Stretch,2023-03-13 02:00 (CDT),,,,,,,29,,,
2023-04-04 12:18 (CDT),On Demand,Anna Greenberg,5,Meditation,Mindfulness,5 min Body Scan Meditation,2023-02-13 10:00 (CDT),,,,,,,,,,
2023-04-06 05:20 (CDT),On Demand,Hannah Corbin,10,Strength,Barre,10 min Barre,2021-06-09 09:00 (CDT),,,,,,,59,,,
2023-04-06 05:38 (-05),On Demand,Sam Yo,30,Cycling,Power Zone,30 min Power Zone Ride,2023-04-05 13:00 (-05),326,181,49%,78,32.16,16.08,382,138.31,,
2023-04-06 06:09 (-05),On Demand,Cliff Dwenger,5,Cycling,Cool Down,5 min Cool Down Ride,2023-03-29 00:56 (-05),32,106,41%,75,26.43,2.20,54,126.42,,
2023-04-06 06:18 (-05),On Demand,Jenn Sherman,5,Stretching,Pre & Post-Ride Stretch,5 min Post-Ride Stretch,2022-06-01 10:00 (-05),,,,,,,41,109.78,,
2023-04-07 12:58 (CDT),On Demand,Ben Alldis,20,Strength,Full Body,20 min Full Body Strength,2022-03-07 05:54 (CDT),,,,,,,118,,,
2023-04-07 13:21 (CDT),On Demand,Robin Arzon,10,Stretching,Full Body Stretch,10 min Full Body Stretch,2023-03-31 01:00 (CDT),,,,,,,30,,,
2023-04-08 11:19 (CDT),On Demand,Hannah Corbin,10,Strength,Barre,10 min Barre,2021-06-09 09:00 (CDT),,,,,,,59,,,
2023-04-08 11:35 (-05),On Demand,Mila Lazar,5,Cycling,Warm Up,5 min Warm Up Ride,2023-04-03 08:00 (-05),40,133,38%,92,28.63,2.38,37,106.88,,
2023-04-08 11:42 (-05),On Demand,Bradley Rose,30,Cycling,Music,30 min 90s Rock Ride,2023-03-31 12:25 (-05),352,196,49%,86,33.82,16.91,389,139.01,,
2023-04-08 12:13 (-05),On Demand,Alex Toussaint,5,Cycling,Cool Down,5 min Cool Down Ride,2022-11-28 11:00 (-05),37,122,46%,71,27.73,2.32,48,,,
2023-04-08 12:20 (-05),On Demand,Bradley Rose,5,Stretching,Pre & Post-Ride Stretch,5 min Post-Ride Stretch,2023-04-07 01:00 (-05),,,,,,,15,,,
2023-04-08 16:27 (CDT),On Demand,Nico Sarani,10,Meditation,Sleep,10 min Sleep Meditation,2022-02-28 09:00 (CDT),,,,,,,,,,
2023-04-10 11:49 (CDT),On Demand,Hannah Corbin,10,Strength,Barre,10 min Barre,2021-06-09 09:00 (CDT),,,,,,,59,,,
2023-04-10 12:07 (-05),On Demand,Mayla Wedekind,5,Cycling,Warm Up,5 min Warm Up Ride,2022-07-02 08:12 (-05),36,119,37%,91,27.53,2.29,30,93.47,,
2023-04-10 12:17 (-05),On Demand,Ben Alldis,30,Cycling,Intervals,30 min HIIT & Hills Ride,2023-02-06 13:25 (-05),421,234,58%,75,35.96,17.98,414,144.43,,
2023-04-10 12:51 (-05),On Demand,Mila Lazar,5,Cycling,Cool Down,5 min Cool Down Ride,2023-02-23 01:38 (-05),28,93,40%,75,25.19,2.09,54,127.92,,
2023-04-10 12:59 (-05),On Demand,Jenn Sherman,5,Stretching,Pre & Post-Ride Stretch,5 min Post-Ride Stretch,2022-06-01 10:00 (-05),,,,,,,44,113.29,,
2023-04-10 15:25 (CDT),On Demand,Kristin McGee,5,Yoga,Yoga Anywhere,5 min Chair Yoga,2020-01-24 10:18 (CDT),,,,,,,18,64.70,,
2023-04-11 05:34 (CDT),On Demand,Ben Alldis,20,Strength,Full Body,20 min Strength Roll Call: Full Body,2023-01-23 06:24 (CDT),,,,,,,118,,,
2023-04-11 05:56 (CDT),On Demand,Assal Arian,10,Stretching,Full Body Stretch,10 min Full Body Stretch,2023-04-07 01:00 (CDT),,,,,,,30,,,
2023-04-11 16:09 (CDT),On Demand,Aditi Shah,5,Meditation,Relaxation,5 min Calming Meditation,2023-03-15 10:00 (CDT),,,,,,,,,,
2023-04-12 14:51 (CDT),On Demand,Anna Greenberg,5,Meditation,Mindfulness,5 min Body Scan Meditation,2023-02-13 10:00 (CDT),,,,,,,,,,
2023-04-12 17:03 (-05),On Demand,Christine D'Ercole,30,Cycling,Power Zone,30 min Power Zone Endurance Ride,2023-04-10 08:55 (-05),314,175,48%,80,32.29,16.14,415,,,
2023-04-12 17:33 (-05),On Demand,Bradley Rose,5,Cycling,Cool Down,5 min Cool Down Ride,2023-04-07 01:00 (-05),34,113,41%,79,27.45,2.29,45,,,
2023-04-12 17:40 (-05),On Demand,Bradley Rose,5,Stretching,Pre & Post-Ride Stretch,5 min Post-Ride Stretch,2023-02-15 02:00 (-05),,,,,,,15,,,
2023-04-13 11:53 (CDT),On Demand,Aditi Shah,5,Meditation,Relaxation,5 min Relaxing Meditation,2022-09-06 10:00 (CDT),,,,,,,,,,
2023-04-14 05:58 (CDT),On Demand,Adrian Williams,20,Strength,Full Body,20 min Trap Full Body Strength,2022-03-10 08:51 (CDT),,,,,,,118,,,
2023-04-14 06:20 (CDT),On Demand,Selena Samuela,5,Strength,Core,5 min Core Strength,2023-03-16 09:00 (CDT),,,,,,,30,,,
2023-04-14 06:27 (CDT),On Demand,Adrian Williams,10,Stretching,Full Body Stretch,10 min Full Body Stretch,2022-08-03 09:00 (CDT),,,,,,,30,,,
2023-04-15 12:44 (-05),On Demand,Christine D'Ercole,45,Cycling,Power Zone,45 min Power Zone Endurance Ride,2023-03-21 08:56 (-05),423,188,53%,71,32.52,21.69,559,,,
2023-04-15 13:25 (-05),On Demand,Olivia Amato,5,Cycling,Cool Down,5 min Cool Down Ride,2023-04-14 10:00 (-05),34,112,38%,85,26.88,2.24,44,,,
2023-04-15 13:31 (-05),On Demand,Denis Morton,5,Stretching,Pre & Post-Ride Stretch,5 min Post-Ride Stretch,2023-04-14 03:00 (-05),,,,,,,15,,,
2023-04-17 11:49 (CDT),On Demand,Hannah Corbin,10,Strength,Barre,10 min Barre,2021-06-09 09:00 (CDT),,,,,,,59,,,
2023-04-17 12:04 (-05),On Demand,Mayla Wedekind,5,Cycling,Warm Up,5 min Warm Up Ride,2022-07-02 08:12 (-05),35,119,37%,91,27.37,2.27,31,93.57,,
2023-04-17 12:11 (-05),On Demand,Mayla Wedekind,30,Cycling,Intervals,30 min HIIT & Hills Ride,2022-11-15 02:25 (-05),396,220,57%,74,34.94,17.46,415,144.67,,
2023-04-17 12:55 (-05),On Demand,Mila Lazar,5,Cycling,Cool Down,5 min Cool Down Ride,2022-04-12 00:42 (-05),31,102,42%,74,25.92,2.16,40,,,
2023-04-17 13:01 (-05),On Demand,Jenn Sherman,5,Stretching,Pre & Post-Ride Stretch,5 min Post-Ride Stretch,2022-06-01 10:00 (-05),,,,,,,15,,,
2023-04-18 05:33 (CDT),On Demand,Ben Alldis,20,Strength,Full Body,20 min Strength Roll Call: Full Body,2023-01-23 06:24 (CDT),,,,,,,124,91.53,,
2023-04-18 05:57 (CDT),On Demand,Ben Alldis,10,Stretching,Full Body Stretch,10 min Tropical House Full Body Stretch,2022-07-27 06:05 (CDT),,,,,,,30,69.78,,
2023-04-20 05:20 (CDT),On Demand,Hannah Corbin,10,Strength,Barre,10 min Barre,2021-06-09 09:00 (CDT),,,,,,,59,,,
2023-04-20 05:39 (-05),On Demand,Ben Alldis,30,Cycling,Power Zone,30 min Power Zone Endurance 90s Ride,2023-04-10 09:30 (-05),318,176,47%,84,32.45,16.22,321,124.06,,
2023-04-20 06:09 (-05),On Demand,Matt Wilpers,5,Cycling,Cool Down,5 min Cool Down Ride,2023-04-12 10:00 (-05),29,96,36%,86,24.79,2.08,42,123.49,,
2023-04-20 06:18 (-05),On Demand,Jenn Sherman,5,Stretching,Pre & Post-Ride Stretch,5 min Post-Ride Stretch,2022-06-01 10:00 (-05),,,,,,,28,96.07,,
2023-04-20 12:54 (CDT),On Demand,Kristin McGee,5,Yoga,Yoga Anywhere,5 min Chair Yoga,2020-01-24 10:18 (CDT),,,,,,,18,60.44,,
2023-04-21 13:44 (CDT),On Demand,Ben Alldis,20,Strength,Full Body,20 min Strength Roll Call: Full Body,2023-01-23 06:24 (CDT),,,,,,,118,,,
2023-04-21 14:06 (CDT),On Demand,Ben Alldis,10,Stretching,Full Body Stretch,10 min Tropical House Full Body Stretch,2022-07-27 06:05 (CDT),,,,,,,28,,,
2023-04-22 12:03 (-05),On Demand,Ben Alldis,45,Cycling,Power Zone,45 min Power Zone Endurance Rock Ride,2023-03-30 01:45 (-05),502,186,48%,84,33.25,24.93,576,137.61,,
2023-04-22 12:49 (-05),On Demand,Matt Wilpers,5,Cycling,Cool Down,5 min Cool Down Ride,2023-04-12 10:00 (-05),28,93,34%,90,25.12,2.09,55,136.88,,
2023-04-22 12:58 (-05),On Demand,Jenn Sherman,5,Stretching,Pre & Post-Ride Stretch,5 min Post-Ride Stretch,2022-06-01 10:00 (-05),,,,,,,37,111.06,,
2023-04-28 12:21 (CDT),On Demand,Kristin McGee,5,Yoga,Yoga Anywhere,5 min Chair Yoga,2020-01-24 10:18 (CDT),,,,,,,18,,,
2023-04-29 15:51 (CDT),On Demand,Matty Maggiacomo,10,Strength,Upper Body,10 min Arms & Shoulders Strength,2023-04-12 09:00 (CDT),,,,,,,59,,,
2023-04-29 16:03 (CDT),On Demand,Ben Alldis,5,Stretching,Upper Body Stretch,5 min Upper Body Stretch,2023-01-25 06:05 (CDT),,,,,,,15,,,
2023-04-30 16:34 (CDT),On Demand,Hannah Corbin,10,Strength,Barre,10 min Barre: Lower Body,2022-07-19 09:00 (CDT),,,,,,,59,,,
2023-04-30 16:56 (-05),On Demand,Bradley Rose,30,Cycling,Low Impact,30 min Low Impact Ride,2023-02-02 08:25 (-05),199,110,39%,84,27.00,13.50,207,99.29,,
2023-04-30 17:28 (-05),On Demand,Matt Wilpers,5,Stretching,Pre & Post-Ride Stretch,5 min Post-Ride Stretch,2023-04-21 01:00 (-05),,,,,,,17,81.73,,
2023-05-01 06:56 (CDT),On Demand,Anna Greenberg,5,Meditation,Morning,5 min Morning Meditation,2023-04-12 10:00 (CDT),,,,,,,,,,
2023-05-01 12:11 (CDT),On Demand,Ben Alldis,20,Strength,Full Body,20 min Strength Roll Call: Full Body,2022-08-12 06:24 (CDT),,,,,,,131,95.52,,
2023-05-01 12:32 (CDT),On Demand,Callie Gullickson,10,Stretching,Full Body Stretch,10 min Full Body Stretch,2023-04-27 01:00 (CDT),,,,,,,34,81.12,,
2023-05-02 13:13 (CDT),On Demand,Aditi Shah,5,Meditation,Relaxation,5 min Relaxing Meditation,2022-09-06 10:00 (CDT),,,,,,,,,,
2023-05-03 17:19 (CDT),On Demand,Hannah Corbin,10,Strength,Barre,10 min Barre,2021-06-09 09:00 (CDT),,,,,,,59,,,
2023-05-03 17:39 (-05),On Demand,Matt Wilpers,30,Cycling,Power Zone,30 min Power Zone Endurance Country Ride,2023-04-20 06:22 (-05),319,177,48%,80,32.37,16.19,385,142.65,,
2023-05-03 18:10 (-05),On Demand,Emma Lovewell,5,Cycling,Cool Down,5 min Cool Down Ride,2023-02-06 11:00 (-05),22,73,30%,92,22.74,1.88,45,116.31,,
2023-05-03 18:16 (-05),On Demand,Jenn Sherman,5,Stretching,Pre & Post-Ride Stretch,5 min Post-Ride Stretch,2021-10-18 10:00 (-05),,,,,,,33,100.50,,
2023-05-04 17:11 (CDT),On Demand,Ben Alldis,20,Strength,Full Body,20 min Full Body Strength,2022-03-07 05:54 (CDT),,,,,,,117,,,
2023-05-04 17:32 (CDT),On Demand,Ben Alldis,10,Stretching,Full Body Stretch,10 min Full Body Stretch,2022-11-24 09:46 (CDT),,,,,,,29,,,
2023-05-04 20:07 (CDT),On Demand,Kristin McGee,10,Meditation,Relaxation,10 min Relaxing Meditation,2023-04-20 10:00 (CDT),,,,,,,,,,
2023-05-06 10:32 (CDT),On Demand,Hannah Corbin,10,Strength,Barre,10 min Barre,2021-06-09 09:00 (CDT),,,,,,,59,,,
2023-05-06 10:52 (-05),On Demand,Olivia Amato,45,Cycling,Power Zone,45 min Power Zone Ride,2023-03-11 07:56 (-05),521,193,49%,82,33.22,24.91,594,139.43,,
2023-05-06 11:38 (-05),On Demand,Jenn Sherman,5,Cycling,Cool Down,5 min Cool Down Ride,2023-05-05 10:00 (-05),22,72,36%,72,21.77,1.82,59,134.04,,
2023-05-06 11:46 (-05),On Demand,Jenn Sherman,5,Stretching,Pre & Post-Ride Stretch,5 min Post-Ride Stretch,2022-06-01 10:00 (-05),,,,,,,42,118.45,,
2023-05-07 08:36 (CDT),On Demand,Tunde Oyeneyin,20,Strength,Full Body,20 min Full Body Strength,2023-03-15 09:00 (CDT),,,,,,,,,,
2023-05-07 08:40 (CDT),On Demand,Ben Alldis,20,Strength,Full Body,20 min Strength Roll Call: Full Body,2022-11-07 06:24 (CDT),,,,,,,118,88.57,,
2023-05-07 09:01 (CDT),On Demand,Ben Alldis,10,Stretching,Full Body Stretch,10 min Full Body Stretch,2021-11-08 02:57 (CDT),,,,,,,31,76.35,,
2023-05-07 21:11 (CDT),On Demand,Mariana Fernandez,10,Meditation,Sleep,10 min Sleep Meditation,2023-05-04 10:00 (CDT),,,,,,,,,,
2023-05-08 12:24 (-05),On Demand,Christine D'Ercole,30,Cycling,Power Zone,30 min Power Zone Endurance Ride,2023-05-08 08:54 (-05),306,170,46%,83,31.87,15.93,300,121.86,,
2023-05-08 12:55 (-05),On Demand,Camila Ramon,5,Stretching,Pre & Post-Ride Stretch,5 min Post-Ride Stretch,2023-03-17 02:00 (-05),,,,,,,5,115.51,,
2023-05-08 12:56 (-05),On Demand,Charlotte Weidenbach,5,Cycling,Cool Down,5 min Cool Down Ride,2023-04-27 00:15 (-05),36,120,43%,77,28.08,2.35,46,89.17,,
2023-05-08 13:20 (CDT),On Demand,Jenn Sherman,5,Stretching,Pre & Post-Ride Stretch,5 min Post-Ride Stretch,2022-06-01 10:00 (CDT),,,,,,,15,,,
2023-05-10 18:06 (-05),On Demand,Ben Alldis,30,Cycling,Power Zone,30 min Power Zone Endurance 90s Ride,2023-04-10 09:30 (-05),0,0,0%,0,0,0,0,,,
2023-05-10 18:08 (-05),On Demand,Bradley Rose,30,Cycling,Music,30 min Pop Punk Ride,2023-05-05 12:25 (-05),306,170,49%,79,31.55,15.77,328,127.23,,
2023-05-10 18:38 (-05),On Demand,Leanne Hainsby-Alldis,5,Cycling,Cool Down,5 min Cool Down Ride,2023-02-01 09:18 (-05),31,102,40%,76,25.58,2.12,40,,,
2023-05-10 18:48 (CDT),On Demand,Hannah Corbin,10,Strength,Barre,10 min Barre: Lower Body,2022-07-19 09:00 (CDT),,,,,,,59,82.77,,
2023-05-10 19:01 (-05),On Demand,Jenn Sherman,5,Stretching,Pre & Post-Ride Stretch,5 min Post-Ride Stretch,2022-06-01 10:00 (-05),,,,,,,18,80.36,,
2023-05-11 05:20 (CDT),On Demand,Ben Alldis,20,Strength,Full Body,20 min Strength Roll Call: Full Body,2022-08-29 06:25 (CDT),,,,,,,134,90.94,,
2023-05-11 05:44 (CDT),On Demand,Ben Alldis,10,Stretching,Full Body Stretch,10 min Full Body Stretch,2023-05-08 01:00 (CDT),,,,,,,29,73.93,,
2023-05-12 06:02 (-05),On Demand,Christine D'Ercole,30,Cycling,Power Zone,30 min Power Zone Endurance Ride,2023-04-19 12:56 (-05),283,157,44%,85,30.75,15.39,276,114.21,,
2023-05-12 06:32 (-05),On Demand,Denis Morton,5,Cycling,Cool Down,5 min Cool Down Ride,2023-05-10 10:00 (-05),28,94,37%,82,24.99,2.09,46,115.32,,
2023-05-12 06:41 (-05),On Demand,Jenn Sherman,5,Stretching,Pre & Post-Ride Stretch,5 min Post-Ride Stretch,2022-06-01 10:00 (-05),,,,,,,23,86.99,,
2023-05-14 16:58 (CDT),On Demand,Ben Alldis,20,Strength,Full Body,20 min Strength Roll Call: Full Body,2022-08-29 06:25 (CDT),,,,,,,127,87.98,,
2023-05-14 17:21 (CDT),On Demand,Hannah Corbin,10,Strength,Barre,10 min Barre,2023-03-27 08:59 (CDT),,,,,,,59,,,
2023-05-14 17:32 (CDT),On Demand,Ben Alldis,10,Stretching,Full Body Stretch,10 min Full Body Stretch,2023-05-08 01:00 (CDT),,,,,,,30,73.37,,
2023-05-15 12:19 (-05),On Demand,Kendall Toole,30,Cycling,Music,30 min 90s Rock Ride,2023-05-05 15:53 (-05),352,196,49%,84,33.55,16.77,410,145.61,,
2023-05-15 12:49 (-05),On Demand,Jenn Sherman,5,Cycling,Cool Down,5 min Cool Down Ride,2023-05-05 10:00 (-05),29,96,38%,79,25.30,2.11,53,134.18,,
2023-05-15 12:58 (-05),On Demand,Jenn Sherman,5,Stretching,Pre & Post-Ride Stretch,5 min Post-Ride Stretch,2021-10-18 10:00 (-05),,,,,,,15,,,
2023-05-16 05:29 (CDT),On Demand,Jermaine Johnson,20,Strength,Full Body,20 min Strength Roll Call: Full Body,2023-04-24 06:25 (CDT),,,,,,,114,84.14,,
2023-05-16 05:53 (CDT),On Demand,Assal Arian,10,Stretching,Full Body Stretch,10 min Full Body Stretch,2023-04-28 01:00 (CDT),,,,,,,31,77.60,,
2023-05-16 11:54 (CDT),On Demand,Aditi Shah,5,Meditation,Relaxation,5 min Relaxing Meditation,2022-09-06 10:00 (CDT),,,,,,,,,,
2023-05-18 05:22 (CDT),On Demand,Hannah Corbin,10,Strength,Barre,10 min Barre: Lower Body,2022-07-19 09:00 (CDT),,,,,,,59,,,
2023-05-18 05:43 (-05),On Demand,Sam Yo,30,Cycling,Power Zone,30 min Power Zone Endurance Rock Ride,2023-05-18 01:00 (-05),0,0,0%,0,0,0,0,,,
2023-05-18 05:44 (-05),On Demand,Christine D'Ercole,30,Cycling,Power Zone,30 min Power Zone Ride,2023-04-05 12:54 (-05),331,184,47%,84,32.72,16.37,435,,,
2023-05-18 06:15 (-05),On Demand,Erik Jager,5,Cycling,Cool Down,5 min Cool Down Ride,2023-05-11 00:15 (-05),30,98,39%,78,25.54,2.12,39,,,
2023-05-18 06:24 (-05),On Demand,Jenn Sherman,5,Stretching,Pre & Post-Ride Stretch,5 min Post-Ride Stretch,2022-06-01 10:00 (-05),,,,,,,15,,,
2023-05-18 12:06 (CDT),On Demand,Aditi Shah,5,Meditation,Relaxation,5 min Relaxing Meditation,2022-09-06 10:00 (CDT),,,,,,,,,,
2023-05-18 21:44 (CDT),On Demand,Mariana Fernandez,10,Meditation,Sleep,10 min Sleep Meditation,2023-05-04 10:00 (CDT),,,,,,,,,,
2023-05-19 04:11 (CDT),On Demand,Mariana Fernandez,10,Meditation,Sleep,10 min Sleep Meditation,2023-05-04 10:00 (CDT),,,,,,,,,,
2023-05-19 07:01 (CDT),On Demand,Jermaine Johnson,20,Strength,Full Body,20 min Strength Roll Call: Full Body,2023-04-24 06:25 (CDT),,,,,,,117,,,
2023-05-19 07:22 (CDT),On Demand,Assal Arian,10,Stretching,Full Body Stretch,10 min Full Body Stretch,2023-04-28 01:00 (CDT),,,,,,,29,,,
2023-05-21 09:51 (CDT),On Demand,Hannah Corbin,10,Strength,Barre,10 min Barre,2021-06-09 09:00 (CDT),,,,,,,59,,,
2023-05-21 10:14 (-05),On Demand,Sam Yo,45,Cycling,Power Zone,45 min Power Zone Endurance 90s Ride,2023-05-03 00:55 (-05),455,169,47%,81,31.87,23.91,545,132.96,,
2023-05-21 10:59 (-05),On Demand,Mila Lazar,5,Cycling,Cool Down,5 min Cool Down Ride,2023-02-23 01:38 (-05),30,100,39%,78,25.45,2.11,39,,,
2023-05-21 11:06 (-05),On Demand,Hannah Frankson,5,Stretching,Pre & Post-Ride Stretch,5 min Post-Ride Stretch,2023-03-09 04:00 (-05),,,,,,,15,,,
2023-05-23 16:55 (CDT),On Demand,Hannah Corbin,10,Strength,Barre,10 min Barre,2021-06-09 09:00 (CDT),,,,,,,59,,,
2023-05-23 17:12 (-05),On Demand,Christine D'Ercole,30,Cycling,Power Zone,30 min Power Zone Endurance Ride,2023-05-08 08:54 (-05),303,168,45%,85,31.77,15.88,398,,,
2023-05-23 17:43 (-05),On Demand,Kendall Toole,5,Cycling,Cool Down,5 min Cool Down Ride,2023-05-17 10:00 (-05),40,132,41%,85,28.62,2.38,52,,,
2023-05-23 17:50 (-05),On Demand,Jenn Sherman,5,Stretching,Pre & Post-Ride Stretch,5 min Post-Ride Stretch,2022-06-01 10:00 (-05),,,,,,,15,,,
2023-05-24 12:33 (CDT),On Demand,Kirra Michel,5,Meditation,Meditation Basics,5 min Basics: Breath,2023-03-29 09:00 (CDT),,,,,,,,,,
2023-05-25 12:10 (CDT),On Demand,Kirra Michel,5,Meditation,Meditation Basics,5 min Basics: Breath,2023-03-29 09:00 (CDT),,,,,,,,,,
2023-05-25 17:01 (CDT),On Demand,Hannah Corbin,10,Strength,Barre,10 min Barre,2021-06-09 09:00 (CDT),,,,,,,59,,,
2023-05-25 17:35 (-05),On Demand,Leanne Hainsby-Alldis,30,Cycling,Music,30 min Pop Ride,2023-04-24 00:55 (-05),326,181,47%,83,32.59,16.30,336,126.37,,
2023-05-25 18:06 (-05),On Demand,Bradley Rose,5,Cycling,Cool Down,5 min Cool Down Ride,2023-05-24 01:00 (-05),31,104,41%,76,26.16,2.19,58,130.87,,
2023-05-25 18:12 (-05),On Demand,Jenn Sherman,5,Stretching,Pre & Post-Ride Stretch,5 min Post-Ride Stretch,2022-06-01 10:00 (-05),,,,,,,43,111.77,,
2023-05-26 06:16 (CDT),On Demand,Jermaine Johnson,20,Strength,Full Body,20 min Strength Roll Call: Full Body,2023-04-24 06:25 (CDT),,,,,,,118,,,
2023-05-26 06:38 (CDT),On Demand,Jermaine Johnson,10,Stretching,Full Body Stretch,10 min Full Body Stretch,2023-05-23 06:18 (CDT),,,,,,,29,,,
2023-05-27 11:47 (-05),On Demand,Mayla Wedekind,5,Cycling,Warm Up,5 min Warm Up Ride,2023-05-20 02:25 (-05),41,138,39%,92,29.30,2.45,45,117.10,,
2023-05-27 11:55 (-05),On Demand,Mila Lazar,30,Cycling,Intervals,30 min HIIT & Hills Ride,2023-04-26 23:55 (-05),410,227,55%,78,35.60,17.80,454,152.57,,
2023-05-27 12:30 (-05),On Demand,Mayla Wedekind,5,Cycling,Cool Down,5 min Cool Down Ride,2023-01-09 12:17 (-05),28,93,42%,69,24.78,2.06,58,132.35,,
2023-05-27 12:41 (-05),On Demand,Jenn Sherman,5,Stretching,Pre & Post-Ride Stretch,5 min Post-Ride Stretch,2021-10-18 10:00 (-05),,,,,,,15,,,
2023-05-28 07:37 (CDT),On Demand,Jermaine Johnson,20,Strength,Full Body,20 min Full Body Strength,2023-01-12 05:30 (CDT),,,,,,,118,,,
2023-05-28 08:00 (CDT),On Demand,Ben Alldis,10,Stretching,Full Body Stretch,10 min Lewis Capaldi Full Body Stretch,2023-05-22 13:05 (CDT),,,,,,,29,,,
2023-05-30 05:33 (CDT),On Demand,Hannah Corbin,10,Strength,Barre,10 min Barre,2021-06-09 09:00 (CDT),,,,,,,61,68.47,,
2023-05-30 05:53 (-05),On Demand,Sam Yo,30,Cycling,Power Zone,30 min Power Zone Endurance Rock Ride,2023-05-18 01:00 (-05),309,172,46%,82,31.79,15.90,406,,,
2023-05-30 06:24 (-05),On Demand,Hannah Frankson,5,Cycling,Cool Down,5 min Cool Down Ride,2023-05-03 01:00 (-05),27,88,38%,76,24.29,2.03,35,,,
2023-05-30 06:33 (-05),On Demand,Jenn Sherman,5,Stretching,Pre & Post-Ride Stretch,5 min Post-Ride Stretch,2023-05-24 01:00 (-05),,,,,,,15,,,
2023-05-31 05:42 (CDT),On Demand,Jermaine Johnson,20,Strength,Full Body,20 min Strength Roll Call: Full Body,2023-04-24 06:25 (CDT),,,,,,,118,,,
2023-05-31 06:04 (CDT),On Demand,Robin Arzon,10,Stretching,Full Body Stretch,10 min Full Body Stretch,2023-03-31 01:00 (CDT),,,,,,,29,,,
2023-06-01 11:52 (CDT),On Demand,Kirra Michel,5,Meditation,Meditation Basics,5 min Basics: Breath,2023-03-29 09:00 (CDT),,,,,,,,,,
2023-06-02 12:14 (-05),On Demand,Mila Lazar,5,Cycling,Warm Up,5 min Warm Up Ride,2023-04-20 00:15 (-05),39,129,38%,90,27.87,2.32,51,,,
2023-06-02 12:21 (-05),On Demand,Olivia Amato,30,Cycling,Intervals,30 min HIIT & Hills Ride,2023-05-17 05:56 (-05),411,228,60%,69,35.33,17.67,439,149.16,,
2023-06-02 12:57 (-05),On Demand,Benny Adami,5,Cycling,Cool Down,5 min Cool Down Ride,2023-05-25 00:15 (-05),28,95,38%,79,25.36,2.11,37,,,
2023-06-02 13:04 (-05),On Demand,Jenn Sherman,5,Stretching,Pre & Post-Ride Stretch,5 min Post-Ride Stretch,2021-10-18 10:00 (-05),,,,,,,15,,,
2023-06-03 12:54 (CDT),On Demand,Jermaine Johnson,20,Strength,Full Body,20 min Strength Roll Call: Full Body,2023-04-24 06:25 (CDT),,,,,,,114,84.72,,
2023-06-03 13:19 (CDT),On Demand,Emma Lovewell,5,Strength,Core,5 min Core Strength,2023-05-12 10:00 (CDT),,,,,,,30,80.42,,
2023-06-03 13:25 (CDT),On Demand,Emma Lovewell,5,Strength,Core,5 min Core Strength,2023-05-12 10:00 (CDT),,,,,,,30,78.42,,
2023-06-03 13:30 (CDT),On Demand,Ben Alldis,10,Stretching,Full Body Stretch,10 min Lewis Capaldi Full Body Stretch,2023-05-22 13:05 (CDT),,,,,,,31,73.14,,
2023-06-04 12:05 (-05),On Demand,Bradley Rose,30,Cycling,Music,30 min 80s Rock Ride,2023-04-28 12:25 (-05),311,173,46%,86,32.05,16.03,409,,,
2023-06-04 12:35 (-05),On Demand,Sam Yo,5,Cycling,Cool Down,5 min Cool Down Ride,2023-05-19 01:00 (-05),29,98,40%,73,25.50,2.12,39,,,
2023-06-04 12:42 (-05),On Demand,Jenn Sherman,5,Stretching,Pre & Post-Ride Stretch,5 min Post-Ride Stretch,2022-06-01 10:00 (-05),,,,,,,15,,,
2023-06-05 13:48 (CDT),On Demand,Jermaine Johnson,20,Strength,Full Body,20 min Hip Hop Full Body Strength,2023-02-14 05:24 (CDT),,,,,,,118,,,
2023-06-05 14:09 (CDT),On Demand,Emma Lovewell,5,Strength,Core,5 min Core Strength,2023-01-27 08:00 (CDT),,,,,,,30,,,
2023-06-05 14:15 (CDT),On Demand,Ben Alldis,10,Stretching,Full Body Stretch,10 min Lewis Capaldi Full Body Stretch,2023-05-22 13:05 (CDT),,,,,,,29,,,
2023-06-06 08:42 (CDT),On Demand,Hannah Corbin,10,Strength,Barre,10 min Barre,2021-06-09 09:00 (CDT),,,,,,,59,,,
2023-06-06 09:03 (-05),On Demand,Ben Alldis,45,Cycling,Power Zone,45 min Power Zone Endurance Rock Ride,2023-06-05 12:25 (-05),497,184,48%,81,32.96,24.70,549,137.90,,
2023-06-06 09:48 (-05),On Demand,Leanne Hainsby-Alldis,5,Cycling,Cool Down,5 min Whitney Houston Cool Down Ride,2022-12-21 03:37 (-05),33,110,41%,78,26.76,2.22,57,129.64,,
2023-06-06 10:09 (CDT),On Demand,Jenn Sherman,5,Stretching,Pre & Post-Ride Stretch,5 min Post-Ride Stretch,2022-06-01 10:00 (CDT),,,,,,,15,,,
2023-06-17 21:21 (CDT),On Demand,Hannah Corbin,10,Strength,Barre,10 min Barre,2021-06-09 09:00 (CDT),,,,,,,59,,,
2023-06-18 15:57 (CDT),On Demand,Ben Alldis,10,Strength,Upper Body,10 min Upper Body Strength,2023-02-23 06:50 (CDT),,,,,,,59,,,
2023-06-18 16:09 (CDT),On Demand,Ben Alldis,5,Stretching,Upper Body Stretch,5 min Upper Body Stretch,2023-01-09 09:00 (CDT),,,,,,,15,,,
2023-06-22 12:03 (CDT),On Demand,Kirra Michel,5,Meditation,Meditation Basics,5 min Basics: Breath,2023-03-29 09:00 (CDT),,,,,,,,,,
2023-06-23 11:43 (CDT),On Demand,Ben Alldis,10,Strength,Upper Body,10 min Upper Body Strength,2023-02-23 06:50 (CDT),,,,,,,59,,,
2023-06-23 11:55 (CDT),On Demand,Hannah Corbin,10,Strength,Barre,10 min Barre,2021-06-09 09:00 (CDT),,,,,,,59,,,
2023-06-23 12:07 (CDT),On Demand,Ben Alldis,5,Stretching,Upper Body Stretch,5 min Upper Body Stretch,2023-01-09 09:00 (CDT),,,,,,,15,,,
2023-06-23 12:13 (CDT),On Demand,Ben Alldis,5,Stretching,Lower Body Stretch,5 min Lower Body Stretch,2023-06-21 05:48 (CDT),,,,,,,15,,,
2023-06-25 20:13 (CDT),On Demand,Hannah Corbin,10,Strength,Barre,10 min Barre,2021-06-09 09:00 (CDT),,,,,,,59,,,
2023-06-26 12:00 (CDT),On Demand,Ben Alldis,10,Strength,Upper Body,10 min Upper Body Strength,2023-02-23 06:50 (CDT),,,,,,,59,,,
2023-06-26 12:12 (CDT),On Demand,Ben Alldis,10,Strength,Lower Body,10 min Glutes & Legs Strength,2023-06-21 05:25 (CDT),,,,,,,59,,,
2023-06-26 12:23 (CDT),On Demand,Ben Alldis,10,Stretching,Full Body Stretch,10 min Full Body Stretch,2021-11-08 02:57 (CDT),,,,,,,29,,,
2023-06-27 20:30 (CDT),On Demand,Ben Alldis,5,Stretching,Lower Body Stretch,5 min Lower Body Stretch,2023-06-21 05:48 (CDT),,,,,,,15,,,
2023-06-28 17:01 (-05),On Demand,Hannah Corbin,30,Cycling,Music,30 min 90s Rock Ride,2023-06-24 10:54 (-05),198,110,40%,78,26.45,13.23,233,109.75,,
2023-06-28 17:32 (-05),On Demand,Jenn Sherman,5,Cycling,Cool Down,5 min Cool Down Ride,2023-06-14 10:00 (-05),24,80,34%,83,23.53,1.96,34,101.24,,
2023-06-28 17:39 (-05),On Demand,Jenn Sherman,5,Stretching,Pre & Post-Ride Stretch,5 min Post-Ride Stretch,2022-06-01 10:00 (-05),,,,,,,18,83.60,,
2023-06-30 11:43 (-05),On Demand,Christine D'Ercole,30,Cycling,Power Zone,30 min Power Zone Endurance Ride,2023-06-14 12:55 (-05),294,163,44%,86,31.45,15.72,386,,,
2023-06-30 12:13 (-05),On Demand,Bradley Rose,5,Cycling,Cool Down,5 min Cool Down Ride,2023-06-30 01:00 (-05),36,120,40%,83,27.66,2.30,48,,,
2023-06-30 12:20 (-05),On Demand,Jenn Sherman,5,Stretching,Pre & Post-Ride Stretch,5 min Post-Ride Stretch,2022-06-01 10:00 (-05),,,,,,,15,,,
2023-07-01 16:52 (CDT),On Demand,Ben Alldis,20,Strength,Full Body,20 min Full Body Strength,2023-06-26 05:25 (CDT),,,,,,,129,98.72,,
2023-07-01 17:13 (CDT),On Demand,Ben Alldis,10,Stretching,Full Body Stretch,10 min Full Body Stretch,2023-06-29 07:03 (CDT),,,,,,,31,74.48,,
2023-07-02 16:33 (-05),On Demand,Matt Wilpers,30,Cycling,Power Zone,30 min Power Zone Ride,2023-05-18 06:23 (-05),325,181,47%,82,32.32,16.16,428,,,
2023-07-02 17:04 (-05),On Demand,Camila Ramon,5,Cycling,Cool Down,5 min Cool Down Ride,2023-06-28 10:00 (-05),45,149,48%,73,29.69,2.48,65,131.37,,
2023-07-02 17:17 (CDT),On Demand,Hannah Corbin,10,Strength,Barre,10 min Barre: Lower Body,2022-11-18 15:00 (CDT),,,,,,,57,83.80,,
2023-07-02 17:29 (CDT),On Demand,Leanne Hainsby-Alldis,5,Stretching,Pre & Post-Ride Stretch,5 min Post-Ride Stretch,2023-06-30 01:00 (CDT),,,,,,,16,78.64,,
2023-07-04 12:33 (-05),On Demand,Emma Lovewell,30,Cycling,Music,30 min 90s Rock Ride,2023-06-16 15:55 (-05),0,0,0%,0,0,0,0,,,
2023-07-04 12:37 (-05),On Demand,Emma Lovewell,30,Cycling,Music,30 min 90s Rock Ride,2023-06-16 15:55 (-05),339,189,50%,79,32.91,16.45,446,,,
2023-07-04 13:07 (-05),On Demand,Sam Yo,5,Cycling,Cool Down,5 min Cool Down Ride,2023-05-19 01:00 (-05),31,102,41%,74,25.73,2.14,58,129.65,,
2023-07-04 13:13 (-05),On Demand,Leanne Hainsby-Alldis,5,Stretching,Pre & Post-Ride Stretch,5 min Post-Ride Stretch,2023-06-30 01:00 (-05),,,,,,,45,113.93,,
2023-07-06 16:28 (-05),On Demand,Christine D'Ercole,30,Cycling,Power Zone,30 min Power Zone Ride,2023-06-28 12:53 (-05),0,0,0%,0,0,0,0,,,
2023-07-06 16:33 (-05),On Demand,Erik Jager,30,Cycling,Power Zone,30 min Power Zone Endurance Ride,2023-05-18 11:28 (-05),264,147,43%,85,30.08,15.05,343,127.14,,
2023-07-06 17:05 (-05),On Demand,Charlotte Weidenbach,5,Cycling,Cool Down,5 min Cool Down Ride,2022-10-19 11:26 (-05),33,109,39%,81,26.77,2.22,43,,,
2023-07-06 17:13 (-05),On Demand,Leanne Hainsby-Alldis,5,Stretching,Pre & Post-Ride Stretch,5 min Post-Ride Stretch,2023-06-30 01:00 (-05),,,,,,,15,,,
2023-07-07 12:58 (CDT),On Demand,Ben Alldis,20,Strength,Full Body,20 min Full Body Strength,2023-06-26 05:25 (CDT),,,,,,,127,88.81,,
2023-07-07 13:19 (CDT),On Demand,Ben Alldis,10,Stretching,Full Body Stretch,10 min Full Body Stretch,2023-06-29 07:03 (CDT),,,,,,,31,76.12,,
2023-07-08 09:10 (CDT),On Demand,Hannah Corbin,10,Strength,Barre,10 min Barre: Lower Body,2023-06-05 09:01 (CDT),,,,,,,59,,,
2023-07-08 09:31 (-05),On Demand,Mayla Wedekind,5,Cycling,Warm Up,5 min Warm Up Ride,2023-05-20 02:25 (-05),37,123,37%,90,27.35,2.27,48,,,
2023-07-08 09:39 (-05),On Demand,Mila Lazar,15,Cycling,Climb,15 min Climb Ride,2023-02-24 12:02 (-05),226,251,61%,73,36.93,9.24,225,151.98,,
2023-07-08 09:55 (-05),On Demand,Mila Lazar,15,Cycling,Music,15 min Dance Music Ride,2023-01-10 11:55 (-05),162,180,51%,76,32.12,8.03,204,142.54,,
2023-07-08 10:11 (-05),On Demand,Charlotte Weidenbach,5,Cycling,Cool Down,5 min Cool Down Ride,2023-04-27 00:15 (-05),38,128,43%,77,28.23,2.35,50,,,
2023-07-08 10:19 (-05),On Demand,Jenn Sherman,5,Stretching,Pre & Post-Ride Stretch,5 min Post-Ride Stretch,2021-10-18 10:00 (-05),,,,,,,49,118.76,,
2023-07-10 12:59 (-05),On Demand,Sam Yo,30,Cycling,Power Zone,30 min Power Zone Classic Rock Ride,2023-06-28 00:55 (-05),0,0,0%,0,0,0,0,,,
2023-07-10 12:59 (-05),On Demand,Matt Wilpers,30,Cycling,Power Zone,30 min Power Zone Endurance EDM Ride,2023-06-15 06:22 (-05),308,171,46%,83,31.77,15.88,322,122.60,,
2023-07-10 13:30 (-05),On Demand,Matt Wilpers,5,Cycling,Cool Down,5 min Cool Down Ride,2023-07-05 10:00 (-05),21,71,30%,92,22.23,1.85,28,,,
2023-07-10 13:38 (-05),On Demand,Matt Wilpers,5,Stretching,Pre & Post-Ride Stretch,5 min Post-Ride Stretch,2022-05-12 10:00 (-05),,,,,,,27,91.32,,
2023-07-10 19:38 (CDT),On Demand,Kristin McGee,5,Yoga,Yoga Anywhere,5 min Chair Yoga,2020-01-24 10:18 (CDT),,,,,,,18,,,
2023-07-11 06:42 (CDT),On Demand,Ben Alldis,20,Strength,Full Body,20 min 90s Rock Full Body Strength,2023-03-13 02:30 (CDT),,,,,,,118,,,
2023-07-11 07:03 (CDT),On Demand,Ben Alldis,10,Stretching,Full Body Stretch,10 min Lewis Capaldi Full Body Stretch,2023-05-22 13:05 (CDT),,,,,,,30,74.24,,
2023-07-13 18:14 (-05),On Demand,Olivia Amato,30,Cycling,Power Zone,30 min Power Zone Endurance Ride,2023-07-13 04:55 (-05),305,169,48%,77,31.64,15.82,401,,,
2023-07-13 18:46 (-05),On Demand,Charlotte Weidenbach,5,Cycling,Cool Down,5 min Cool Down Ride,2023-07-13 00:15 (-05),31,102,37%,84,25.76,2.16,40,,,
2023-07-13 18:55 (-05),On Demand,Jenn Sherman,5,Stretching,Pre & Post-Ride Stretch,5 min Post-Ride Stretch,2022-06-01 10:00 (-05),,,,,,,15,,,
2023-07-14 17:49 (CDT),On Demand,Ben Alldis,20,Strength,Full Body,20 min Full Body Strength,2023-06-26 05:25 (CDT),,,,,,,118,85.30,,
2023-07-14 18:10 (CDT),On Demand,Ben Alldis,10,Stretching,Full Body Stretch,10 min Full Body Stretch,2023-06-29 07:03 (CDT),,,,,,,30,72.90,,
2023-07-15 16:22 (CDT),On Demand,Hannah Corbin,10,Strength,Barre,10 min Barre,2021-06-09 09:00 (CDT),,,,,,,59,67.83,,
2023-07-15 16:47 (-05),On Demand,Bradley Rose,30,Cycling,Music,30 min Pop Punk Ride,2023-06-15 05:55 (-05),300,167,47%,81,31.65,15.84,358,134.47,,
2023-07-15 17:18 (-05),On Demand,Charlotte Weidenbach,5,Cycling,Cool Down,5 min Cool Down Ride,2023-07-13 00:15 (-05),30,101,37%,83,25.41,2.12,51,120.86,,
2023-07-15 17:30 (-05),On Demand,Jenn Sherman,5,Stretching,Pre & Post-Ride Stretch,5 min Post-Ride Stretch,2022-06-01 10:00 (-05),,,,,,,15,,,
2023-07-17 16:00 (-05),On Demand,Leanne Hainsby-Alldis,5,Cycling,Warm Up,5 min Warm Up Ride,2023-06-27 01:00 (-05),33,110,36%,89,26.22,2.19,44,,,
2023-07-17 16:08 (-05),On Demand,Hannah Frankson,15,Cycling,Intervals,15 min Tabata Ride,2023-05-24 12:55 (-05),183,203,44%,93,33.52,8.37,162,125.22,,
2023-07-17 16:24 (-05),On Demand,Jenn Sherman,15,Cycling,Music,15 min 90s Ride,2023-06-06 09:34 (-05),152,169,47%,82,31.52,7.89,178,143.03,,
2023-07-17 16:39 (-05),On Demand,Denis Morton,5,Cycling,Cool Down,5 min Cool Down Ride,2023-07-07 10:00 (-05),28,92,36%,84,24.16,2.01,36,,,
2023-07-17 16:46 (-05),On Demand,Leanne Hainsby-Alldis,5,Stretching,Pre & Post-Ride Stretch,5 min Post-Ride Stretch,2023-06-30 01:00 (-05),,,,,,,44,113.10,,
2023-07-19 18:28 (CEST),On Demand,Hannah Corbin,10,Strength,Barre,10 min Barre,2021-06-09 16:00 (CEST),,,,,,,59,,,
2023-07-21 07:22 (BST),On Demand,Ben Alldis,10,Strength,Upper Body,10 min Upper Body Strength,2023-02-23 12:50 (BST),,,,,,,59,,,
2023-07-21 07:35 (BST),On Demand,Ben Alldis,5,Strength,Core,5 min Core Strength,2023-07-05 11:58 (BST),,,,,,,29,,,
2023-07-21 07:43 (BST),On Demand,Ben Alldis,10,Stretching,Full Body Stretch,10 min Full Body Stretch,2022-11-24 15:46 (BST),,,,,,,30,,,
2023-07-23 16:00 (BST),Live,Charlotte Weidenbach,30,Cycling,Intervals,30 min HIIT & Hills Ride,2023-07-23 15:55 (BST),295,164,48%,79,31.15,15.58,388,,,
2023-07-23 21:58 (BST),On Demand,Charlotte Weidenbach,5,Stretching,Pre & Post-Ride Stretch,5 min Post-Ride Stretch,2023-06-29 06:15 (BST),,,,,,,15,,,
2023-07-25 19:34 (BST),On Demand,Susie Chan,5,Stretching,Post-Run Stretch,5 min Post-Run Stretch,2023-02-16 06:30 (BST),,,,,,,15,,,
2023-07-27 06:09 (BST),On Demand,Hannah Corbin,10,Strength,Barre,10 min Barre,2021-06-09 15:00 (BST),,,,,,,59,,,
2023-07-27 06:21 (BST),On Demand,Ben Alldis,5,Strength,Core,5 min Core Strength,2023-07-05 11:58 (BST),,,,,,,29,,,
2023-07-27 06:29 (BST),On Demand,Jermaine Johnson,5,Strength,Core,5 min Core Strength,2023-05-16 11:52 (BST),,,,,,,29,,,
2023-07-28 11:31 (-05),On Demand,Charlotte Weidenbach,30,Cycling,Intervals,30 min HIIT & Hills Ride,2023-07-23 09:55 (-05),383,213,54%,78,34.34,17.17,459,150.64,,
2023-07-28 12:02 (-05),On Demand,Charlotte Weidenbach,5,Cycling,Cool Down,5 min Cool Down Ride,2023-01-23 03:01 (-05),30,100,43%,70,25.33,2.11,39,,,
2023-07-28 12:12 (-05),On Demand,Leanne Hainsby-Alldis,5,Stretching,Pre & Post-Ride Stretch,5 min Post-Ride Stretch,2023-06-30 01:00 (-05),,,,,,,15,,,
2023-07-29 10:22 (CDT),On Demand,Ben Alldis,20,Strength,Full Body,20 min Strength Roll Call: Full Body,2022-08-29 06:25 (CDT),,,,,,,122,86.26,,
2023-07-29 10:45 (CDT),On Demand,Hannah Corbin,10,Stretching,Full Body Stretch,10 min Full Body Stretch,2023-07-27 01:00 (CDT),,,,,,,29,,,
2023-07-30 13:15 (-05),On Demand,Christine D'Ercole,45,Cycling,Power Zone,45 min Power Zone Ride,2023-05-07 14:25 (-05),493,183,46%,87,32.59,24.45,523,133.57,,
2023-07-30 14:00 (-05),On Demand,Olivia Amato,5,Cycling,Cool Down,5 min Cool Down Ride,2023-07-28 10:00 (-05),23,77,32%,87,23.15,1.93,31,,,
2023-07-30 14:09 (-05),On Demand,Hannah Frankson,5,Stretching,Pre & Post-Ride Stretch,5 min Post-Ride Stretch,2023-07-28 01:00 (-05),,,,,,,15,,,
2023-07-31 12:11 (CDT),On Demand,Ben Alldis,20,Strength,Full Body,20 min Tropical House Full Body Strength,2023-07-31 05:25 (CDT),,,,,,,117,,,
2023-07-31 12:32 (CDT),On Demand,Ben Alldis,10,Stretching,Full Body Stretch,10 min Full Body Stretch,2023-05-08 01:00 (CDT),,,,,,,29,,,
2023-08-02 17:38 (-05),On Demand,Sam Yo,30,Cycling,Power Zone,30 min Power Zone Endurance 80s Ride,2023-07-16 07:55 (-05),291,162,45%,84,31.22,15.61,308,126.10,,
2023-08-02 18:09 (-05),On Demand,Tunde Oyeneyin,5,Cycling,Cool Down,5 min Cool Down Ride,2023-07-26 10:00 (-05),27,90,37%,80,24.82,2.08,36,,,
2023-08-02 18:16 (-05),On Demand,Olivia Amato,5,Stretching,Pre & Post-Ride Stretch,5 min Post-Ride Stretch,2023-07-21 01:00 (-05),,,,,,,15,,,
2023-08-03 05:35 (CDT),On Demand,Hannah Corbin,10,Strength,Barre,10 min Barre,2021-06-09 09:00 (CDT),,,,,,,59,,,
2023-08-04 16:40 (-05),On Demand,Emma Lovewell,30,Cycling,Intervals,30 min HIIT & Hills Ride,2023-07-30 08:55 (-05),393,218,56%,74,34.95,17.48,412,144.70,,
2023-08-04 17:11 (-05),On Demand,Emma Lovewell,5,Cycling,Cool Down,5 min Cool Down Ride,2023-02-06 11:00 (-05),18,61,31%,82,21.03,1.75,24,,,
2023-08-04 17:17 (-05),On Demand,Emma Lovewell,5,Stretching,Pre & Post-Ride Stretch,5 min Post-Ride Stretch,2022-05-11 10:00 (-05),,,,,,,15,,,
2023-08-05 08:52 (CDT),On Demand,Callie Gullickson,20,Strength,Full Body,20 min Strength Roll Call: Full Body,2023-07-28 06:23 (CDT),,,,,,,128,86.73,,
2023-08-05 09:18 (CDT),On Demand,Emma Lovewell,5,Strength,Core,5 min Core Strength,2023-07-16 11:55 (CDT),,,,,,,30,,,
2023-08-05 09:24 (CDT),On Demand,Ben Alldis,10,Stretching,Full Body Stretch,10 min Full Body Stretch,2023-05-08 01:00 (CDT),,,,,,,31,74.19,,
2023-08-05 14:39 (CDT),On Demand,Nico Sarani,10,Meditation,Sleep,10 min Sleep Meditation,2023-07-06 10:00 (CDT),,,,,,,,,,
2023-08-06 07:04 (-05),On Demand,Olivia Amato,45,Cycling,Power Zone,45 min Power Zone Ride,2023-08-03 04:55 (-05),508,188,48%,84,32.85,24.64,668,,,
2023-08-06 07:50 (-05),On Demand,Emma Lovewell,5,Cycling,Cool Down,5 min Cool Down Ride,2023-02-06 11:00 (-05),16,54,31%,75,19.36,1.61,21,,,
2023-08-06 08:00 (-05),On Demand,Hannah Frankson,5,Stretching,Pre & Post-Ride Stretch,5 min Post-Ride Stretch,2023-07-28 01:00 (-05),,,,,,,15,,,
2023-08-07 13:15 (CDT),On Demand,Ben Alldis,20,Strength,Full Body,20 min Strength Roll Call: Full Body,2023-01-23 06:24 (CDT),,,,,,,137,99.97,,
2023-08-07 13:38 (CDT),On Demand,Callie Gullickson,10,Stretching,Full Body Stretch,10 min Full Body Stretch,2023-06-29 01:00 (CDT),,,,,,,29,70.06,,
2023-08-09 05:34 (-05),On Demand,Ben Alldis,30,Cycling,Power Zone,30 min Power Zone Endurance 80s Ride,2023-08-06 07:55 (-05),318,177,48%,80,32.33,16.17,338,127.19,,
2023-08-09 06:05 (-05),On Demand,Leanne Hainsby-Alldis,5,Cycling,Cool Down,5 min Cool Down Ride,2023-06-16 01:00 (-05),32,107,41%,76,26.26,2.19,52,124.00,,
2023-08-09 06:15 (-05),On Demand,Jenn Sherman,5,Stretching,Pre & Post-Ride Stretch,5 min Post-Ride Stretch,2022-06-01 10:00 (-05),,,,,,,31,95.46,,
2023-08-10 06:24 (CDT),On Demand,Anna Greenberg,5,Meditation,Morning,5 min Morning Meditation,2023-08-09 10:00 (CDT),,,,,,,,,,
2023-08-11 05:54 (-05),On Demand,Mila Lazar,30,Cycling,Music,30 min House Ride,2023-08-04 10:25 (-05),336,187,50%,79,32.80,16.40,442,,,
2023-08-11 06:26 (-05),On Demand,Erik Jager,5,Cycling,Cool Down,5 min Cool Down Ride,2023-07-27 00:15 (-05),36,119,42%,76,27.50,2.30,47,,,
2023-08-11 06:35 (-05),On Demand,Ben Alldis,5,Stretching,Pre & Post-Ride Stretch,5 min Post-Ride Stretch,2023-08-11 03:00 (-05),,,,,,,15,,,
2023-08-12 04:23 (PDT),On Demand,Aditi Shah,10,Meditation,Sleep,10 min Sleep Meditation,2023-06-14 08:00 (PDT),,,,,,,,,,
2023-08-12 04:37 (PDT),On Demand,Aditi Shah,10,Meditation,Sleep,10 min Sleep Meditation,2023-06-14 08:00 (PDT),,,,,,,,,,
2023-08-12 14:07 (PDT),On Demand,Ben Alldis,5,Stretching,Lower Body Stretch,5 min Lower Body Stretch,2023-06-21 03:48 (PDT),,,,,,,15,,,
2023-08-13 09:38 (PDT),On Demand,Hannah Corbin,10,Strength,Barre,10 min Barre,2021-06-09 07:00 (PDT),,,,,,,59,,,
2023-08-13 09:50 (PDT),On Demand,Susie Chan,5,Stretching,Post-Run Stretch,5 min Post-Run Stretch,2022-05-02 22:00 (PDT),,,,,,,15,,,
2023-08-13 09:56 (PDT),On Demand,Emma Lovewell,5,Strength,Core,5 min Core Strength,2023-05-12 08:00 (PDT),,,,,,,,,,
2023-08-13 15:43 (PDT),On Demand,Tobias Heinze,5,Stretching,Post-Run Stretch,5 min Post-Run Stretch,2023-07-31 08:00 (PDT),,,,,,,15,,,
2023-08-13 17:31 (PDT),On Demand,Anna Greenberg,10,Meditation,Relaxation,10 min Relaxing Meditation,2023-05-16 09:39 (PDT),,,,,,,,,,
2023-08-13 20:51 (PDT),On Demand,Assal Arian,10,Stretching,Full Body Stretch,10 min Summer Break Full Body Stretch,2023-07-30 22:00 (PDT),,,,,,,30,,,
2023-08-15 06:24 (CDT),On Demand,Ben Alldis,20,Strength,Full Body,20 min Tropical House Full Body Strength,2023-07-31 05:25 (CDT),,,,,,,118,,,
2023-08-15 06:47 (CDT),On Demand,Ben Alldis,10,Stretching,Full Body Stretch,10 min Full Body Stretch,2023-06-29 07:03 (CDT),,,,,,,29,,,
2023-08-15 06:58 (CDT),On Demand,Kirra Michel,5,Meditation,Meditation Basics,5 min Basics: Breath,2023-03-29 09:00 (CDT),,,,,,,,,,
2023-08-16 17:14 (-05),On Demand,Erik Jager,30,Cycling,Power Zone,30 min Power Zone Endurance German Pop,2023-07-18 12:24 (-05),292,162,45%,83,31.09,15.55,384,,,
2023-08-16 17:44 (-05),On Demand,Charlotte Weidenbach,5,Cycling,Cool Down,5 min Cool Down Ride,2022-10-19 11:26 (-05),31,105,40%,78,26.05,2.17,41,,,
2023-08-16 17:52 (-05),On Demand,Benny Adami,5,Stretching,Pre & Post-Ride Stretch,5 min Post-Ride Stretch,2023-06-01 03:00 (-05),,,,,,,15,,,
2023-08-16 22:07 (CDT),On Demand,Nico Sarani,10,Meditation,Sleep,10 min Sleep Meditation,2022-02-28 09:00 (CDT),,,,,,,,,,
2023-08-17 14:27 (CDT),On Demand,Kristin McGee,5,Yoga,Yoga Anywhere,5 min Chair Yoga,2020-01-24 10:18 (CDT),,,,,,,18,,,
2023-08-18 12:38 (-05),On Demand,Mila Lazar,5,Cycling,Warm Up,5 min Warm Up Ride,2023-08-17 03:00 (-05),29,96,34%,93,25.24,2.11,38,,,
2023-08-18 12:45 (-05),On Demand,Mayla Wedekind,30,Cycling,Intervals,30 min HIIT & Hills Ride,2023-08-05 09:55 (-05),396,220,57%,73,34.91,17.45,425,146.34,,
2023-08-18 13:16 (-05),On Demand,Mila Lazar,5,Cycling,Cool Down,5 min Cool Down Ride,2023-08-17 03:00 (-05),26,88,41%,69,23.93,2.00,55,128.82,,
2023-08-18 18:30 (-05),On Demand,Jenn Sherman,5,Stretching,Pre & Post-Ride Stretch,5 min Post-Ride Stretch,2021-10-18 10:00 (-05),,,,,,,15,,,
2023-08-19 10:12 (CDT),On Demand,Jermaine Johnson,20,Strength,Full Body,20 min Full Body Strength,2023-08-08 05:30 (CDT),,,,,,,140,89.80,,
2023-08-19 10:36 (CDT),On Demand,Marcel Maurer,5,Strength,Core,5 min Core Strength,2023-08-08 11:00 (CDT),,,,,,,29,,,
2023-08-19 10:42 (CDT),On Demand,Andy Speer,10,Stretching,Full Body Stretch,10 min Full Body Stretch,2023-01-18 09:00 (CDT),,,,,,,32,76.95,,
2023-08-20 13:45 (-05),On Demand,Sam Yo,45,Cycling,Power Zone,45 min Power Zone Endurance Ride,2023-07-26 00:54 (-05),508,188,49%,82,33.41,25.06,540,133.48,,
2023-08-20 14:30 (-05),On Demand,Hannah Frankson,5,Cycling,Cool Down,5 min Cool Down Ride,2023-07-14 01:00 (-05),32,105,41%,75,26.19,2.19,41,,,
2023-08-20 14:46 (CDT),On Demand,Hannah Corbin,10,Strength,Barre,10 min Barre,2021-06-09 09:00 (CDT),,,,,,,59,,,
2023-08-20 14:58 (-05),On Demand,Mila Lazar,5,Stretching,Pre & Post-Ride Stretch,5 min Post-Ride Stretch,2023-08-17 03:00 (-05),,,,,,,15,,,
2023-08-21 05:19 (CDT),On Demand,Ben Alldis,20,Strength,Full Body,20 min Strength Roll Call: Full Body,2022-11-07 06:24 (CDT),,,,,,,118,,,
2023-08-21 05:40 (CDT),On Demand,Ben Alldis,10,Stretching,Full Body Stretch,10 min Full Body Stretch,2023-06-29 07:03 (CDT),,,,,,,29,,,
2023-08-21 21:31 (CDT),On Demand,Nico Sarani,10,Meditation,Sleep,10 min Sleep Meditation,2022-02-28 09:00 (CDT),,,,,,,,,,
2023-08-23 16:57 (-05),On Demand,Emma Lovewell,30,Cycling,Music,30 min 90s Ride,2023-08-13 08:55 (-05),0,0,0%,0,0,0,0,,,
2023-08-23 16:58 (-05),On Demand,Jenn Sherman,30,Cycling,Music,30 min 90s Rock Ride,2023-08-22 08:55 (-05),311,173,49%,79,31.93,15.96,410,,,
2023-08-23 17:29 (-05),On Demand,Alex Toussaint,5,Cycling,Cool Down,5 min Cool Down Ride,2023-08-23 10:00 (-05),26,86,36%,81,24.32,2.03,34,,,
2023-08-23 17:36 (-05),On Demand,Ben Alldis,5,Stretching,Pre & Post-Ride Stretch,5 min Post-Ride Stretch,2023-08-11 03:00 (-05),,,,,,,15,,,
2023-08-25 12:04 (-05),On Demand,Mila Lazar,5,Cycling,Warm Up,5 min Warm Up Ride,2023-08-17 03:00 (-05),29,97,34%,91,24.97,2.08,38,105.39,,
2023-08-25 12:12 (-05),On Demand,Mayla Wedekind,30,Cycling,Intervals,30 min HIIT & Hills Ride,2022-03-16 12:55 (-05),441,245,62%,69,36.55,18.28,431,147.51,,
2023-08-25 12:44 (-05),On Demand,Mila Lazar,5,Cycling,Cool Down,5 min Cool Down Ride,2023-08-17 03:00 (-05),30,99,42%,71,25.41,2.11,56,129.52,,
2023-08-25 12:56 (-05),On Demand,Jenn Sherman,5,Stretching,Pre & Post-Ride Stretch,5 min Post-Ride Stretch,2022-06-01 10:00 (-05),,,,,,,15,,,
2023-08-26 16:32 (CDT),On Demand,Ben Alldis,20,Strength,Full Body,20 min Strength Roll Call: Full Body,2022-08-29 06:25 (CDT),,,,,,,118,,,
2023-08-26 16:53 (CDT),On Demand,Hannah Corbin,10,Stretching,Full Body Stretch,10 min Full Body Stretch,2023-08-25 01:00 (CDT),,,,,,,28,,,
2023-08-27 11:22 (-05),On Demand,Matt Wilpers,30,Cycling,Power Zone,30 min Power Zone Endurance Ride,2023-08-24 06:23 (-05),278,155,43%,89,30.93,15.47,366,,,
2023-08-27 11:54 (-05),On Demand,Emma Lovewell,5,Cycling,Cool Down,5 min Cool Down Ride,2023-06-21 10:00 (-05),25,82,34%,84,23.72,1.98,36,103.38,,
2023-08-27 12:00 (-05),On Demand,Matt Wilpers,5,Stretching,Pre & Post-Ride Stretch,5 min Post-Ride Stretch,2023-08-25 01:00 (-05),,,,,,,26,90.43,,
2023-08-27 16:33 (CDT),On Demand,Kristin McGee,10,Yoga,Yoga Anywhere,10 min Chair Yoga,2022-01-06 09:00 (CDT),,,,,,,47,,,
2023-08-28 12:41 (CDT),On Demand,Ben Alldis,20,Strength,Full Body,20 min Queen Full Body Strength,2021-12-09 02:26 (CDT),,,,,,,118,,,
2023-08-28 13:02 (CDT),On Demand,Matty Maggiacomo,10,Stretching,Full Body Stretch,10 min Full Body Stretch,2023-08-17 01:00 (CDT),,,,,,,29,,,
2023-08-29 16:13 (-05),On Demand,Christine D'Ercole,30,Cycling,Power Zone,30 min Power Zone Endurance Ride,2023-08-23 12:55 (-05),302,168,43%,89,31.28,15.64,322,128.75,,
2023-08-29 16:44 (-05),On Demand,Kendall Toole,5,Cycling,Cool Down,5 min Cool Down Ride,2023-08-02 10:00 (-05),39,129,46%,72,28.38,2.37,45,110.36,,
2023-08-29 16:51 (-05),On Demand,Matt Wilpers,5,Stretching,Pre & Post-Ride Stretch,5 min Post-Ride Stretch,2023-08-25 01:00 (-05),,,,,,,15,,,
2023-09-01 05:44 (-05),On Demand,Ben Alldis,30,Cycling,Power Zone,30 min Power Zone Rock Ride,2023-08-30 03:00 (-05),332,184,48%,82,32.72,16.37,341,133.42,,
2023-09-01 06:15 (-05),On Demand,Emma Lovewell,5,Cycling,Cool Down,5 min Cool Down Ride,2023-08-30 10:00 (-05),30,101,38%,82,26.07,2.17,48,92.58,,
2023-09-01 06:23 (-05),On Demand,Jenn Sherman,5,Stretching,Pre & Post-Ride Stretch,5 min Post-Ride Stretch,2021-10-18 10:00 (-05),,,,,,,33,103.19,,
2023-09-02 11:34 (CDT),On Demand,Hannah Corbin,10,Strength,Barre,10 min Barre,2021-06-09 09:00 (CDT),,,,,,,61,57.67,,
2023-09-02 11:55 (CDT),On Demand,Rebecca Kennedy,20,Strength,Full Body,20 min Strength Roll Call: Full Body,2023-08-07 06:27 (CDT),,,,,,,119,,,
2023-09-02 12:18 (CDT),On Demand,Ben Alldis,10,Stretching,Full Body Stretch,10 min Full Body Stretch,2023-06-29 07:03 (CDT),,,,,,,29,67.14,,
2023-09-03 08:50 (-05),On Demand,Mila Lazar,5,Cycling,Warm Up,5 min Warm Up Ride,2023-08-17 03:00 (-05),29,86,33%,89,23.92,2.11,38,,,
2023-09-03 08:59 (-05),On Demand,Mayla Wedekind,15,Cycling,Climb,15 min Climb Ride,2023-07-29 02:52 (-05),228,253,59%,73,37.00,9.25,197,139.74,,
2023-09-03 09:15 (-05),On Demand,Bradley Rose,15,Cycling,Music,15 min 90s Ride,2023-07-29 05:55 (-05),151,168,48%,80,31.69,7.92,193,146.84,,
2023-09-03 09:31 (-05),On Demand,Mila Lazar,5,Cycling,Cool Down,5 min Cool Down Ride,2023-08-31 00:15 (-05),28,94,38%,80,25.04,2.08,37,,,
2023-09-03 09:37 (-05),On Demand,Jenn Sherman,5,Stretching,Pre & Post-Ride Stretch,5 min Post-Ride Stretch,2022-06-01 10:00 (-05),,,,,,,15,,,
2023-09-04 12:00 (CDT),On Demand,Rebecca Kennedy,20,Strength,Full Body,20 min Strength Roll Call: Full Body,2023-08-07 06:27 (CDT),,,,,,,121,84.86,,
2023-09-04 12:31 (CDT),On Demand,Emma Lovewell,5,Strength,Core,5 min Core Strength,2023-08-27 11:55 (CDT),,,,,,,30,,,
2023-09-04 12:38 (CDT),On Demand,Hannah Corbin,10,Strength,Barre,10 min Barre,2021-06-09 09:00 (CDT),,,,,,,59,,,
2023-09-04 12:49 (CDT),On Demand,Ben Alldis,10,Stretching,Full Body Stretch,10 min Full Body Stretch,2023-06-29 07:03 (CDT),,,,,,,29,,,
2023-09-04 15:26 (CDT),On Demand,Kirra Michel,10,Meditation,Sleep,10 min Sleep Meditation,2023-08-08 10:00 (CDT),,,,,,,,,,
2023-09-05 11:23 (CDT),On Demand,Kirra Michel,5,Meditation,Meditation Basics,5 min Basics: Breath,2023-03-29 09:00 (CDT),,,,,,,,,,
2023-09-06 05:47 (CDT),On Demand,Kristin McGee,5,Yoga,Yoga Basics,5 min Basics: Cobra,2022-04-06 11:00 (CDT),,,,,,,24,,,
2023-09-06 11:12 (CDT),On Demand,Chelsea Jackson Roberts,5,Meditation,Relaxation,5 min Calming Meditation,2023-05-19 10:00 (CDT),,,,,,,,,,
2023-09-06 17:31 (-05),On Demand,Ben Alldis,30,Cycling,Power Zone,30 min Power Zone Endurance Classic Rock,2023-09-06 11:00 (-05),311,173,48%,81,32.10,16.05,332,126.55,,
2023-09-06 18:02 (-05),On Demand,Ben Alldis,5,Cycling,Cool Down,5 min Cool Down Ride,2023-08-25 03:00 (-05),36,121,40%,85,28.19,2.33,44,110.20,,
2023-09-06 18:09 (-05),On Demand,Olivia Amato,5,Stretching,Pre & Post-Ride Stretch,5 min Post-Ride Stretch,2023-08-30 03:00 (-05),,,,,,,21,85.73,,
2023-09-08 11:25 (-05),On Demand,Matt Wilpers,10,Cycling,Power Zone,10 min FTP Warm Up Ride,2023-07-28 10:00 (-05),83,139,40%,85,27.94,4.65,109,,,
2023-09-08 11:37 (-05),On Demand,Matt Wilpers,20,Cycling,Power Zone,20 min FTP Test Ride,2023-07-28 10:00 (-05),301,250,55%,82,37.34,12.44,323,154.74,,
2023-09-08 11:58 (-05),On Demand,Ben Alldis,5,Cycling,Cool Down,5 min Cool Down Ride,2023-08-25 03:00 (-05),28,95,40%,77,24.98,2.08,37,,,
2023-09-08 12:10 (-05),On Demand,Jenn Sherman,5,Stretching,Pre & Post-Ride Stretch,5 min Post-Ride Stretch,2021-10-18 10:00 (-05),,,,,,,15,,,
2023-09-09 12:10 (CDT),On Demand,Rebecca Kennedy,20,Strength,Full Body,20 min Strength Roll Call: Full Body,2023-08-07 06:27 (CDT),,,,,,,118,,,
2023-09-09 12:30 (CDT),On Demand,Emma Lovewell,5,Strength,Core,5 min Core Strength,2023-07-16 11:55 (CDT),,,,,,,30,,,
2023-09-09 12:39 (CDT),On Demand,Andy Speer,10,Stretching,Full Body Stretch,10 min Full Body Stretch,2023-08-10 01:00 (CDT),,,,,,,29,,,
2023-09-10 11:54 (-05),On Demand,Ben Alldis,45,Cycling,Power Zone,45 min Power Zone Endurance 90s Ride,2023-07-20 01:00 (-05),468,173,47%,83,32.29,24.22,444,119.53,,
2023-09-10 12:40 (-05),On Demand,Hannah Corbin,5,Cycling,Cool Down,5 min Cool Down Ride,2023-08-09 10:00 (-05),32,106,36%,88,26.59,2.20,42,,,
2023-09-10 12:48 (-05),On Demand,Ben Alldis,5,Stretching,Pre & Post-Ride Stretch,5 min Post-Ride Stretch,2023-08-11 03:00 (-05),,,,,,,15,,,
2023-09-11 12:20 (CDT),On Demand,Ben Alldis,20,Strength,Full Body,20 min Strength Roll Call: Full Body,2022-12-05 06:25 (CDT),,,,,,,119,,,
2023-09-11 12:41 (CDT),On Demand,Hannah Corbin,10,Strength,Barre,10 min Barre,2021-06-09 09:00 (CDT),,,,,,,59,,,
2023-09-11 12:56 (CDT),On Demand,Ben Alldis,10,Stretching,Full Body Stretch,10 min Full Body Stretch,2023-06-29 07:03 (CDT),,,,,,,29,,,
2023-09-12 05:46 (CDT),On Demand,Kirra Michel,5,Meditation,Meditation Basics,5 min Basics: Breath,2023-03-29 09:00 (CDT),,,,,,,,,,
2023-09-13 18:19 (-05),On Demand,Christine D'Ercole,30,Cycling,Power Zone,30 min Power Zone Ride,2023-09-11 08:55 (-05),316,175,46%,84,31.99,16.00,416,,,
2023-09-13 18:51 (-05),On Demand,Leanne Hainsby-Alldis,5,Cycling,Cool Down,5 min Cool Down Ride,2023-08-16 01:00 (-05),32,107,43%,73,26.21,2.17,42,,,
2023-09-15 11:49 (-05),On Demand,Ben Alldis,30,Cycling,Power Zone,30 min Power Zone Rock Ride,2023-08-30 03:00 (-05),336,186,49%,81,32.91,16.45,441,,,
2023-09-15 12:19 (-05),On Demand,Ben Alldis,5,Cycling,Cool Down,5 min Cool Down Ride,2023-06-09 01:00 (-05),38,125,41%,82,27.95,2.33,49,,,
2023-09-15 12:35 (CDT),On Demand,Hannah Corbin,10,Strength,Barre,10 min Barre,2021-06-09 09:00 (CDT),,,,,,,59,,,
2023-09-15 12:48 (CDT),On Demand,Alex Toussaint,5,Stretching,Pre & Post-Ride Stretch,5 min Post-Ride Stretch,2023-07-26 01:00 (CDT),,,,,,,15,,,
2023-09-16 16:05 (CDT),On Demand,Ben Alldis,20,Strength,Full Body,20 min Full Body Strength,2023-09-13 05:30 (CDT),,,,,,,148,101.94,,
2023-09-16 16:31 (CDT),On Demand,Assal Arian,10,Stretching,Full Body Stretch,10 min Summer Break Full Body Stretch,2023-07-31 00:00 (CDT),,,,,,,30,,,
2023-09-17 08:38 (-05),On Demand,Erik Jager,30,Cycling,Theme,30 min Oktoberfest Ride,2023-09-16 05:00 (-05),339,188,51%,78,32.83,16.42,380,138.14,,
2023-09-17 09:09 (-05),On Demand,Olivia Amato,5,Cycling,Cool Down,5 min Cool Down Ride,2023-09-13 10:00 (-05),26,88,37%,83,24.07,2.01,50,122.53,,
2023-09-17 09:15 (-05),On Demand,Ally Love,5,Stretching,Pre & Post-Ride Stretch,5 min Post-Ride Stretch,2023-09-15 01:00 (-05),,,,,,,1,116.00,,
2023-09-17 09:16 (-05),On Demand,Ben Alldis,5,Stretching,Pre & Post-Ride Stretch,5 min Post-Ride Stretch,2023-08-11 03:00 (-05),,,,,,,35,91.59,,
2023-09-18 12:16 (CDT),On Demand,Ben Alldis,20,Strength,Full Body,20 min Full Body Strength,2023-09-13 05:30 (CDT),,,,,,,125,80.16,,
2023-09-18 12:40 (CDT),On Demand,Ben Alldis,10,Stretching,Full Body Stretch,10 min Full Body Stretch,2023-06-29 07:03 (CDT),,,,,,,29,66.35,,
2023-09-18 12:51 (CDT),On Demand,Anna Greenberg,5,Yoga,Restorative,5 min Savasana,2023-08-30 09:00 (CDT),,,,,,,6,53.12,,
2023-09-20 18:40 (-05),On Demand,Sam Yo,30,Cycling,Power Zone,30 min Power Zone Endurance 90s Ride,2023-09-06 01:00 (-05),305,169,46%,84,31.83,15.92,375,132.54,,
2023-09-20 19:10 (-05),On Demand,Emma Lovewell,5,Cycling,Cool Down,5 min Cool Down Ride,2023-08-30 10:00 (-05),27,90,38%,78,24.39,2.03,38,109.10,,
2023-09-20 19:21 (-05),On Demand,Ben Alldis,5,Stretching,Pre & Post-Ride Stretch,5 min Post-Ride Stretch,2023-08-11 03:00 (-05),,,,,,,15,,,
2023-09-22 16:05 (-05),On Demand,Mila Lazar,5,Cycling,Warm Up,5 min Warm Up Ride,2023-08-17 03:00 (-05),32,108,35%,92,26.32,2.19,43,,,
2023-09-22 16:15 (-05),On Demand,Mayla Wedekind,30,Cycling,Intervals,30 min HIIT & Hills Ride,2023-08-05 09:55 (-05),416,231,57%,74,35.97,17.99,547,,,
2023-09-22 16:45 (-05),On Demand,Mila Lazar,5,Cycling,Cool Down,5 min Cool Down Ride,2023-08-31 00:15 (-05),28,92,37%,80,24.67,2.04,36,,,
2023-09-22 17:24 (CDT),On Demand,Jenn Sherman,5,Stretching,Pre & Post-Ride Stretch,5 min Post-Ride Stretch,2021-10-18 10:00 (CDT),,,,,,,15,,,
2023-09-23 12:10 (CDT),On Demand,Hannah Corbin,10,Strength,Barre,10 min Barre: Lower Body,2022-07-19 09:00 (CDT),,,,,,,59,63.85,,
2023-09-23 12:24 (CDT),On Demand,Ben Alldis,20,Strength,Full Body,20 min Full Body Strength,2023-09-13 05:30 (CDT),,,,,,,123,87.57,,
2023-09-23 12:48 (CDT),On Demand,Ben Alldis,10,Stretching,Full Body Stretch,10 min Full Body Stretch,2023-06-29 07:03 (CDT),,,,,,,29,,,
2023-09-23 15:23 (CDT),On Demand,Aditi Shah,10,Meditation,Sleep,10 min Sleep Meditation,2023-06-14 10:00 (CDT),,,,,,,,,,
2023-09-24 08:33 (-05),On Demand,Emma Lovewell,30,Cycling,Music,30 min 90s Rock Ride,2023-08-27 08:54 (-05),321,179,48%,81,32.32,16.16,335,127.03,,
2023-09-24 09:04 (-05),On Demand,Emma Lovewell,5,Cycling,Cool Down,5 min Cool Down Ride,2023-08-30 10:00 (-05),30,100,38%,82,25.75,2.16,41,124.54,,
2023-09-24 09:13 (-05),On Demand,Emma Lovewell,5,Stretching,Pre & Post-Ride Stretch,5 min Post-Ride Stretch,2023-09-22 01:00 (-05),,,,,,,15,,,
2023-09-28 17:06 (-05),On Demand,Erik Jager,30,Cycling,Power Zone,30 min Power Zone Endurance German Rock,2023-09-13 12:24 (-05),292,162,47%,78,31.18,15.59,275,113.46,,
2023-09-28 17:37 (-05),On Demand,Tunde Oyeneyin,5,Cycling,Cool Down,5 min Cool Down Ride,2023-09-15 10:00 (-05),25,83,35%,82,23.84,2.00,33,,,
2023-09-28 17:44 (-05),On Demand,Jenn Sherman,5,Stretching,Pre & Post-Ride Stretch,5 min Post-Ride Stretch,2023-09-27 01:00 (-05),,,,,,,15,,,
2023-09-29 16:25 (CDT),On Demand,Ben Alldis,20,Strength,Full Body,20 min Full Body Strength,2023-09-27 05:25 (CDT),,,,,,,118,,,
2023-09-29 16:51 (CDT),On Demand,Ben Alldis,10,Stretching,Full Body Stretch,10 min Full Body Stretch,2023-03-13 02:00 (CDT),,,,,,,29,,,
2023-09-30 11:04 (CDT),On Demand,Hannah Corbin,10,Strength,Barre,10 min Barre,2021-06-09 09:00 (CDT),,,,,,,59,,,
2023-09-30 11:23 (-05),On Demand,Charlotte Weidenbach,30,Cycling,Music,30 min Rock Ride,2023-09-21 11:30 (-05),372,207,53%,79,33.93,16.96,439,142.93,,
2023-09-30 11:54 (-05),On Demand,Benny Adami,5,Cycling,Cool Down,5 min Cool Down Ride,2023-09-28 00:15 (-05),36,121,45%,73,27.89,2.32,55,128.57,,
2023-09-30 12:01 (-05),On Demand,Jenn Sherman,5,Stretching,Pre & Post-Ride Stretch,5 min Post-Ride Stretch,2023-05-24 01:00 (-05),,,,,,,15,,,
2023-10-01 06:07 (CDT),On Demand,Ben Alldis,20,Strength,Full Body,20 min Strength Roll Call: Full Body,2022-12-19 06:25 (CDT),,,,,,,123,89.68,,
2023-10-01 06:30 (CDT),On Demand,Ben Alldis,10,Stretching,Full Body Stretch,10 min Full Body Stretch,2021-11-08 02:57 (CDT),,,,,,,29,71.72,,
2023-10-04 17:31 (CDT),On Demand,Hannah Corbin,10,Strength,Barre,10 min Barre,2021-06-09 09:00 (CDT),,,,,,,59,59.51,,
2023-10-04 17:47 (-05),On Demand,Ben Alldis,30,Cycling,Power Zone,30 min Power Zone Rock Ride,2023-08-30 03:00 (-05),315,175,48%,79,31.99,16.00,300,118.67,,
2023-10-04 18:18 (-05),On Demand,Denis Morton,5,Cycling,Cool Down,5 min Cool Down Ride,2023-09-29 10:00 (-05),29,96,35%,91,25.39,2.12,38,,,
2023-10-04 18:25 (-05),On Demand,Jenn Sherman,5,Stretching,Pre & Post-Ride Stretch,5 min Post-Ride Stretch,2022-06-01 10:00 (-05),,,,,,,15,,,
2023-10-06 17:39 (CDT),On Demand,Ben Alldis,20,Strength,Full Body,20 min Strength Roll Call: Full Body,2022-12-19 06:25 (CDT),,,,,,,132,94.01,,
2023-10-06 17:59 (CDT),On Demand,Ben Alldis,10,Stretching,Full Body Stretch,10 min Full Body Stretch,2021-11-08 02:57 (CDT),,,,,,,34,78.50,,
2023-10-07 16:54 (-05),On Demand,Christine D'Ercole,45,Cycling,Power Zone,45 min Power Zone Endurance Ride,2023-09-24 14:25 (-05),478,177,49%,78,32.24,24.17,482,126.08,,
2023-10-07 17:40 (-05),On Demand,Leanne Hainsby-Alldis,5,Cycling,Cool Down,5 min Cool Down Ride,2023-10-06 01:00 (-05),32,105,40%,76,25.80,2.16,42,,,
2023-10-07 18:04 (-05),,,5,Cycling,,5 min Lanebreak Ride,,22,74,35%,76,22.52,1.90,29,92.40,,
2023-10-07 18:33 (-05),On Demand,Jess King,5,Stretching,Pre & Post-Ride Stretch,5 min Post-Ride Stretch,2023-10-06 01:00 (-05),,,,,,,15,73.92,,
2023-10-08 17:00 (CDT),On Demand,Jermaine Johnson,20,Strength,Full Body,20 min Full Body Strength,2023-09-21 10:07 (CDT),,,,,,,118,,,
2023-10-08 17:22 (CDT),On Demand,Logan Aldridge,5,Strength,Core,5 min Core Strength,2023-09-26 17:26 (CDT),,,,,,,30,,,
2023-10-08 17:29 (CDT),On Demand,Callie Gullickson,10,Stretching,Full Body Stretch,10 min Full Body Stretch,2023-08-31 03:00 (CDT),,,,,,,29,,,
2023-10-09 12:08 (-05),On Demand,Bradley Rose,30,Cycling,Music,30 min 90s Ride,2023-10-06 12:25 (-05),299,166,45%,86,31.03,15.51,393,,,
2023-10-09 12:39 (-05),On Demand,Emma Lovewell,5,Cycling,Cool Down,5 min Cool Down Ride,2023-08-30 10:00 (-05),30,98,38%,81,25.89,2.16,39,,,
2023-10-09 13:25 (-05),On Demand,Jenn Sherman,5,Stretching,Pre & Post-Ride Stretch,5 min Post-Ride Stretch,2022-06-01 10:00 (-05),,,,,,,15,,,
2023-10-11 17:19 (-05),On Demand,Olivia Amato,30,Cycling,Music,30 min Rock Ride,2023-09-23 10:55 (-05),353,196,50%,78,33.04,16.53,465,,,
2023-10-11 17:50 (-05),On Demand,Leanne Hainsby-Alldis,5,Cycling,Cool Down,5 min Cool Down Ride,2023-10-06 01:00 (-05),29,97,39%,78,24.95,2.08,38,,,
2023-10-11 18:01 (CDT),On Demand,Hannah Corbin,10,Strength,Barre,10 min Barre,2021-06-09 09:00 (CDT),,,,,,,59,,,
2023-10-11 18:11 (-05),On Demand,Jenn Sherman,5,Stretching,Pre & Post-Ride Stretch,5 min Post-Ride Stretch,2022-06-01 10:00 (-05),,,,,,,15,,,
2023-10-13 17:00 (CDT),On Demand,Ben Alldis,20,Strength,Full Body,20 min Full Body Strength,2023-09-27 05:25 (CDT),,,,,,,,,,
2023-10-13 17:02 (CDT),On Demand,Ben Alldis,20,Strength,Full Body,20 min Full Body Strength,2023-09-13 05:30 (CDT),,,,,,,118,,,
2023-10-13 17:23 (CDT),On Demand,Ben Alldis,10,Stretching,Full Body Stretch,10 min Full Body Stretch,2023-10-09 06:12 (CDT),,,,,,,30,,,
2023-10-14 11:12 (-05),On Demand,Mayla Wedekind,5,Cycling,Warm Up,5 min Warm Up Ride,2023-08-03 00:15 (-05),42,140,40%,88,29.18,2.43,55,,,
2023-10-14 11:18 (-05),On Demand,Mayla Wedekind,30,Cycling,Intervals,30 min HIIT & Hills Ride,2023-07-11 10:55 (-05),406,226,59%,71,35.23,17.62,424,146.10,,
2023-10-14 11:49 (-05),On Demand,Mila Lazar,5,Cycling,Cool Down,5 min Cool Down Ride,2023-08-31 00:15 (-05),22,72,35%,76,22.40,1.87,49,125.17,,
2023-10-14 11:58 (-05),On Demand,Jenn Sherman,5,Stretching,Pre & Post-Ride Stretch,5 min Post-Ride Stretch,2022-06-01 10:00 (-05),,,,,,,44,112.19,,
2023-10-15 16:14 (CDT),On Demand,Ben Alldis,20,Strength,Full Body,20 min 90s Rock Full Body Strength,2023-03-13 02:30 (CDT),,,,,,,118,,,
2023-10-15 16:37 (CDT),On Demand,Emma Lovewell,5,Strength,Core,5 min Core Strength,2023-07-16 11:55 (CDT),,,,,,,30,,,
2023-10-15 16:46 (CDT),On Demand,Ben Alldis,10,Stretching,Full Body Stretch,10 min Full Body Stretch,2023-10-09 06:12 (CDT),,,,,,,30,,,
2023-10-15 16:57 (CDT),On Demand,Kirra Michel,5,Meditation,Emotions,5 min Acceptance Meditation,2023-06-06 10:00 (CDT),,,,,,,,,,
2023-10-16 12:18 (-05),On Demand,Leanne Hainsby-Alldis,20,Cycling,Music,20 min 2000s Rock Ride,2023-10-16 00:55 (-05),216,180,46%,87,32.59,10.86,284,,,
2023-10-16 12:40 (-05),On Demand,Jenn Sherman,10,Cycling,Climb,Extra 10: Climb Ride,2023-05-30 09:00 (-05),122,203,58%,65,34.12,5.70,160,,,
2023-10-16 12:51 (-05),On Demand,Denis Morton,5,Cycling,Cool Down,5 min Cool Down Ride,2023-09-29 10:00 (-05),35,115,38%,89,27.01,2.25,45,,,
2023-10-16 13:08 (CDT),On Demand,Hannah Corbin,10,Strength,Barre,10 min Barre,2023-08-28 08:30 (CDT),,,,,,,59,,,
2023-10-16 13:20 (CDT),On Demand,Jenn Sherman,5,Stretching,Pre & Post-Ride Stretch,5 min Post-Ride Stretch,2022-06-01 10:00 (CDT),,,,,,,15,,,
2023-10-17 11:09 (CDT),On Demand,Anna Greenberg,5,Meditation,Mindfulness,5 min Body Scan Meditation,2023-02-13 10:00 (CDT),,,,,,,,,,
2023-10-18 17:01 (-05),On Demand,Ben Alldis,30,Cycling,Power Zone,30 min Power Zone Endurance 90s Ride,2023-09-25 12:25 (-05),256,142,42%,85,29.55,14.77,337,,,
2023-10-18 17:32 (-05),On Demand,Alex Toussaint,5,Cycling,Cool Down,5 min Cool Down Ride,2023-10-13 10:00 (-05),34,112,41%,77,26.84,2.24,44,,,
2023-10-18 17:39 (-05),On Demand,Jenn Sherman,5,Stretching,Pre & Post-Ride Stretch,5 min Post-Ride Stretch,2021-10-18 10:00 (-05),,,,,,,15,,,
2023-10-20 15:09 (-05),On Demand,Mayla Wedekind,5,Cycling,Warm Up,5 min Warm Up Ride,2023-10-19 00:15 (-05),36,121,37%,93,27.80,2.32,48,,,
2023-10-20 15:16 (-05),On Demand,Ben Alldis,30,Cycling,Intervals,30 min HIIT & Hills Ride,2023-09-24 07:55 (-05),426,237,57%,78,36.01,18.01,435,147.89,,
2023-10-20 15:47 (-05),On Demand,Mayla Wedekind,5,Cycling,Cool Down,5 min Cool Down Ride,2023-10-19 00:15 (-05),35,116,43%,77,26.94,2.25,59,133.52,,
2023-10-20 15:59 (-05),On Demand,Jenn Sherman,5,Stretching,Pre & Post-Ride Stretch,5 min Post-Ride Stretch,2022-06-01 10:00 (-05),,,,,,,15,,,
2023-10-21 10:38 (CDT),On Demand,Ben Alldis,20,Strength,Full Body,20 min Full Body Strength,2023-09-27 05:25 (CDT),,,,,,,118,,,
2023-10-21 11:31 (CDT),On Demand,Ben Alldis,10,Stretching,Full Body Stretch,10 min Full Body Stretch,2023-10-09 06:12 (CDT),,,,,,,29,,,
2023-10-23 11:39 (CDT),On Demand,Hannah Corbin,10,Strength,Barre,10 min Barre,2021-06-09 09:00 (CDT),,,,,,,59,,,
2023-10-23 11:57 (-05),On Demand,Emma Lovewell,30,Cycling,Music,30 min 90s Rock Ride,2023-10-22 08:53 (-05),321,178,50%,78,31.94,15.96,367,128.71,,
2023-10-23 12:28 (-05),On Demand,Emma Lovewell,5,Cycling,Cool Down,5 min Cool Down Ride,2023-08-30 10:00 (-05),27,90,38%,77,24.75,2.06,35,,,
2023-10-23 12:36 (-05),On Demand,Ben Alldis,5,Stretching,Pre & Post-Ride Stretch,5 min Post-Ride Stretch,2023-08-11 03:00 (-05),,,,,,,22,86.11,,
2023-10-24 17:06 (CDT),On Demand,Ben Alldis,20,Strength,Full Body,20 min Tropical House Full Body Strength,2023-07-31 05:25 (CDT),,,,,,,122,93.55,,
2023-10-24 17:26 (CDT),On Demand,Ben Alldis,10,Stretching,Full Body Stretch,10 min Full Body Stretch,2023-06-29 07:03 (CDT),,,,,,,30,70.60,,
2023-10-26 17:28 (CDT),On Demand,Hannah Corbin,10,Strength,Barre,10 min Barre: Lower Body,2023-10-23 08:30 (CDT),,,,,,,59,,,
2023-10-26 17:46 (-05),On Demand,Denis Morton,30,Cycling,Power Zone,30 min Power Zone Ride,2023-10-24 16:25 (-05),322,179,47%,82,32.25,16.13,423,,,
2023-10-26 18:17 (-05),On Demand,Kendall Toole,5,Cycling,Cool Down,5 min Cool Down Ride,2023-10-25 10:00 (-05),32,108,41%,77,26.57,2.22,43,,,
2023-10-26 18:23 (-05),On Demand,Leanne Hainsby-Alldis,5,Stretching,Pre & Post-Ride Stretch,5 min Post-Ride Stretch,2023-10-25 01:00 (-05),,,,,,,15,,,
2023-10-29 09:08 (CDT),On Demand,Emma Lovewell,5,Strength,Core,5 min Core Strength,2023-10-22 11:55 (CDT),,,,,,,30,,,
2023-10-29 17:02 (CDT),On Demand,Emma Lovewell,5,Strength,Core,5 min Core Strength,2023-10-22 11:55 (CDT),,,,,,,30,,,
2023-10-29 17:12 (CDT),On Demand,Ben Alldis,10,Strength,Upper Body,10 min Upper Body Strength,2023-10-11 05:25 (CDT),,,,,,,59,,,
2023-10-29 17:23 (CDT),On Demand,Callie Gullickson,5,Stretching,Upper Body Stretch,5 min Upper Body Stretch,2023-10-11 01:00 (CDT),,,,,,,15,,,
2023-10-30 17:27 (-05),On Demand,Mayla Wedekind,20,Cycling,Music,20 min Indie Rock Ride,2023-10-24 10:55 (-05),137,114,39%,82,26.81,8.93,138,95.15,,
2023-10-30 17:49 (-05),On Demand,Mayla Wedekind,10,Cycling,Low Impact,Extra 10: Low Impact Ride,2023-10-23 10:00 (-05),69,116,41%,78,27.64,4.60,70,98.26,,
2023-10-30 18:09 (CDT),On Demand,Hannah Corbin,10,Strength,Barre,10 min Barre: Lower Body,2023-10-23 08:30 (CDT),,,,,,,59,,,
2023-10-30 18:21 (-05),On Demand,Leanne Hainsby-Alldis,5,Stretching,Pre & Post-Ride Stretch,5 min Post-Ride Stretch,2023-10-25 01:00 (-05),,,,,,,15,,,
2023-10-31 17:08 (CDT),On Demand,Ben Alldis,10,Strength,Upper Body,10 min Upper Body Strength,2023-10-11 05:25 (CDT),,,,,,,59,,,
2023-10-31 17:41 (CDT),On Demand,Emma Lovewell,5,Strength,Core,5 min Core Strength,2023-07-16 11:55 (CDT),,,,,,,30,,,
2023-10-31 17:48 (CDT),On Demand,Selena Samuela,5,Stretching,Upper Body Stretch,5 min Upper Body Stretch,2023-09-27 01:00 (CDT),,,,,,,15,,,
2023-11-01 17:53 (-05),On Demand,Hannah Corbin,30,Cycling,Music,30 min 90s Rock Ride,2023-10-28 08:55 (-05),250,139,44%,79,29.23,14.63,252,110.10,,
2023-11-01 18:24 (-05),On Demand,Hannah Frankson,5,Cycling,Cool Down,5 min Cool Down Ride,2023-10-27 01:00 (-05),31,102,40%,77,25.78,2.16,41,101.19,,
2023-11-01 18:36 (-05),On Demand,Bradley Rose,5,Stretching,Pre & Post-Ride Stretch,5 min Post-Ride Stretch,2023-10-11 01:00 (-05),,,,,,,15,70.00,,
2023-11-03 17:04 (-05),On Demand,Hannah Corbin,30,Cycling,Music,30 min 90s Rock Ride,2023-10-28 08:55 (-05),275,153,46%,80,30.38,15.19,309,120.64,,
2023-11-03 17:34 (-05),On Demand,Denis Morton,5,Cycling,Cool Down,5 min Cool Down Ride,2023-09-29 10:00 (-05),31,103,36%,86,25.89,2.16,41,,,
2023-11-03 17:41 (-05),On Demand,Bradley Rose,5,Stretching,Pre & Post-Ride Stretch,5 min Post-Ride Stretch,2023-10-11 01:00 (-05),,,,,,,15,,,
2023-11-04 12:13 (CDT),On Demand,Ben Alldis,20,Strength,Full Body,20 min Full Body Strength,2023-09-27 05:25 (CDT),,,,,,,118,,,
2023-11-04 12:35 (CDT),On Demand,Ben Alldis,10,Stretching,Full Body Stretch,10 min Full Body Stretch,2023-10-09 06:12 (CDT),,,,,,,30,,,
2023-11-05 11:31 (CDT),On Demand,Susie Chan,5,Stretching,Post-Run Stretch,5 min Post-Run Stretch,2023-02-16 00:30 (CDT),,,,,,,15,,,
2023-11-06 12:34 (CDT),On Demand,Ben Alldis,20,Strength,Full Body,20 min Full Body Strength,2023-06-26 05:25 (CDT),,,,,,,124,89.78,,
2023-11-06 13:04 (CDT),On Demand,Ben Alldis,10,Stretching,Full Body Stretch,10 min Full Body Stretch,2023-06-29 07:03 (CDT),,,,,,,29,,,
2023-11-08 17:50 (-06),On Demand,Ben & Leanne ,30,Cycling,Theme,30 min 5 Year Anniversary Two for One,2023-11-07 12:25 (-06),277,154,47%,78,30.91,15.45,364,,,
2023-11-08 18:21 (-06),On Demand,Ben Alldis,5,Cycling,Cool Down,5 min Cool Down Ride,2023-11-08 01:00 (-06),32,106,41%,75,26.68,2.22,42,,,
2023-11-08 18:33 (-06),On Demand,Leanne Hainsby-Alldis,5,Stretching,Pre & Post-Ride Stretch,5 min Post-Ride Stretch,2023-10-25 00:00 (-06),,,,,,,15,,,
2023-11-10 12:05 (-06),On Demand,Ben Alldis,30,Cycling,Power Zone,30 min Power Zone Endurance 90s Ride,2023-11-09 01:00 (-06),309,172,46%,84,31.98,16.00,406,,,
2023-11-10 12:37 (-06),On Demand,Kendall Toole,5,Cycling,Cool Down,5 min Cool Down Ride,2023-10-25 09:00 (-06),31,103,41%,75,25.97,2.17,41,,,
2023-11-10 12:45 (-06),On Demand,Denis Morton,5,Stretching,Pre & Post-Ride Stretch,5 min Post-Ride Stretch,2023-11-10 01:00 (-06),,,,,,,15,,,
2023-11-11 15:40 (CDT),On Demand,Ben Alldis,20,Strength,Full Body,20 min Full Body Strength,2023-11-08 05:30 (CDT),,,,,,,118,,,
2023-11-11 16:01 (CDT),On Demand,Ben Alldis,10,Stretching,Full Body Stretch,10 min Full Body Stretch,2023-10-09 06:12 (CDT),,,,,,,30,,,
2023-11-12 07:22 (-06),On Demand,Kendall Toole,30,Cycling,Music,30 min 2000s Ride,2023-11-06 10:55 (-06),245,195,46%,88,32.96,13.99,300,140.06,,
2023-11-12 07:55 (-06),On Demand,Kendall Toole,5,Cycling,Cool Down,5 min Cool Down Ride,2023-05-17 09:00 (-06),39,129,43%,78,27.90,2.33,51,,,
2023-11-12 08:05 (-06),On Demand,Bradley Rose,5,Stretching,Pre & Post-Ride Stretch,5 min Post-Ride Stretch,2023-10-11 00:00 (-06),,,,,,,15,,,
2023-11-13 14:02 (CDT),On Demand,Ben Alldis,20,Strength,Full Body,20 min Full Body Strength,2023-11-08 05:30 (CDT),,,,,,,118,,,
2023-11-13 14:22 (CDT),On Demand,Ben Alldis,10,Stretching,Full Body Stretch,10 min Full Body Stretch,2023-01-11 06:09 (CDT),,,,,,,29,,,
2023-11-15 18:04 (CDT),On Demand,Hannah Corbin,10,Strength,Barre,10 min Barre,2021-06-09 09:00 (CDT),,,,,,,59,,,
2023-11-15 18:23 (-06),On Demand,Alex Toussaint,30,Cycling,Theme,30 min Club Bangers Ride,2023-11-11 12:54 (-06),253,141,44%,83,29.53,14.76,333,,,
2023-11-15 18:54 (-06),On Demand,Emma Lovewell,5,Cycling,Cool Down,5 min Cool Down Ride,2023-11-15 10:00 (-06),25,82,36%,80,23.93,2.00,38,114.77,,
2023-11-15 19:02 (-06),On Demand,Olivia Amato,5,Stretching,Pre & Post-Ride Stretch,5 min Post-Ride Stretch,2023-11-15 01:00 (-06),,,,,,,15,,,
2023-11-17 16:41 (-06),On Demand,Kendall Toole,30,Cycling,Music,30 min blink-182 Ride,2023-11-16 17:55 (-06),327,182,50%,78,32.50,16.25,430,,,
2023-11-17 17:12 (-06),On Demand,Cliff Dwenger,5,Cycling,Cool Down,5 min Cool Down Ride,2023-11-16 00:15 (-06),32,106,41%,77,26.01,2.17,42,,,
2023-11-17 17:20 (-06),On Demand,Leanne Hainsby-Alldis,5,Stretching,Pre & Post-Ride Stretch,5 min Post-Ride Stretch,2023-10-25 00:00 (-06),,,,,,,15,,,
2023-11-18 09:45 (CDT),On Demand,Ben Alldis,20,Strength,Full Body,20 min Full Body Strength,2023-11-13 05:30 (CDT),,,,,,,118,,,
2023-11-18 10:08 (CDT),On Demand,Ben Alldis,10,Stretching,Full Body Stretch,10 min Full Body Stretch,2022-11-24 09:46 (CDT),,,,,,,30,,,
2023-11-19 12:02 (CDT),,,26,Running,,26 min 58 sec Outdoor Running,,0,,,,11.20,5.01,390,,0,5:21
2023-11-19 12:53 (CDT),On Demand,Hannah Corbin,10,Strength,Barre,10 min Barre: Lower Body,2022-07-19 09:00 (CDT),,,,,,,59,,,
2023-11-19 13:04 (CDT),On Demand,Susie Chan,5,Stretching,Post-Run Stretch,5 min Post-Run Stretch,2022-10-13 00:30 (CDT),,,,,,,15,,,
2023-11-22 10:15 (-06),On Demand,Denis Morton,45,Cycling,Power Zone,45 min Power Zone Endurance Ride,2023-11-21 16:26 (-06),477,177,47%,84,32.52,24.40,566,136.59,,
2023-11-22 11:00 (-06),On Demand,Hannah Corbin,5,Cycling,Cool Down,5 min Cool Down Ride,2023-11-17 10:00 (-06),21,70,37%,68,22.09,1.85,28,,,
2023-11-22 11:09 (-06),On Demand,Ben Alldis,5,Stretching,Pre & Post-Ride Stretch,5 min Post-Ride Stretch,2023-08-11 02:00 (-06),,,,,,,22,87.85,,
2023-11-23 10:29 (CDT),On Demand,Ben Alldis,20,Strength,Full Body,20 min Take That Full Body Strength,2023-11-20 05:25 (CDT),,,,,,,118,,,
2023-11-23 10:51 (CDT),On Demand,Ben Alldis,10,Stretching,Full Body Stretch,10 min Full Body Stretch,2023-11-23 07:25 (CDT),,,,,,,30,,,
2023-11-24 11:38 (CDT),,,34,Running,,34 min 45 sec Outdoor Running,,0,,,,10.18,5.63,439,,0,5:54
2023-11-24 12:44 (CDT),On Demand,Susie Chan,5,Stretching,Post-Run Stretch,5 min Post-Run Stretch,2022-01-25 03:12 (CDT),,,,,,,15,,,
2023-11-26 11:33 (CDT),On Demand,Hannah Corbin,10,Strength,Barre,10 min Barre: Lower Body,2023-10-23 08:30 (CDT),,,,,,,59,,,
2023-11-26 11:48 (-06),On Demand,Charlotte Weidenbach,30,Cycling,Power Zone,30 min Power Zone Endurance Ride,2023-11-21 00:00 (-06),321,178,46%,86,32.62,16.30,379,135.33,,
2023-11-26 12:19 (-06),On Demand,Charlotte Weidenbach,5,Cycling,Cool Down,5 min Cool Down Ride,2023-07-12 23:15 (-06),34,115,41%,79,27.08,2.25,45,,,
2023-11-26 12:27 (-06),On Demand,Ben Alldis,5,Stretching,Pre & Post-Ride Stretch,5 min Post-Ride Stretch,2023-08-11 02:00 (-06),,,,,,,15,,,
2023-11-27 12:03 (CDT),On Demand,Ben Alldis,20,Strength,Full Body,20 min Take That Full Body Strength,2023-11-20 05:25 (CDT),,,,,,,120,88.26,,
2023-11-27 12:25 (CDT),On Demand,Ben Alldis,10,Stretching,Full Body Stretch,10 min Full Body Stretch,2023-11-23 07:25 (CDT),,,,,,,30,,,
2023-11-28 17:02 (-06),On Demand,Hannah Frankson,30,Cycling,Theme,30 min Liverpool FC Ride,2023-11-27 09:30 (-06),248,138,45%,75,29.33,14.66,246,109.45,,
2023-11-28 17:33 (-06),On Demand,Ben Alldis,5,Stretching,Pre & Post-Ride Stretch,5 min Post-Ride Stretch,2023-08-11 02:00 (-06),,,,,,,15,,,
2023-11-30 18:05 (CDT),On Demand,Emma Lovewell,10,Strength,Core,10 min Core Strength,2023-08-13 11:27 (CDT),,,,,,,59,,,
2023-11-30 18:17 (CDT),On Demand,Ben Alldis,10,Strength,Upper Body,10 min Upper Body Strength,2023-10-11 05:25 (CDT),,,,,,,59,,,
2023-11-30 18:29 (CDT),On Demand,Hannah Corbin,10,Strength,Barre,10 min Barre,2021-06-09 09:00 (CDT),,,,,,,59,,,
2023-11-30 18:41 (CDT),On Demand,Ben Alldis,10,Stretching,Full Body Stretch,10 min Full Body Stretch,2023-11-23 07:25 (CDT),,,,,,,30,,,
2023-12-01 12:18 (-06),On Demand,Tunde Oyeneyin,30,Cycling,Power Zone,30 min Power Zone Endurance Ride,2023-11-26 12:55 (-06),303,168,44%,87,31.67,15.84,297,121.06,,
2023-12-01 12:49 (-06),On Demand,Mila Lazar,5,Cycling,Cool Down,5 min Cool Down Ride,2023-11-30 00:15 (-06),34,115,41%,80,27.16,2.27,45,,,
2023-12-01 12:55 (-06),On Demand,Jenn Sherman,5,Stretching,Pre & Post-Ride Stretch,5 min Post-Ride Stretch,2021-10-18 09:00 (-06),,,,,,,15,,,
2023-12-02 11:37 (CDT),On Demand,Ben Alldis,20,Strength,Full Body,20 min Full Body Strength,2023-11-13 05:30 (CDT),,,,,,,118,,,
2023-12-02 11:59 (CDT),On Demand,Hannah Corbin,10,Strength,Barre,10 min Barre,2021-06-09 09:00 (CDT),,,,,,,59,,,
2023-12-02 12:14 (CDT),On Demand,Ben Alldis,10,Stretching,Full Body Stretch,10 min Full Body Stretch,2023-06-29 07:03 (CDT),,,,,,,29,,,
2023-12-02 12:26 (CDT),On Demand,Denis Morton,5,Yoga,Restorative,5 min Savasana,2023-10-25 09:00 (CDT),,,,,,,6,,,
2023-12-02 14:34 (CDT),On Demand,Kirra Michel,10,Meditation,Sleep,10 min Sleep Meditation,2023-08-08 10:00 (CDT),,,,,,,,,,
2023-12-03 07:06 (-06),On Demand,Charlotte Weidenbach,30,Cycling,Music,30 min Rock Ride,2023-11-26 05:24 (-06),312,173,48%,79,31.84,15.92,353,132.73,,
2023-12-03 07:37 (-06),On Demand,Charlotte Weidenbach,5,Cycling,Cool Down,5 min Cool Down Ride,2023-07-12 23:15 (-06),31,105,40%,78,26.34,2.20,41,,,
2023-12-03 07:45 (-06),On Demand,Leanne Hainsby-Alldis,5,Stretching,Pre & Post-Ride Stretch,5 min Post-Ride Stretch,2023-10-25 00:00 (-06),,,,,,,15,,,
2023-12-05 17:24 (-06),On Demand,Jenn Sherman,30,Cycling,Low Impact,30 min Low Impact Ride,2023-08-03 15:25 (-06),266,148,45%,81,30.44,15.22,350,,,
2023-12-05 17:55 (-06),On Demand,Matt Wilpers,5,Cycling,Cool Down,5 min Cool Down Ride,2023-12-01 10:00 (-06),30,100,34%,96,25.74,2.14,39,,,
2023-12-05 18:01 (-06),On Demand,Ben Alldis,5,Stretching,Pre & Post-Ride Stretch,5 min Post-Ride Stretch,2023-08-11 02:00 (-06),,,,,,,15,,,
2023-12-05 22:00 (CDT),On Demand,Nico Sarani,10,Meditation,Sleep,10 min Sleep Meditation,2023-07-06 10:00 (CDT),,,,,,,,48.76,,
2023-12-06 05:28 (CDT),On Demand,Hannah Corbin,10,Strength,Barre,10 min Barre,2021-06-09 09:00 (CDT),,,,,,,59,,,
2023-12-06 05:41 (CDT),On Demand,Logan Aldridge,5,Stretching,Lower Body Stretch,5 min Lower Body Stretch,2023-03-30 01:00 (CDT),,,,,,,15,,,
2023-12-06 05:48 (CDT),On Demand,Kirra Michel,5,Meditation,Meditation Basics,5 min Basics: Breath,2023-03-29 09:00 (CDT),,,,,,,,,,
2023-12-06 22:05 (CDT),On Demand,Nico Sarani,10,Meditation,Sleep,10 min Sleep Meditation,2022-02-28 09:00 (CDT),,,,,,,,,,
2023-12-07 17:18 (-06),On Demand,Denis Morton,30,Cycling,Power Zone,30 min Power Zone Ride,2023-11-28 16:25 (-06),337,187,47%,83,32.58,16.29,373,138.02,,
2023-12-07 17:49 (-06),On Demand,Matt Wilpers,5,Cycling,Cool Down,5 min Cool Down Ride,2023-12-01 10:00 (-06),25,85,32%,91,23.85,1.98,52,123.81,,
2023-12-07 17:55 (-06),On Demand,Jenn Sherman,5,Stretching,Pre & Post-Ride Stretch,5 min Post-Ride Stretch,2022-06-01 09:00 (-06),,,,,,,40,108.85,,
2023-12-07 18:06 (CDT),On Demand,Anna Greenberg,5,Meditation,Emotions,5 min Peace Meditation,2023-03-27 10:00 (CDT),,,,,,,,,,
2023-12-07 18:12 (CDT),On Demand,Anna Greenberg,5,Meditation,Emotions,5 min Peace Meditation,2023-03-27 10:00 (CDT),,,,,,,,,,
2023-12-08 05:50 (CDT),On Demand,Ben Alldis,20,Strength,Full Body,20 min Full Body Strength,2023-11-13 05:30 (CDT),,,,,,,135,95.98,,
2023-12-08 06:23 (CDT),On Demand,Hannah Corbin,10,Strength,Barre,10 min Barre,2021-06-09 09:00 (CDT),,,,,,,59,,,
2023-12-08 06:35 (CDT),On Demand,Logan Aldridge,10,Stretching,Full Body Stretch,10 min Full Body Stretch,2023-11-27 01:00 (CDT),,,,,,,29,,,
2023-12-09 10:53 (CDT),On Demand,Anna Greenberg,10,Meditation,Mindfulness,10 min Body Scan Meditation,2023-10-10 10:00 (CDT),,,,,,,,,,
2023-12-09 15:13 (CDT),On Demand,Nico Sarani,10,Meditation,Sleep,10 min Sleep Meditation,2022-02-28 09:00 (CDT),,,,,,,,,,
2023-12-10 14:42 (CDT),On Demand,Kristin McGee,15,Meditation,Sleep,15 min Sleep Meditation,2023-05-23 10:00 (CDT),,,,,,,,,,
2023-12-10 16:46 (CDT),On Demand,Anna Greenberg,10,Meditation,Mindfulness,10 min Body Scan Meditation,2023-10-10 10:00 (CDT),,,,,,,,,,
2023-12-11 07:22 (CDT),On Demand,Aditi Shah,10,Meditation,Morning,10 min Morning Meditation,2023-12-11 06:24 (CDT),,,,,,,,,,
2023-12-11 11:19 (CDT),On Demand,Nico Sarani,5,Yoga,Yoga Anywhere,5 min Chair Yoga,2021-12-06 09:00 (CDT),,,,,,,5,,,
2023-12-11 17:00 (-06),On Demand,Sam Yo,30,Cycling,Music,30 min 2000s Rock Ride,2023-12-07 11:55 (-06),332,185,51%,77,32.87,16.43,335,126.03,,
2023-12-11 17:30 (-06),On Demand,Sam Yo,5,Cycling,Cool Down,5 min Cool Down Ride,2023-12-08 01:00 (-06),30,102,42%,72,25.98,2.16,40,,,
2023-12-11 17:37 (-06),On Demand,Jenn Sherman,5,Stretching,Pre & Post-Ride Stretch,5 min Post-Ride Stretch,2022-06-01 09:00 (-06),,,,,,,15,,,
2023-12-12 17:03 (CDT),On Demand,Ben Alldis,20,Strength,Full Body,20 min Full Body Strength,2023-06-26 05:25 (CDT),,,,,,,118,,,
2023-12-12 17:25 (CDT),On Demand,Hannah Corbin,10,Strength,Barre,10 min Barre: Lower Body,2023-10-23 08:30 (CDT),,,,,,,59,,,
2023-12-12 17:43 (CDT),On Demand,Ben Alldis,10,Stretching,Full Body Stretch,10 min Full Body Stretch,2022-11-24 09:46 (CDT),,,,,,,30,,,
2023-12-12 17:54 (CDT),On Demand,Anna Greenberg,5,Yoga,Restorative,5 min Savasana,2023-08-30 09:00 (CDT),,,,,,,6,,,
2023-12-13 12:33 (CDT),On Demand,Kristin McGee,5,Meditation,Breath,5 min Breathing Meditation,2023-11-28 10:00 (CDT),,,,,,,,,,
2023-12-13 20:07 (CDT),On Demand,Anna Greenberg,10,Meditation,Relaxation,10 min Relaxing Meditation,2023-04-07 10:00 (CDT),,,,,,,,,,
2023-12-14 13:21 (CDT),On Demand,Ross Rayburn,5,Meditation,Breath,5 min Breathing Meditation,2023-12-14 10:00 (CDT),,,,,,,,,,
2023-12-14 16:53 (-06),On Demand,Christine D'Ercole,30,Cycling,Power Zone,30 min Power Zone Endurance Ride,2023-12-13 12:55 (-06),295,164,46%,82,31.37,15.69,388,,,
2023-12-14 17:24 (-06),On Demand,Olivia Amato,5,Cycling,Cool Down,5 min Cool Down Ride,2023-12-13 10:00 (-06),23,76,32%,86,23.12,1.93,32,102.84,,
2023-12-14 17:30 (-06),On Demand,Ben Alldis,5,Stretching,Pre & Post-Ride Stretch,5 min Post-Ride Stretch,2023-08-11 02:00 (-06),,,,,,,15,,,
2023-12-14 20:11 (CDT),On Demand,Anna Greenberg,5,Meditation,Relaxation,5 min Relaxing Meditation,2023-12-07 10:00 (CDT),,,,,,,,41.00,,
2023-12-15 11:28 (CDT),On Demand,Ben Alldis,20,Strength,Full Body,20 min RUN DMC Full Body Strength,2023-12-14 05:25 (CDT),,,,,,,129,93.57,,
2023-12-15 11:51 (CDT),On Demand,Hannah Corbin,10,Strength,Barre,10 min Barre,2021-06-09 09:00 (CDT),,,,,,,59,73.44,,
2023-12-15 12:03 (CDT),On Demand,Ben Alldis,10,Stretching,Full Body Stretch,10 min Full Body Stretch,2023-10-09 06:12 (CDT),,,,,,,30,,,
2023-12-15 12:14 (CDT),On Demand,Anna Greenberg,5,Yoga,Restorative,5 min Savasana,2023-08-30 09:00 (CDT),,,,,,,6,,,
2023-12-16 04:09 (CDT),On Demand,Anna Greenberg,10,Meditation,Sleep,10 min Sleep Meditation,2021-03-11 09:00 (CDT),,,,,,,,,,
2023-12-16 04:22 (CDT),On Demand,Anna Greenberg,10,Meditation,Sleep,10 min Sleep Meditation,2021-03-11 09:00 (CDT),,,,,,,,,,
2023-12-16 11:56 (CDT),,,37,Running,,37 min 9 sec Outdoor Running,,0,,,,10.01,5.66,440,,0,5:60
2023-12-16 13:00 (CDT),On Demand,Susie Chan,10,Stretching,Post-Run Stretch,10 min AFO Post Run Stretch: Muse,2022-08-19 09:00 (CDT),,,,,,,29,,,
2023-12-16 13:12 (CDT),On Demand,Kristin McGee,10,Yoga,Restorative,10 min Savasana,2022-10-26 09:00 (CDT),,,,,,,12,,,
2023-12-16 15:39 (CDT),On Demand,Aditi Shah,10,Meditation,Sleep,10 min Sleep Meditation,2023-06-14 10:00 (CDT),,,,,,,,,,
2023-12-16 15:49 (CDT),On Demand,Aditi Shah,10,Meditation,Sleep,10 min Sleep Meditation,2023-06-14 10:00 (CDT),,,,,,,,,,
2023-12-17 18:51 (CDT),On Demand,Kristin McGee,5,Meditation,Breath,5 min Breathing Meditation,2023-11-28 10:00 (CDT),,,,,,,,,,
2023-12-17 19:02 (CDT),On Demand,Kristin McGee,5,Meditation,Breath,5 min Breathing Meditation,2023-11-28 10:00 (CDT),,,,,,,,,,
2023-12-18 03:41 (CDT),On Demand,Ross Rayburn,30,Meditation,Sleep,30 min Sleep Meditation,2023-09-27 10:00 (CDT),,,,,,,,44.41,,
2023-12-18 11:54 (-06),On Demand,Charlotte Weidenbach,30,Cycling,Music,30 min Rock Ride,2023-11-13 12:00 (-06),354,197,50%,81,33.63,16.82,466,,,
2023-12-18 12:28 (-06),On Demand,Olivia Amato,5,Cycling,Cool Down,5 min Cool Down Ride,2023-12-13 10:00 (-06),23,76,34%,82,22.72,1.88,30,,,
2023-12-18 12:34 (-06),On Demand,Leanne Hainsby-Alldis,5,Stretching,Pre & Post-Ride Stretch,5 min Post-Ride Stretch,2023-10-25 00:00 (-06),,,,,,,15,,,
2023-12-19 05:00 (CDT),On Demand,Ben Alldis,20,Strength,Full Body,20 min RUN DMC Full Body Strength,2023-12-14 05:25 (CDT),,,,,,,118,,,
2023-12-19 05:30 (CDT),On Demand,Hannah Corbin,10,Strength,Barre,10 min Barre,2021-06-09 09:00 (CDT),,,,,,,59,,,
2023-12-19 05:40 (CDT),On Demand,Assal Arian,10,Stretching,Full Body Stretch,10 min Holiday Full Body Stretch,2023-12-06 00:15 (CDT),,,,,,,29,,,
2023-12-19 05:51 (CDT),On Demand,Anna Greenberg,5,Yoga,Restorative,5 min Savasana,2023-08-30 09:00 (CDT),,,,,,,6,,,
2023-12-20 14:49 (CDT),On Demand,Chelsea Jackson Roberts,5,Meditation,Relaxation,5 min Calming Meditation,2023-05-19 10:00 (CDT),,,,,,,,,,
2023-12-22 07:40 (-06),On Demand,Charlotte Weidenbach,30,Cycling,Power Zone,30 min Power Zone Ride,2023-12-05 12:30 (-06),302,168,45%,83,30.64,15.32,342,130.07,,
2023-12-22 08:18 (-06),On Demand,Matt Wilpers,5,Cycling,Cool Down,5 min Cool Down Ride,2023-12-01 10:00 (-06),26,85,31%,96,23.98,2.00,34,,,
2023-12-22 08:25 (CDT),On Demand,Hannah Corbin,10,Strength,Barre,10 min Barre,2021-06-09 09:00 (CDT),,,,,,,59,,,
2023-12-22 08:38 (CDT),On Demand,Sam Yo,5,Stretching,Pre & Post-Ride Stretch,5 min Holiday Post-Ride Stretch,2022-12-14 04:00 (CDT),,,,,,,15,,,
2023-12-23 11:14 (CDT),On Demand,Ben Alldis,20,Strength,Full Body,20 min Full Body Strength,2023-11-13 05:30 (CDT),,,,,,,118,,,
2023-12-23 11:38 (CDT),On Demand,Assal Arian,10,Stretching,Full Body Stretch,10 min Holiday Full Body Stretch,2023-12-06 00:15 (CDT),,,,,,,29,,,
2023-12-23 16:47 (CDT),On Demand,Chelsea Jackson Roberts,5,Meditation,Relaxation,5 min Calming Meditation,2023-05-19 10:00 (CDT),,,,,,,,38.55,,
2023-12-23 16:56 (CDT),On Demand,Aditi Shah,10,Meditation,Theme,10 min Holiday Meditation,2023-12-21 07:09 (CDT),,,,,,,,40.23,,
2023-12-24 10:53 (CDT),On Demand,Hannah Corbin,10,Strength,Barre,10 min Barre,2021-06-09 09:00 (CDT),,,,,,,59,,,
2023-12-24 11:10 (-06),On Demand,Mayla Wedekind,30,Cycling,Music,30 min Indie Rock Ride,2023-10-07 08:55 (-06),0,0,0%,0,0,0,0,,,
2023-12-24 11:12 (-06),On Demand,Mayla Wedekind,30,Cycling,Music,30 min Indie Rock Ride,2023-07-22 08:55 (-06),344,191,49%,83,33.47,16.74,452,,,
2023-12-24 11:43 (-06),On Demand,Mila Lazar,5,Cycling,Cool Down,5 min Cool Down Ride,2023-11-30 00:15 (-06),32,105,40%,77,26.36,2.19,41,,,
2023-12-24 11:49 (-06),On Demand,Mila Lazar,5,Stretching,Pre & Post-Ride Stretch,5 min Holiday Post-Ride Stretch,2023-12-06 00:15 (-06),,,,,,,15,,,
2023-12-24 11:57 (CDT),On Demand,Anna Greenberg,5,Meditation,Emotions,5 min Meditation for Anxiety,2023-12-19 10:00 (CDT),,,,,,,,,,
2023-12-25 10:37 (CDT),On Demand,Ben Alldis,20,Strength,Full Body,20 min Strength Roll Call: Full Body,2023-01-23 06:24 (CDT),,,,,,,118,,,
2023-12-25 10:58 (CDT),On Demand,Assal Arian,10,Stretching,Full Body Stretch,10 min Holiday Full Body Stretch,2023-12-06 00:15 (CDT),,,,,,,29,,,
2023-12-27 12:09 (CDT),On Demand,Aditi Shah,10,Meditation,Theme,10 min Holiday Meditation,2023-12-21 07:09 (CDT),,,,,,,,,,
2023-12-27 12:42 (CDT),,,60,Running,,60 min 9 sec Outdoor Running,,0,,,,9.84,9.75,760,,0,6:06
2023-12-27 14:23 (CDT),On Demand,Jon Hosking,10,Stretching,Post-Run Stretch,10 min Holiday Post-Run Stretch,2022-12-03 03:00 (CDT),,,,,,,30,74.65,,
2023-12-27 20:27 (CDT),On Demand,Susie Chan,10,Stretching,Post-Run Stretch,10 min AFO Post Run Stretch: Muse,2022-08-19 09:00 (CDT),,,,,,,29,,,
2023-12-27 20:53 (CDT),On Demand,Anna Greenberg,5,Meditation,Relaxation,5 min Relaxing Meditation,2021-05-25 10:00 (CDT),,,,,,,,,,
2023-12-28 12:11 (CDT),On Demand,Selena Samuela,20,Strength,Full Body,20 min Holiday Full Body Strength,2023-12-08 16:51 (CDT),,,,,,,118,,,
2023-12-28 12:32 (CDT),On Demand,Hannah Corbin,10,Strength,Barre,10 min Barre,2021-06-09 09:00 (CDT),,,,,,,59,,,
2023-12-28 12:44 (CDT),On Demand,Emma Lovewell,5,Strength,Core,5 min Core Strength,2023-07-16 11:55 (CDT),,,,,,,30,,,
2023-12-28 12:51 (CDT),On Demand,Assal Arian,10,Stretching,Full Body Stretch,10 min Holiday Full Body Stretch,2023-12-06 00:15 (CDT),,,,,,,29,,,
2023-12-28 15:41 (CDT),On Demand,Kristin McGee,5,Meditation,Meditation Basics,5 min Basics: Sleep,2023-12-20 09:00 (CDT),,,,,,,,,,
2023-12-28 15:48 (CDT),On Demand,Ross Rayburn,10,Meditation,Sleep,10 min Sleep Meditation,2023-08-09 09:00 (CDT),,,,,,,,,,
2023-12-29 12:49 (-06),On Demand,Denis Morton,30,Cycling,Music,30 min Rock Ride,2023-12-12 15:54 (-06),309,172,46%,85,31.98,16.00,407,,,
2023-12-29 13:23 (-06),On Demand,Denis Morton,5,Cycling,Cool Down,5 min Cool Down Ride,2023-07-07 09:00 (-06),28,92,34%,91,24.92,2.08,36,,,
2023-12-29 13:34 (CDT),On Demand,Mila Lazar,10,Stretching,Pre & Post-Ride Stretch,10 min Post-Ride Stretch,2022-10-09 02:30 (CDT),,,,,,,30,,,
2023-12-29 13:44 (CDT),On Demand,Denis Morton,5,Yoga,Restorative,5 min Savasana,2023-10-25 09:00 (CDT),,,,,,,6,,,
2023-12-30 12:54 (CDT),On Demand,Callie Gullickson,20,Strength,Full Body,20 min Full Body Strength,2023-12-22 09:00 (CDT),,,,,,,118,,,
2023-12-30 13:16 (CDT),On Demand,Ross Rayburn,10,Stretching,Full Body Stretch,10 min Holiday Full Body Stretch,2023-12-01 01:00 (CDT),,,,,,,30,,,
2023-12-30 16:23 (CDT),On Demand,Kirra Michel,10,Meditation,Relaxation,10 min Relaxing Meditation,2023-11-30 10:00 (CDT),,,,,,,,,,
2023-12-31 15:28 (CDT),On Demand,Anna Greenberg,20,Yoga,Restorative,20 min Restorative,2023-07-15 11:59 (CDT),,,,,,,26,,,
2023-12-31 15:41 (CDT),On Demand,Ben Alldis,5,Stretching,Full Body Stretch,5 min Full Body Stretch,2023-02-27 08:30 (CDT),,,,,,,15,,,
2024-01-01 10:49 (CDT),On Demand,Hannah Corbin,10,Strength,Barre,10 min Barre: Lower Body,2023-07-10 09:00 (CDT),,,,,,,59,,,
2024-01-01 11:06 (-06),On Demand,Denis Morton,30,Cycling,Power Zone,30 min Power Zone Ride,2023-10-10 15:25 (-06),327,182,48%,80,32.02,16.01,385,140.44,,
2024-01-01 11:37 (-06),On Demand,Matt Wilpers,5,Cycling,Cool Down,5 min Cool Down Ride,2023-12-01 10:00 (-06),23,75,31%,89,22.32,1.87,44,95.01,,
2024-01-01 11:49 (CDT),On Demand,Mila Lazar,10,Stretching,Pre & Post-Ride Stretch,10 min Post-Ride Stretch,2022-10-09 02:30 (CDT),,,,,,,44,85.86,,
2024-01-02 14:39 (CDT),On Demand,Callie Gullickson,20,Strength,Full Body,20 min Full Body Strength,2023-12-02 06:55 (CDT),,,,,,,118,,,
2024-01-02 15:00 (CDT),On Demand,Rebecca Kennedy,5,Strength,Core,5 min Standing Core,2023-12-07 09:00 (CDT),,,,,,,34,,,
2024-01-02 15:08 (CDT),On Demand,Jermaine Johnson,10,Stretching,Full Body Stretch,10 min Full Body Stretch,2023-12-13 06:17 (CDT),,,,,,,29,,,
2024-01-02 15:18 (CDT),On Demand,Anna Greenberg,5,Meditation,Emotions,5 min Meditation for Anxiety,2023-12-19 10:00 (CDT),,,,,,,,,,
2024-01-03 18:22 (-06),On Demand,Ben Alldis,30,Cycling,Power Zone,30 min Power Zone Endurance Pop Ride,2023-12-07 01:00 (-06),299,166,50%,75,31.52,15.76,294,119.28,,
2024-01-03 18:52 (-06),On Demand,Erik Jager,5,Cycling,Cool Down,5 min Cool Down Ride,2023-12-28 00:15 (-06),40,132,44%,77,28.97,2.41,44,113.64,,
2024-01-03 19:00 (-06),On Demand,Bradley Rose,5,Stretching,Pre & Post-Ride Stretch,5 min Post-Ride Stretch,2023-12-22 01:00 (-06),,,,,,,18,85.67,,
2024-01-05 05:52 (CDT),On Demand,Ben Alldis,20,Strength,Full Body,20 min Full Body Strength,2023-11-13 05:30 (CDT),,,,,,,118,,,
2024-01-05 06:15 (CDT),On Demand,Ben Alldis,10,Stretching,Full Body Stretch,10 min Full Body Stretch,2023-10-09 06:12 (CDT),,,,,,,30,,,
2024-01-05 06:26 (CDT),On Demand,Anna Greenberg,5,Meditation,Morning,5 min Morning Meditation,2023-08-09 10:00 (CDT),,,,,,,,,,
2024-01-06 13:14 (CDT),On Demand,Hannah Corbin,10,Strength,Barre,10 min Barre,2021-06-09 09:00 (CDT),,,,,,,59,,,
2024-01-06 13:31 (-06),On Demand,Emma Lovewell,30,Cycling,Theme,30 min Top 50 Music Ride: #10-1,2023-12-30 08:00 (-06),326,181,51%,77,32.45,16.22,429,,,
2024-01-06 14:01 (-06),On Demand,Mila Lazar,5,Cycling,Cool Down,5 min Cool Down Ride,2023-11-02 00:15 (-06),34,112,43%,74,27.24,2.27,44,,,
2024-01-06 14:08 (-06),On Demand,Bradley Rose,5,Stretching,Pre & Post-Ride Stretch,5 min Post-Ride Stretch,2023-12-22 01:00 (-06),,,,,,,15,,,
2024-01-06 14:16 (-06),On Demand,Kirra Michel,5,Meditation,Meditation Basics,5 min Basics: Breath,2023-03-29 08:00 (-06),,,,,,,,,,
2024-01-08 06:19 (CDT),On Demand,Ross Rayburn,10,Meditation,Morning,10 min Morning Meditation,2023-12-09 08:11 (CDT),,,,,,,,,,
2024-01-08 12:05 (-06),On Demand,Charlotte Weidenbach,30,Cycling,Music,30 min Rock Ride,2024-01-07 09:55 (-06),351,195,50%,80,33.21,16.61,407,141.24,,
2024-01-08 12:36 (-06),On Demand,Mila Lazar,5,Cycling,Cool Down,5 min Cool Down Ride,2023-11-30 00:15 (-06),30,101,40%,77,25.77,2.16,53,125.53,,
2024-01-08 12:44 (-06),On Demand,Bradley Rose,5,Stretching,Pre & Post-Ride Stretch,5 min Post-Ride Stretch,2023-12-22 01:00 (-06),,,,,,,34,100.41,,
2024-01-09 05:58 (CDT),On Demand,Ben Alldis,20,Strength,Full Body,20 min Strength Roll Call: Full Body,2022-08-29 06:25 (CDT),,,,,,,127,92.35,,
2024-01-09 06:19 (CDT),On Demand,Selena Samuela,10,Stretching,Full Body Stretch,10 min Full Body Stretch,2023-12-13 01:00 (CDT),,,,,,,29,70.24,,
2024-01-10 17:35 (CDT),On Demand,Hannah Corbin,10,Strength,Barre,10 min Barre,2021-06-09 09:00 (CDT),,,,,,,59,65.38,,
2024-01-10 17:50 (-06),On Demand,Ben Alldis,30,Cycling,Music,30 min 2000s Rock Ride,2024-01-07 03:54 (-06),332,184,49%,81,32.45,16.22,350,132.77,,
2024-01-10 18:21 (-06),On Demand,Ben Alldis,5,Cycling,Cool Down,5 min Cool Down Ride,2024-01-05 01:00 (-06),32,107,39%,83,26.63,2.22,42,,,
2024-01-10 18:27 (-06),On Demand,Ben Alldis,5,Stretching,Pre & Post-Ride Stretch,5 min Post-Ride Stretch,2023-11-01 01:00 (-06),,,,,,,35,100.81,,
2024-01-11 13:19 (CDT),On Demand,Ross Rayburn,5,Meditation,Breath,5 min Breathing Meditation,2023-12-14 10:00 (CDT),,,,,,,,,,
2024-01-12 06:44 (CDT),On Demand,Aditi Shah,5,Meditation,Emotions,5 min Energizing Meditation,2023-12-06 10:00 (CDT),,,,,,,,,,
2024-01-12 12:11 (-06),On Demand,Charlotte Weidenbach,30,Cycling,Power Zone,30 min Power Zone Endurance Ride,2023-11-21 00:00 (-06),291,161,46%,81,31.10,15.56,283,117.93,,
2024-01-12 12:42 (-06),On Demand,Camila Ramon,5,Cycling,Cool Down,5 min Cool Down Ride,2023-12-20 10:00 (-06),33,109,38%,84,26.61,2.20,45,109.26,,
2024-01-12 12:54 (-06),On Demand,Leanne Hainsby-Alldis,5,Stretching,Pre & Post-Ride Stretch,5 min Post-Ride Stretch,2024-01-12 01:00 (-06),,,,,,,15,,,
2024-01-13 14:33 (EDT),On Demand,Ben Alldis,20,Strength,Bodyweight,20 min Bodyweight Strength,2023-09-25 06:25 (EDT),,,,,,,118,,,
2024-01-13 14:55 (EDT),On Demand,Hannah Corbin,10,Strength,Barre,10 min Barre,2021-06-09 10:00 (EDT),,,,,,,59,,,
2024-01-13 15:06 (EDT),On Demand,Ben Alldis,10,Stretching,Full Body Stretch,10 min Full Body Stretch,2023-11-23 08:25 (EDT),,,,,,,30,,,
2024-01-14 14:54 (EDT),,,35,Running,,35 min 26 sec Outdoor Running,,0,,,,8.99,5.29,410,,0,6:41
2024-01-16 16:50 (-06),On Demand,Denis Morton,30,Cycling,Music,30 min 90s Ride,2024-01-11 16:25 (-06),267,148,44%,83,30.19,15.10,335,126.93,,
2024-01-16 17:22 (-06),On Demand,Charlotte Weidenbach,5,Cycling,Cool Down,5 min Cool Down Ride,2024-01-11 00:15 (-06),35,118,43%,76,27.54,2.30,46,,,
2024-01-16 17:28 (-06),On Demand,Bradley Rose,5,Stretching,Pre & Post-Ride Stretch,5 min Post-Ride Stretch,2023-12-22 01:00 (-06),,,,,,,15,,,
2024-01-16 19:57 (CDT),On Demand,Kirra Michel,10,Meditation,Breath,10 min Breathing Meditation,2024-01-16 17:58 (CDT),,,,,,,,,,
2024-01-17 05:41 (CDT),On Demand,Ben Alldis,10,Strength,Upper Body,10 min Upper Body Strength,2023-10-11 05:25 (CDT),,,,,,,59,,,
2024-01-17 05:53 (CDT),On Demand,Ben Alldis,5,Stretching,Upper Body Stretch,5 min Upper Body Stretch,2022-10-26 06:07 (CDT),,,,,,,15,,,
2024-01-18 05:55 (CDT),On Demand,Aditi Shah,10,Meditation,Morning,10 min Morning Meditation,2023-12-04 06:24 (CDT),,,,,,,,,,
2024-01-18 06:07 (CDT),On Demand,Chelsea Jackson Roberts,5,Yoga,Yoga Anywhere,5 min Chair Yoga,2021-03-29 09:00 (CDT),,,,,,,23,,,
2024-01-18 17:23 (CDT),On Demand,Hannah Corbin,10,Strength,Barre,10 min Barre,2021-06-09 09:00 (CDT),,,,,,,59,,,
2024-01-18 17:37 (-06),On Demand,Erik Jager,30,Cycling,Power Zone,30 min Power Zone Rock Ride,2023-07-26 10:30 (-06),318,177,48%,81,31.82,15.92,336,127.08,,
2024-01-18 18:08 (-06),On Demand,Leanne Hainsby-Alldis,5,Cycling,Cool Down,5 min Cool Down Ride,2024-01-17 01:00 (-06),29,97,37%,81,25.43,2.11,38,,,
2024-01-18 18:15 (-06),On Demand,Leanne Hainsby-Alldis,5,Stretching,Pre & Post-Ride Stretch,5 min Post-Ride Stretch,2024-01-12 01:00 (-06),,,,,,,15,,,
2024-01-19 05:16 (CDT),On Demand,Ben Alldis,20,Strength,Full Body,20 min Full Body Strength,2024-01-15 05:25 (CDT),,,,,,,124,91.75,,
2024-01-19 05:39 (CDT),On Demand,Ben Alldis,10,Stretching,Full Body Stretch,10 min Full Body Stretch,2024-01-15 05:59 (CDT),,,,,,,29,,,
2024-01-19 05:51 (CDT),On Demand,Aditi Shah,10,Meditation,Morning,10 min Morning Meditation,2023-12-04 06:24 (CDT),,,,,,,,,,
2024-01-19 16:40 (CDT),On Demand,Kirra Michel,10,Yoga,Yoga Anywhere,10 min Chair Yoga,2023-12-07 11:00 (CDT),,,,,,,48,,,
2024-01-19 16:52 (CDT),On Demand,Aditi Shah,5,Meditation,Emotions,5 min Energizing Meditation,2023-12-06 10:00 (CDT),,,,,,,,,,
2024-01-20 12:59 (CDT),On Demand,Hannah Corbin,10,Strength,Barre,10 min Barre: Lower Body,2023-12-04 08:54 (CDT),,,,,,,59,,,
2024-01-20 13:15 (-06),On Demand,Emma Lovewell,30,Cycling,Music,30 min Indie Rock Ride,2024-01-19 10:24 (-06),320,178,46%,86,32.17,16.08,363,131.81,,
2024-01-20 13:45 (-06),On Demand,Matt Wilpers,5,Cycling,Cool Down,5 min Cool Down Ride,2023-12-01 10:00 (-06),31,104,34%,99,26.16,2.17,41,,,
2024-01-20 13:52 (-06),On Demand,Matt Wilpers,5,Stretching,Pre & Post-Ride Stretch,5 min Post-Ride Stretch,2024-01-19 01:00 (-06),,,,,,,14,,,
2024-01-20 13:58 (-06),On Demand,Kirra Michel,5,Meditation,Breath,5 min Breathing Meditation,2022-05-15 12:24 (-06),,,,,,,,,,
2024-01-20 17:14 (CDT),On Demand,Kristin McGee,5,Meditation,Breath,5 min Breathing Meditation,2023-11-28 10:00 (CDT),,,,,,,,,,
2024-01-21 06:00 (CDT),On Demand,Ben Alldis,20,Strength,Full Body,20 min Full Body Strength,2024-01-15 05:25 (CDT),,,,,,,139,102.15,,
2024-01-21 06:21 (CDT),On Demand,Selena Samuela,10,Stretching,Full Body Stretch,10 min Full Body Stretch,2023-12-13 01:00 (CDT),,,,,,,29,,,
2024-01-22 05:35 (-06),On Demand,Erik Jager,30,Cycling,Power Zone,30 min Power Zone Endurance 90s Ride,2024-01-11 23:55 (-06),288,160,47%,78,31.06,15.53,294,115.95,,
2024-01-22 06:05 (-06),On Demand,Charlotte Weidenbach,5,Cycling,Cool Down,5 min Cool Down Ride,2024-01-11 00:15 (-06),35,114,43%,76,27.08,2.27,45,112.62,,
2024-01-22 06:28 (-06),On Demand,Leanne Hainsby-Alldis,5,Stretching,Pre & Post-Ride Stretch,5 min Post-Ride Stretch,2024-01-12 01:00 (-06),,,,,,,15,,,
2024-01-24 05:29 (CDT),On Demand,Ben Alldis,20,Strength,Full Body,20 min Full Body Strength,2024-01-15 05:25 (CDT),,,,,,,118,,,
2024-01-24 05:49 (CDT),On Demand,Logan Aldridge,10,Stretching,Full Body Stretch,10 min Full Body Stretch,2023-11-27 01:00 (CDT),,,,,,,29,,,
2024-01-25 05:31 (-06),On Demand,Bradley Rose,30,Cycling,Music,30 min 90s Rock Ride,2024-01-19 12:25 (-06),280,155,44%,86,30.82,15.42,368,,,
2024-01-25 06:01 (-06),On Demand,Benny Adami,5,Cycling,Cool Down,5 min Cool Down Ride,2024-01-25 00:15 (-06),36,121,41%,80,27.48,2.29,47,,,
2024-01-25 06:10 (-06),On Demand,Matt Wilpers,5,Stretching,Pre & Post-Ride Stretch,5 min Post-Ride Stretch,2024-01-19 01:00 (-06),,,,,,,15,,,
2024-01-25 14:00 (CDT),On Demand,Kristin McGee,5,Meditation,Breath,5 min Breathing Meditation,2023-11-28 10:00 (CDT),,,,,,,,,,
2024-01-27 10:43 (-06),On Demand,Ben Alldis,45,Cycling,Power Zone,45 min Power Zone Endurance Rock Ride,2023-10-23 11:25 (-06),478,177,50%,77,32.56,24.41,555,139.07,,
2024-01-27 11:29 (-06),On Demand,Leanne Hainsby-Alldis,5,Cycling,Cool Down,5 min Cool Down Ride,2024-01-17 01:00 (-06),30,97,38%,79,24.90,2.09,39,,,
2024-01-27 11:41 (CDT),On Demand,Charlotte Weidenbach,10,Stretching,Pre & Post-Ride Stretch,10 min Post-Ride Stretch,2023-09-28 00:15 (CDT),,,,,,,30,,,
2024-01-27 11:53 (CDT),On Demand,Kirra Michel,5,Meditation,Emotions,5 min Gratitude Meditation,2023-09-05 10:00 (CDT),,,,,,,,,,
2024-01-28 09:27 (CDT),On Demand,Hannah Corbin,10,Strength,Barre,10 min Barre,2021-06-09 09:00 (CDT),,,,,,,59,63.18,,
2024-01-28 09:40 (CDT),On Demand,Ben Alldis,20,Strength,Full Body,20 min Strength Roll Call: Full Body,2022-11-07 06:24 (CDT),,,,,,,142,102.61,,
2024-01-28 10:01 (CDT),On Demand,Adrian Williams,10,Stretching,Full Body Stretch,10 min Full Body Stretch,2023-10-02 01:00 (CDT),,,,,,,29,,,
2024-01-28 10:13 (CDT),On Demand,Aditi Shah,10,Meditation,Morning,10 min Morning Meditation,2023-01-21 07:24 (CDT),,,,,,,,,,
2024-01-29 05:30 (-06),On Demand,Denis Morton,30,Cycling,Music,30 min 90s Ride,2024-01-27 14:25 (-06),269,150,44%,84,30.22,15.11,354,,,
2024-01-29 06:00 (-06),On Demand,Hannah Corbin,5,Cycling,Cool Down,5 min Cool Down Ride,2024-01-24 10:00 (-06),37,124,45%,72,28.21,2.35,49,,,
2024-01-29 06:12 (-06),On Demand,Sam Yo,5,Stretching,Pre & Post-Ride Stretch,5 min Post-Ride Stretch,2024-01-26 01:00 (-06),,,,,,,15,,,
2024-01-29 19:37 (CDT),On Demand,Anna Greenberg,10,Yoga,Yoga Anywhere,10 min Chair Yoga,2023-12-12 10:55 (CDT),,,,,,,35,,,
2024-01-30 05:55 (CDT),On Demand,Ross Rayburn,5,Meditation,Morning,5 min Morning Meditation,2023-10-26 10:00 (CDT),,,,,,,,,,
2024-01-30 20:09 (CDT),On Demand,Anna Greenberg,5,Meditation,Relaxation,5 min Relaxing Meditation,2023-12-07 10:00 (CDT),,,,,,,,,,
2024-01-30 20:15 (CDT),On Demand,Anna Greenberg,5,Meditation,Relaxation,5 min Relaxing Meditation,2023-12-07 10:00 (CDT),,,,,,,,,,
2024-01-31 05:33 (-06),On Demand,Denis Morton,30,Cycling,Power Zone,30 min Power Zone Ride,2024-01-30 16:26 (-06),302,168,45%,81,30.74,15.37,397,,,
2024-01-31 06:03 (-06),On Demand,Hannah Corbin,5,Cycling,Cool Down,5 min Cool Down Ride,2024-01-24 10:00 (-06),36,119,45%,71,27.54,2.30,47,,,
2024-01-31 06:13 (-06),On Demand,Jenn Sherman,5,Stretching,Pre & Post-Ride Stretch,5 min Post-Ride Stretch,2023-09-27 00:00 (-06),,,,,,,15,,,
2024-01-31 13:03 (CDT),On Demand,Aditi Shah,5,Meditation,Breath,5 min Breathing Meditation,2024-01-30 10:00 (CDT),,,,,,,,,,
2024-02-01 05:21 (CDT),On Demand,Ben Alldis,20,Strength,Full Body,20 min Full Body Strength,2023-06-26 05:25 (CDT),,,,,,,118,,,
2024-02-01 05:41 (CDT),On Demand,Ben Alldis,10,Stretching,Full Body Stretch,10 min Full Body Stretch,2024-01-15 05:59 (CDT),,,,,,,29,,,
2024-02-01 12:09 (CDT),On Demand,Anna Greenberg,5,Meditation,Emotions,5 min Meditation for Anxiety,2023-12-19 10:00 (CDT),,,,,,,,50.31,,
2024-02-01 16:28 (CDT),On Demand,Chelsea Jackson Roberts,5,Yoga,Yoga Anywhere,5 min Chair Yoga,2021-03-29 09:00 (CDT),,,,,,,23,,,
2024-02-03 10:07 (-06),On Demand,Matt Wilpers,45,Cycling,Power Zone,45 min Power Zone Endurance Ride,2024-01-13 06:55 (-06),474,175,48%,82,32.38,24.28,576,141.59,,
2024-02-03 10:53 (-06),On Demand,Emma Lovewell,5,Cycling,Cool Down,5 min Cool Down Ride,2024-02-02 10:00 (-06),19,64,32%,79,21.38,1.79,45,122.79,,
2024-02-03 11:00 (-06),On Demand,Mila Lazar,5,Stretching,Pre & Post-Ride Stretch,5 min Post-Ride Stretch,2024-02-01 00:15 (-06),,,,,,,15,,,
2024-02-03 11:14 (CDT),On Demand,Ross Rayburn,5,Meditation,Emotions,5 min Kindness Meditation,2024-02-03 08:11 (CDT),,,,,,,,73.79,,
2024-02-04 06:39 (CDT),On Demand,Hannah Corbin,10,Strength,Barre,10 min Barre: Lower Body,2023-02-27 09:01 (CDT),,,,,,,60,,,
2024-02-04 06:51 (CDT),On Demand,Ben Alldis,20,Strength,Full Body,20 min RUN DMC Full Body Strength,2023-12-14 05:25 (CDT),,,,,,,118,,,
2024-02-04 07:11 (CDT),On Demand,Logan Aldridge,10,Stretching,Full Body Stretch,10 min Full Body Stretch,2024-01-29 01:00 (CDT),,,,,,,29,,,
2024-02-04 07:24 (CDT),On Demand,Aditi Shah,5,Meditation,Emotions,5 min Energizing Meditation,2023-12-06 10:00 (CDT),,,,,,,,,,
2024-02-04 20:16 (CDT),On Demand,Anna Greenberg,5,Meditation,Relaxation,5 min Relaxing Meditation,2023-12-07 10:00 (CDT),,,,,,,,,,
2024-02-05 05:36 (-06),On Demand,Hannah Frankson,30,Cycling,Power Zone,30 min Power Zone Pop Ride,2024-01-31 01:00 (-06),310,172,47%,81,31.57,15.79,314,125.13,,
2024-02-05 06:06 (-06),On Demand,Emma Lovewell,5,Cycling,Cool Down,5 min Cool Down Ride,2024-02-02 10:00 (-06),22,72,33%,80,22.41,1.87,41,109.72,,
2024-02-05 06:13 (-06),On Demand,Hannah Corbin,5,Stretching,Pre & Post-Ride Stretch,5 min Post-Ride Stretch,2024-01-24 01:00 (-06),,,,,,,32,97.36,,
2024-02-05 06:22 (-06),On Demand,Aditi Shah,10,Meditation,Morning,10 min Morning Meditation,2023-12-04 06:24 (-06),,,,,,,0,71.94,,
2024-02-06 05:53 (CDT),On Demand,Nico Sarani,5,Yoga,Yoga Anywhere,5 min Chair Yoga,2021-12-06 09:00 (CDT),,,,,,,23,,,
2024-02-07 05:36 (-06),On Demand,Emma Lovewell,30,Cycling,Music,30 min 2000s Rock Ride,2024-01-27 06:54 (-06),310,172,47%,84,31.75,15.88,408,,,
2024-02-07 06:07 (-06),On Demand,Charlotte Weidenbach,5,Cycling,Cool Down,5 min Cool Down Ride,2023-07-12 23:15 (-06),34,112,41%,79,27.03,2.25,44,,,
2024-02-07 06:14 (-06),On Demand,Charlotte Weidenbach,5,Stretching,Pre & Post-Ride Stretch,5 min Post-Ride Stretch,2023-08-31 02:00 (-06),,,,,,,15,,,
2024-02-07 11:34 (CDT),On Demand,Chelsea Jackson Roberts,5,Meditation,Meditation Basics,5 min Basics: Witness Meditation,2023-11-29 09:00 (CDT),,,,,,,,,,
2024-02-08 05:29 (CDT),On Demand,Ben Alldis,20,Strength,Full Body,20 min Take That Full Body Strength,2023-11-20 05:25 (CDT),,,,,,,122,86.85,,
2024-02-08 05:50 (CDT),On Demand,Ben Alldis,10,Stretching,Full Body Stretch,10 min Full Body Stretch,2024-01-15 05:59 (CDT),,,,,,,29,,,
2024-02-08 21:21 (CDT),On Demand,Kirra Michel,10,Meditation,Sleep,10 min Sleep Meditation,2023-08-08 10:00 (CDT),,,,,,,,,,
2024-02-09 05:41 (CDT),On Demand,Ross Rayburn,5,Meditation,Morning,5 min Morning Meditation,2023-10-26 10:00 (CDT),,,,,,,,,,
2024-02-09 05:48 (CDT),On Demand,Ross Rayburn,5,Meditation,Morning,5 min Morning Meditation,2023-10-26 10:00 (CDT),,,,,,,,,,
2024-02-10 11:23 (CDT),,,39,Running,,39 min 14 sec Outdoor Running,,0,,,,9.06,5.78,455,,0,6:37
2024-02-10 12:56 (CDT),On Demand,Hannah Corbin,10,Strength,Barre,10 min Barre,2021-06-09 09:00 (CDT),,,,,,,59,,,
2024-02-10 13:08 (CDT),On Demand,Susie Chan,10,Stretching,Post-Run Stretch,10 min AFO Post Run Stretch: Muse,2022-08-19 09:00 (CDT),,,,,,,29,,,
2024-02-11 07:13 (CDT),On Demand,Callie Gullickson,20,Strength,Full Body,20 min Full Body Strength,2024-01-13 06:54 (CDT),,,,,,,118,,,
2024-02-11 07:34 (CDT),On Demand,Emma Lovewell,5,Strength,Core,5 min Core Strength,2024-02-01 09:00 (CDT),,,,,,,30,,,
2024-02-11 07:40 (CDT),On Demand,Assal Arian,10,Stretching,Full Body Stretch,10 min Holiday Full Body Stretch,2023-12-06 00:15 (CDT),,,,,,,29,,,
2024-02-11 07:51 (CDT),On Demand,Anna Greenberg,5,Meditation,Morning,5 min Morning Meditation,2023-08-09 10:00 (CDT),,,,,,,,,,
2024-02-12 11:29 (-06),On Demand,Charlotte Weidenbach,30,Cycling,Power Zone,30 min Power Zone Endurance Ride,2024-02-11 23:56 (-06),302,168,45%,87,31.81,15.90,311,125.11,,
2024-02-12 12:02 (-06),On Demand,Hannah Corbin,5,Cycling,Cool Down,5 min Cool Down Ride,2024-01-24 10:00 (-06),40,133,45%,75,29.06,2.45,63,,,
2024-02-12 12:13 (CDT),On Demand,Hannah Corbin,10,Strength,Barre,10 min Barre,2021-06-09 09:00 (CDT),,,,,,,60,81.08,,
2024-02-12 12:25 (-06),On Demand,Jenn Sherman,5,Stretching,Pre & Post-Ride Stretch,5 min Post-Ride Stretch,2021-10-18 09:00 (-06),,,,,,,15,,,
2024-02-12 20:25 (CDT),On Demand,Matty Maggiacomo,10,Stretching,Full Body Stretch,10 min Evening Stretch,2024-02-02 01:00 (CDT),,,,,,,29,,,
2024-02-13 04:59 (CDT),On Demand,Ben Alldis,20,Strength,Full Body,20 min Full Body Strength,2023-06-26 05:25 (CDT),,,,,,,119,,,
2024-02-13 05:21 (CDT),On Demand,Ben Alldis,10,Stretching,Full Body Stretch,10 min Full Body Stretch,2023-03-13 02:00 (CDT),,,,,,,29,,,
2024-02-13 05:33 (CDT),On Demand,Ross Rayburn,5,Meditation,Morning,5 min Morning Meditation,2023-10-26 10:00 (CDT),,,,,,,,,,
2024-02-14 11:19 (CDT),On Demand,Anna Greenberg,5,Meditation,Emotions,5 min Peace Meditation,2023-03-27 10:00 (CDT),,,,,,,,,,
2024-02-14 17:38 (-06),On Demand,Irene Kaymer,30,Cycling,Music,30 min Pop Ride,2024-02-13 10:55 (-06),325,180,49%,80,32.53,16.27,427,,,
2024-02-14 18:09 (-06),On Demand,Leanne Hainsby-Alldis,5,Cycling,Cool Down,5 min Cool Down Ride,2024-01-17 01:00 (-06),29,98,38%,81,25.67,2.14,39,,,
2024-02-14 18:21 (CDT),On Demand,Hannah Corbin,10,Strength,Barre,10 min Barre,2021-06-09 09:00 (CDT),,,,,,,59,,,
2024-02-14 18:32 (CDT),On Demand,Bradley Rose,5,Stretching,Pre & Post-Ride Stretch,5 min Post-Ride Stretch,2023-12-22 01:00 (CDT),,,,,,,15,,,
2024-02-15 06:03 (CDT),On Demand,Ross Rayburn,5,Meditation,Morning,5 min Morning Meditation,2023-10-26 10:00 (CDT),,,,,,,,,,
2024-02-16 03:05 (CDT),On Demand,Anna Greenberg,10,Meditation,Sleep,10 min Sleep Meditation,2021-03-11 09:00 (CDT),,,,,,,,,,
2024-02-16 03:18 (CDT),On Demand,Anna Greenberg,10,Meditation,Sleep,10 min Sleep Meditation,2021-03-11 09:00 (CDT),,,,,,,,,,
2024-02-16 04:20 (CDT),On Demand,Kristin McGee,20,Meditation,Sleep,20 min Sleep Meditation,2023-10-18 10:00 (CDT),,,,,,,,,,
2024-02-16 11:18 (-06),On Demand,Christine D'Ercole,45,Cycling,Power Zone,45 min Power Zone Endurance Ride,2023-07-02 13:25 (-06),452,167,46%,82,31.55,23.66,595,,,
2024-02-16 12:04 (-06),On Demand,Alex Toussaint,5,Cycling,Cool Down,5 min Cool Down Ride,2024-02-14 10:00 (-06),26,88,38%,75,24.26,2.03,35,,,
2024-02-16 12:12 (-06),On Demand,Jenn Sherman,5,Stretching,Pre & Post-Ride Stretch,5 min Post-Ride Stretch,2022-06-01 09:00 (-06),,,,,,,15,,,
2024-02-17 04:04 (CDT),On Demand,Kirra Michel,20,Meditation,Sleep,20 min Sleep Meditation,2023-10-05 10:00 (CDT),,,,,,,,,,
2024-02-17 05:18 (CDT),On Demand,Ben Alldis,20,Strength,Full Body,20 min Full Body Strength,2023-11-13 05:30 (CDT),,,,,,,141,97.28,,
2024-02-17 05:43 (CDT),On Demand,Hannah Corbin,10,Strength,Barre,10 min Barre: Lower Body,2023-10-23 08:30 (CDT),,,,,,,59,80.26,,
2024-02-17 05:55 (CDT),On Demand,Ben Alldis,10,Stretching,Full Body Stretch,10 min Full Body Stretch,2024-02-14 06:05 (CDT),,,,,,,39,80.04,,
2024-02-19 13:43 (-06),On Demand,Bradley Rose,30,Cycling,Music,30 min Green Day Ride,2024-02-15 13:30 (-06),292,162,46%,84,31.45,15.74,385,,,
2024-02-19 14:13 (-06),On Demand,Matt Wilpers,5,Cycling,Cool Down,5 min Cool Down Ride,2024-02-16 10:00 (-06),27,90,32%,94,24.41,2.04,35,,,
2024-02-19 14:20 (-06),On Demand,Jenn Sherman,5,Stretching,Pre & Post-Ride Stretch,5 min Post-Ride Stretch,2024-02-07 01:00 (-06),,,,,,,3,,,
2024-02-19 14:22 (-06),On Demand,Sam Yo,5,Cycling,Cool Down,5 min Cool Down Ride,2022-09-14 00:00 (-06),0,0,20%,0,0.00,0,0,,,
2024-02-19 14:23 (-06),On Demand,Jenn Sherman,5,Stretching,Pre & Post-Ride Stretch,5 min Post-Ride Stretch,2022-06-01 09:00 (-06),,,,,,,15,,,
2024-02-20 05:16 (CDT),On Demand,Ben Alldis,20,Strength,Full Body,20 min RUN DMC Full Body Strength,2023-12-14 05:25 (CDT),,,,,,,121,88.94,,
2024-02-20 05:38 (CDT),On Demand,Ben Alldis,10,Stretching,Full Body Stretch,10 min Full Body Stretch,2024-01-15 05:59 (CDT),,,,,,,29,71.50,,
2024-02-21 17:47 (CDT),On Demand,Hannah Corbin,10,Strength,Barre,10 min Barre,2021-06-09 09:00 (CDT),,,,,,,59,,,
2024-02-21 18:02 (-06),On Demand,Sam Yo,30,Cycling,Music,30 min 2000s Rock Ride,2024-02-14 00:55 (-06),300,167,49%,76,31.32,15.66,395,,,
2024-02-21 18:33 (-06),On Demand,Bradley Rose,5,Cycling,Cool Down,5 min Cool Down Ride,2024-02-21 01:00 (-06),33,109,39%,83,26.28,2.19,43,,,
2024-02-21 18:40 (-06),On Demand,Leanne Hainsby-Alldis,5,Stretching,Pre & Post-Ride Stretch,5 min Post-Ride Stretch,2024-01-12 01:00 (-06),,,,,,,15,,,
2024-02-21 18:48 (CDT),On Demand,Ross Rayburn,5,Meditation,Mindfulness,5 min Witness Meditation,2024-01-24 10:00 (CDT),,,,,,,,,,
2024-02-23 05:50 (CDT),On Demand,Ben Alldis,20,Strength,Full Body,20 min Full Body Strength,2024-02-21 05:30 (CDT),,,,,,,118,,,
2024-02-23 06:11 (CDT),On Demand,Ben Alldis,10,Stretching,Full Body Stretch,10 min Full Body Stretch,2024-02-14 06:05 (CDT),,,,,,,29,,,
2024-02-24 11:25 (-06),On Demand,Denis Morton,45,Cycling,Power Zone,45 min Power Zone Hip Hop Ride,2024-01-16 16:26 (-06),497,184,47%,86,32.72,24.54,632,152.15,,
2024-02-24 12:11 (-06),On Demand,Mila Lazar,5,Cycling,Cool Down,5 min Cool Down Ride,2023-11-30 00:15 (-06),28,94,40%,73,25.13,2.09,53,125.66,,
2024-02-24 12:22 (CDT),On Demand,Benny Adami,10,Stretching,Pre & Post-Ride Stretch,10 min Post-Ride Stretch,2022-11-09 09:00 (CDT),,,,,,,66,98.21,,
2024-02-24 12:32 (CDT),On Demand,Aditi Shah,5,Meditation,Relaxation,5 min Calming Meditation,2024-02-15 10:00 (CDT),,,,,,,,79.68,,
2024-02-25 07:12 (CDT),On Demand,Ben Alldis,20,Strength,Full Body,20 min Full Body Strength,2024-02-21 05:30 (CDT),,,,,,,119,,,
2024-02-25 07:34 (CDT),On Demand,Irene Kaymer,10,Stretching,Full Body Stretch,10 min Full Body Stretch,2024-02-15 12:45 (CDT),,,,,,,29,,,
2024-02-25 07:45 (CDT),On Demand,Aditi Shah,5,Meditation,Morning,5 min Morning Meditation,2024-02-19 06:30 (CDT),,,,,,,,,,
2024-02-25 19:15 (CDT),On Demand,Ross Rayburn,5,Meditation,Relaxation,5 min Relaxing Meditation,2023-02-14 10:00 (CDT),,,,,,,,,,
2024-02-26 06:37 (CDT),On Demand,Ross Rayburn,10,Meditation,Morning,10 min Morning Meditation,2023-10-14 08:11 (CDT),,,,,,,,,,
2024-02-26 16:23 (-06),On Demand,Charlotte Weidenbach,30,Cycling,Music,30 min Green Day Ride,2024-02-15 10:25 (-06),291,162,43%,89,31.15,15.56,383,,,
2024-02-26 16:54 (-06),On Demand,Matt Wilpers,5,Cycling,Cool Down,5 min Cool Down Ride,2023-12-01 10:00 (-06),26,88,32%,95,24.14,2.01,35,,,
2024-02-26 17:01 (-06),On Demand,Jenn Sherman,5,Stretching,Pre & Post-Ride Stretch,5 min Post-Ride Stretch,2022-06-01 09:00 (-06),,,,,,,15,,,
2024-02-28 17:46 (-06),On Demand,Christine D'Ercole,30,Cycling,Power Zone,30 min Power Zone Ride,2024-02-12 08:54 (-06),313,174,46%,85,31.98,16.00,324,127.20,,
2024-02-28 18:18 (-06),On Demand,Olivia Amato,5,Cycling,Cool Down,5 min Cool Down Ride,2024-02-27 10:00 (-06),29,98,37%,83,25.59,2.12,39,,,
2024-02-28 18:30 (CDT),On Demand,Mila Lazar,10,Stretching,Pre & Post-Ride Stretch,10 min Post-Ride Stretch,2022-07-28 13:19 (CDT),,,,,,,30,,,
2024-02-29 04:59 (CDT),On Demand,Ben Alldis,10,Strength,Upper Body,10 min Upper Body Strength,2024-02-05 05:25 (CDT),,,,,,,59,,,
2024-02-29 05:11 (CDT),On Demand,Hannah Corbin,10,Strength,Barre,10 min Barre,2021-06-09 09:00 (CDT),,,,,,,59,,,
2024-02-29 05:25 (CDT),On Demand,Rebecca Kennedy,10,Strength,Core,10 min Core Strength,2024-02-23 12:26 (CDT),,,,,,,59,,,
2024-02-29 05:36 (CDT),On Demand,Ben Alldis,10,Stretching,Full Body Stretch,10 min Full Body Stretch,2024-02-14 06:05 (CDT),,,,,,,29,,,
2024-02-29 05:48 (CDT),On Demand,Anna Greenberg,5,Meditation,Morning,5 min Morning Meditation,2023-08-09 10:00 (CDT),,,,,,,,,,
2024-03-03 08:24 (CDT),On Demand,Hannah Corbin,10,Strength,Barre,10 min Barre,2021-06-09 09:00 (CDT),,,,,,,59,68.42,,
2024-03-03 08:41 (-06),On Demand,Ben Alldis,45,Cycling,Power Zone,45 min Power Zone Endurance Rock Ride,2023-10-23 11:25 (-06),479,177,47%,83,32.45,24.34,519,129.99,,
2024-03-03 09:26 (-06),On Demand,Leanne Hainsby-Alldis,5,Cycling,Cool Down,5 min Cool Down Ride,2024-01-17 01:00 (-06),28,92,37%,79,24.67,2.05,49,120.24,,
2024-03-03 09:33 (-06),On Demand,Bradley Rose,5,Stretching,Pre & Post-Ride Stretch,5 min Post-Ride Stretch,2023-12-22 01:00 (-06),,,,,,,33,98.82,,
2024-03-03 09:39 (-06),On Demand,Kristin McGee,5,Meditation,Morning,5 min Morning Meditation,2024-02-27 06:53 (-06),,,,,,,0,77.98,,
2024-03-04 05:40 (CDT),On Demand,Rebecca Kennedy,20,Strength,Full Body,20 min Strength Roll Call: Full Body,2024-02-26 06:26 (CDT),,,,,,,118,,,
2024-03-04 06:04 (CDT),On Demand,Rebecca Kennedy,5,Strength,Core,5 min Core Strength,2022-04-13 09:00 (CDT),,,,,,,29,,,
2024-03-04 06:12 (CDT),On Demand,Rebecca Kennedy,10,Stretching,Full Body Stretch,10 min Full Body Stretch,2021-02-28 09:00 (CDT),,,,,,,29,,,
2024-03-04 06:23 (CDT),On Demand,Kristin McGee,5,Meditation,Morning,5 min Morning Meditation,2024-02-27 06:53 (CDT),,,,,,,,,,
2024-03-05 05:22 (-06),On Demand,Bradley Rose,30,Cycling,Intervals,30 min HIIT & Hills Ride,2024-02-29 05:55 (-06),284,158,46%,83,30.89,15.45,373,,,
2024-03-05 05:53 (-06),On Demand,Mila Lazar,5,Cycling,Cool Down,5 min Cool Down Ride,2023-11-30 00:15 (-06),31,103,40%,76,26.14,2.18,41,,,
2024-03-05 06:00 (-06),On Demand,Jenn Sherman,5,Stretching,Pre & Post-Ride Stretch,5 min Post-Ride Stretch,2022-06-01 09:00 (-06),,,,,,,15,,,
2024-03-06 05:01 (CDT),On Demand,Ben Alldis,20,Strength,Full Body,20 min Full Body Strength,2023-06-26 05:25 (CDT),,,,,,,118,,,
2024-03-06 05:28 (CDT),On Demand,Ben Alldis,10,Stretching,Full Body Stretch,10 min Full Body Stretch,2024-01-15 05:59 (CDT),,,,,,,29,,,
2024-03-07 05:46 (CDT),On Demand,Kirra Michel,10,Meditation,Emotions,10 min Meditation for Anxiety,2024-03-06 10:00 (CDT),,,,,,,,,,
2024-03-08 06:30 (CDT),On Demand,Kristin McGee,10,Meditation,Morning,10 min Morning Meditation,2024-03-07 10:00 (CDT),,,,,,,,,,
2024-03-08 07:30 (CDT),On Demand,Aditi Shah,10,Meditation,Morning,10 min Morning Meditation,2024-02-12 06:22 (CDT),,,,,,,,,,
2024-03-08 16:39 (-06),On Demand,Bradley Rose,30,Cycling,Music,30 min 90s Rock Ride,2024-02-17 05:55 (-06),293,163,46%,83,31.35,15.68,386,,,
2024-03-08 17:10 (-06),On Demand,Matt Wilpers,5,Cycling,Cool Down,5 min Cool Down Ride,2024-02-16 10:00 (-06),26,87,32%,92,24.01,2.00,34,,,
2024-03-08 17:19 (-06),On Demand,Cody Rigsby,5,Stretching,Pre & Post-Ride Stretch,5 min Post-Ride Stretch,2024-03-06 01:00 (-06),,,,,,,15,,,
2024-03-09 10:38 (CDT),On Demand,Ben Alldis,20,Strength,Full Body,20 min Strength Roll Call: Full Body,2022-12-19 06:25 (CDT),,,,,,,146,106.97,,
2024-03-09 10:59 (CDT),On Demand,Hannah Corbin,10,Strength,Barre,10 min Barre,2021-06-09 09:00 (CDT),,,,,,,57,85.65,,
2024-03-09 11:11 (CDT),On Demand,Ben Alldis,10,Stretching,Full Body Stretch,10 min Full Body Stretch,2023-06-29 07:03 (CDT),,,,,,,38,81.72,,
2024-03-10 09:52 (-05),On Demand,Denis Morton,45,Cycling,Power Zone,45 min Power Zone Ride,2024-02-27 17:25 (-05),479,177,46%,84,32.04,24.04,575,139.80,,
2024-03-10 10:38 (-05),On Demand,Robin Arzon,5,Cycling,Cool Down,5 min Cool Down Ride,2024-03-06 11:00 (-05),28,95,38%,77,24.73,2.06,37,,,
2024-03-10 10:50 (-05),On Demand,Bradley Rose,5,Cycling,Cool Down,5 min Cool Down Ride,2024-02-21 02:00 (-05),0,0,24%,0,0.00,0,0,,,
2024-03-10 10:50 (-05),On Demand,Olivia Amato,5,Stretching,Pre & Post-Ride Stretch,5 min Post-Ride Stretch,2024-03-08 02:00 (-05),,,,,,,15,,,
2024-03-12 11:38 (-05),On Demand,Irene Kaymer,5,Cycling,Warm Up,5 min Warm Up Ride,2024-02-13 11:15 (-05),30,101,35%,91,25.63,2.13,40,,,
2024-03-12 11:45 (-05),On Demand,Charlotte Weidenbach,30,Cycling,Intervals,30 min HIIT & Hills Ride,2024-02-19 01:00 (-05),405,225,57%,74,35.40,17.70,433,150.67,,
2024-03-12 12:16 (-05),On Demand,Emma Lovewell,5,Cycling,Cool Down,5 min Cool Down Ride,2024-02-02 11:00 (-05),18,60,33%,75,20.69,1.73,24,,,
2024-03-12 12:25 (-05),On Demand,Olivia Amato,5,Stretching,Pre & Post-Ride Stretch,5 min Post-Ride Stretch,2024-03-08 02:00 (-05),,,,,,,15,,,
2024-03-13 09:26 (CDT),On Demand,Selena Samuela,20,Strength,Full Body,20 min Full Body Strength,2023-05-27 06:56 (CDT),,,,,,,146,98.73,,
2024-03-13 09:48 (CDT),On Demand,Rebecca Kennedy,5,Strength,Core,5 min Core Strength,2022-04-13 09:00 (CDT),,,,,,,28,87.18,,
2024-03-13 09:54 (CDT),On Demand,Hannah Corbin,10,Strength,Barre,10 min Barre: Lower Body,2024-02-26 08:53 (CDT),,,,,,,59,,,
2024-03-13 10:05 (CDT),On Demand,Ben Alldis,10,Stretching,Full Body Stretch,10 min Full Body Stretch,2024-03-11 07:28 (CDT),,,,,,,29,,,
2024-03-14 11:40 (-05),On Demand,Olivia Amato,45,Cycling,Power Zone,45 min Power Zone Endurance Ride,2024-03-13 05:56 (-05),452,167,44%,90,31.62,23.72,537,133.25,,
2024-03-14 12:25 (-05),On Demand,Jenn Sherman,5,Cycling,Cool Down,5 min Cool Down Ride,2024-03-13 10:00 (-05),22,73,36%,72,22.51,1.87,29,,,
2024-03-14 12:32 (-05),On Demand,Mila Lazar,5,Stretching,Pre & Post-Ride Stretch,5 min Post-Ride Stretch,2024-02-01 01:15 (-05),,,,,,,15,,,
2024-03-15 05:07 (CDT),On Demand,Ben Alldis,20,Strength,Full Body,20 min Full Body Strength,2024-03-13 08:54 (CDT),,,,,,,118,,,
2024-03-15 05:32 (CDT),On Demand,Hannah Corbin,10,Strength,Barre,10 min Barre: Lower Body,2024-02-26 08:53 (CDT),,,,,,,59,,,
2024-03-15 05:43 (CDT),On Demand,Ben Alldis,10,Stretching,Full Body Stretch,10 min Full Body Stretch,2024-03-11 07:28 (CDT),,,,,,,29,,,
2024-03-15 05:55 (CDT),On Demand,Kristin McGee,5,Meditation,Morning,5 min Morning Meditation,2024-02-27 06:53 (CDT),,,,,,,,,,
2024-03-17 08:41 (PDT),,,36,Running,,36 min 13 sec Outdoor Running,,0,,,,8.43,5.20,402,,0,7:07
2024-03-17 09:56 (PDT),On Demand,Susie Chan,5,Stretching,Post-Run Stretch,5 min Post-Run Stretch,2023-02-15 22:30 (PDT),,,,,,,15,,,
2024-03-17 20:48 (PDT),On Demand,Susie Chan,5,Stretching,Post-Run Stretch,5 min Post-Run Stretch,2022-01-25 01:12 (PDT),,,,,,,15,,,
2024-03-18 07:26 (PDT),On Demand,Rebecca Kennedy,5,Strength,Core,5 min Core Strength,2022-04-13 07:00 (PDT),,,,,,,29,,,
2024-03-18 07:34 (PDT),On Demand,Logan Aldridge,10,Strength,Bodyweight,10 min Bodyweight Strength,2023-05-04 08:00 (PDT),,,,,,,59,,,
2024-03-18 07:47 (PDT),On Demand,Susie Chan,5,Stretching,Post-Run Stretch,5 min Post-Run Stretch,2022-01-25 01:12 (PDT),,,,,,,15,,,
2024-03-19 12:51 (-05),On Demand,Emma Lovewell,30,Cycling,Music,30 min 90s Rock Ride,2024-01-28 09:55 (-05),0,0,0%,0,0,0,0,,,
2024-03-19 12:54 (-05),On Demand,Emma Lovewell,30,Cycling,Music,30 min 2000s Rock Ride,2024-01-27 07:54 (-05),312,174,47%,83,31.79,15.89,305,122.73,,
2024-03-19 13:25 (-05),On Demand,Mila Lazar,5,Cycling,Cool Down,5 min Cool Down Ride,2024-03-14 01:15 (-05),33,108,40%,78,26.72,2.23,43,,,
2024-03-19 13:33 (-05),On Demand,Ben Alldis,5,Stretching,Pre & Post-Ride Stretch,5 min Post-Ride Stretch,2024-03-01 02:00 (-05),,,,,,,15,,,
2024-03-19 13:42 (-05),On Demand,Chelsea Jackson Roberts,5,Meditation,Breath,5 min Breathing Meditation,2024-03-04 19:09 (-05),,,,,,,0,76.43,,
2024-03-20 05:17 (CDT),On Demand,Ben Alldis,20,Strength,Full Body,20 min Full Body Strength,2024-03-13 08:54 (CDT),,,,,,,121,82.45,,
2024-03-20 05:39 (CDT),On Demand,Kristin McGee,10,Yoga,Flow,10 min Yoga Flow,2024-03-06 10:53 (CDT),,,,,,,46,,,
2024-03-20 05:51 (CDT),On Demand,Ben Alldis,10,Stretching,Full Body Stretch,10 min Full Body Stretch,2024-03-11 07:28 (CDT),,,,,,,29,,,
2024-03-21 17:04 (-05),On Demand,Matt Wilpers,30,Cycling,Power Zone,30 min Power Zone Ride,2024-03-07 07:26 (-05),303,168,46%,82,31.18,15.59,292,116.26,,
2024-03-21 17:35 (-05),On Demand,Mila Lazar,5,Cycling,Cool Down,5 min Cool Down Ride,2024-03-14 01:15 (-05),30,101,39%,78,25.84,2.16,42,108.61,,
2024-03-21 17:46 (CDT),On Demand,Kristin McGee,10,Yoga,Flow,10 min Yoga Flow,2024-03-06 10:53 (CDT),,,,,,,53,88.24,,
2024-03-21 17:57 (CDT),On Demand,Emma Lovewell,5,Stretching,Pre & Post-Ride Stretch,5 min Post-Ride Stretch,2024-03-20 02:00 (CDT),,,,,,,15,,,
2024-03-21 18:02 (CDT),On Demand,Kirra Michel,5,Meditation,Breath,5 min Breathing Meditation,2024-03-21 10:00 (CDT),,,,,,,,,,
2024-03-22 06:54 (CDT),On Demand,Ross Rayburn,5,Meditation,Morning,5 min Morning Meditation,2023-10-26 10:00 (CDT),,,,,,,,,,
2024-03-22 12:20 (CDT),On Demand,Hannah Corbin,10,Strength,Barre,10 min Barre,2021-06-09 09:00 (CDT),,,,,,,59,,,
2024-03-22 12:33 (CDT),On Demand,Ben Alldis,20,Strength,Full Body,20 min Strength Roll Call: Full Body,2022-11-07 06:24 (CDT),,,,,,,120,95.24,,
2024-03-22 12:54 (CDT),On Demand,Ben Alldis,10,Stretching,Full Body Stretch,10 min Full Body Stretch,2022-11-24 09:46 (CDT),,,,,,,30,,,
2024-03-24 11:53 (-05),On Demand,Benny Adami,45,Cycling,Music,45 min Schlager Ride,2024-01-17 13:24 (-05),547,203,51%,82,33.89,25.42,568,137.32,,
2024-03-24 12:40 (-05),On Demand,Jenn Sherman,5,Cycling,Cool Down,5 min Cool Down Ride,2024-03-13 10:00 (-05),23,78,37%,74,23.32,1.94,52,128.41,,
2024-03-24 12:53 (-05),On Demand,Camila Ramon,5,Stretching,Pre & Post-Ride Stretch,5 min Post-Ride Stretch,2024-03-22 02:00 (-05),,,,,,,15,,,
2024-03-24 13:01 (CDT),On Demand,Ross Rayburn,5,Meditation,Mindfulness,5 min Body Scan Meditation,2024-03-20 10:00 (CDT),,,,,,,,,,
2024-03-25 12:55 (CDT),On Demand,Ben Alldis,20,Strength,Full Body,20 min Full Body Strength,2024-02-21 05:30 (CDT),,,,,,,119,,,
2024-03-25 13:18 (CDT),On Demand,Ben Alldis,10,Stretching,Full Body Stretch,10 min Full Body Stretch,2024-02-14 06:05 (CDT),,,,,,,29,,,
2024-03-27 05:34 (-05),On Demand,Charlotte Weidenbach,30,Cycling,Power Zone,30 min Power Zone Endurance Ride,2024-02-18 10:55 (-05),287,160,44%,84,31.04,15.52,378,,,
2024-03-27 06:05 (-05),On Demand,Jenn Sherman,5,Cycling,Cool Down,5 min Cool Down Ride,2024-03-13 10:00 (-05),26,88,37%,77,24.07,2.00,35,,,
2024-03-27 06:18 (CDT),On Demand,Hannah Corbin,10,Strength,Barre,10 min Barre,2021-06-09 09:00 (CDT),,,,,,,59,,,
2024-03-27 06:30 (-05),On Demand,Camila Ramon,5,Stretching,Pre & Post-Ride Stretch,5 min Post-Ride Stretch,2024-03-22 02:00 (-05),,,,,,,15,,,
2024-03-27 06:37 (CDT),On Demand,Ross Rayburn,5,Meditation,Morning,5 min Morning Meditation,2023-10-26 10:00 (CDT),,,,,,,,,,
2024-03-28 05:27 (CDT),On Demand,Ben Alldis,20,Strength,Full Body,20 min Femme Power Full Body Strength,2024-03-27 08:55 (CDT),,,,,,,117,82.48,,
2024-03-28 05:50 (CDT),On Demand,Ben Alldis,10,Stretching,Full Body Stretch,10 min Full Body Stretch,2024-03-11 07:28 (CDT),,,,,,,29,,,
2024-03-28 13:28 (CDT),On Demand,Anna Greenberg,5,Meditation,Relaxation,5 min Calming Meditation,2024-03-28 10:00 (CDT),,,,,,,,,,
2024-03-29 10:27 (-05),On Demand,Denis Morton,30,Cycling,Power Zone,30 min Power Zone Ride,2024-03-26 16:23 (-05),324,180,46%,87,32.30,16.15,348,129.57,,
2024-03-29 10:58 (-05),On Demand,Matt Wilpers,5,Cycling,Cool Down,5 min Cool Down Ride,2024-02-16 11:00 (-05),25,84,32%,91,23.64,1.96,55,130.41,,
2024-03-29 11:04 (-05),On Demand,Bradley Rose,5,Stretching,Pre & Post-Ride Stretch,5 min Post-Ride Stretch,2024-03-29 02:00 (-05),,,,,,,15,,,
2024-03-30 08:22 (CDT),On Demand,Ben Alldis,20,Strength,Full Body,20 min Femme Power Full Body Strength,2024-03-27 08:55 (CDT),,,,,,,118,,,
2024-03-30 08:45 (CDT),On Demand,Hannah Corbin,10,Strength,Barre,10 min Barre,2021-06-09 09:00 (CDT),,,,,,,61,73.86,,
2024-03-30 08:57 (CDT),On Demand,Ben Alldis,10,Stretching,Full Body Stretch,10 min Full Body Stretch,2024-02-14 06:05 (CDT),,,,,,,37,77.81,,
2024-03-30 09:08 (CDT),On Demand,Ross Rayburn,5,Meditation,Mindfulness,5 min Body Scan Meditation,2024-03-20 10:00 (CDT),,,,,,,,,,
2024-03-31 08:21 (CDT),On Demand,Logan Aldridge,10,Stretching,Full Body Stretch,10 min Full Body Stretch,2024-03-04 01:00 (CDT),,,,,,,29,,,
2024-04-01 06:42 (CDT),On Demand,Ross Rayburn,5,Meditation,Mindfulness,5 min Body Scan Meditation,2024-03-20 10:00 (CDT),,,,,,,,,,
2024-04-01 11:22 (-05),On Demand,Mila Lazar,5,Cycling,Warm Up,5 min Warm Up Ride,2024-03-28 01:15 (-05),35,116,37%,86,26.38,2.19,46,,,
2024-04-01 11:35 (-05),On Demand,Ben Alldis,30,Cycling,Intervals,30 min HIIT & Hills Ride,2024-03-04 13:25 (-05),417,231,55%,79,35.93,17.97,428,148.31,,
2024-04-01 12:06 (-05),On Demand,Hannah Corbin,5,Cycling,Cool Down,5 min Cool Down Ride,2024-01-24 11:00 (-05),29,98,46%,63,25.42,2.12,39,,,
2024-04-01 12:14 (-05),On Demand,Jenn Sherman,5,Stretching,Pre & Post-Ride Stretch,5 min Post-Ride Stretch,2022-06-01 10:00 (-05),,,,,,,15,,,
2024-04-01 19:04 (CDT),On Demand,Ben Alldis,10,Stretching,Full Body Stretch,10 min Full Body Stretch,2024-03-11 07:28 (CDT),,,,,,,29,,,
2024-04-02 11:47 (CDT),On Demand,Ross Rayburn,5,Meditation,Mindfulness,5 min Body Scan Meditation,2024-03-20 10:00 (CDT),,,,,,,,,,
2024-04-02 17:11 (CDT),On Demand,Ben Alldis,20,Strength,Full Body,20 min Strength Roll Call: Full Body,2023-01-23 06:24 (CDT),,,,,,,122,90.38,,
2024-04-02 17:32 (CDT),On Demand,Ben Alldis,10,Stretching,Full Body Stretch,10 min Full Body Stretch,2024-03-11 07:28 (CDT),,,,,,,31,73.10,,
2024-04-03 11:25 (CDT),On Demand,Ross Rayburn,5,Meditation,Mindfulness,5 min Body Scan Meditation,2024-03-20 10:00 (CDT),,,,,,,,,,
2024-04-04 05:26 (-05),On Demand,Matt Wilpers,30,Cycling,Power Zone,30 min Power Zone Endurance Ride,2024-03-21 06:24 (-05),292,162,45%,82,31.11,15.56,384,,,
2024-04-04 05:56 (-05),On Demand,Kendall Toole,5,Cycling,Cool Down,5 min Cool Down Ride,2024-03-27 10:00 (-05),38,128,47%,69,28.53,2.37,50,,,
2024-04-04 06:04 (-05),On Demand,Bradley Rose,5,Stretching,Pre & Post-Ride Stretch,5 min Post-Ride Stretch,2023-12-22 02:00 (-05),,,,,,,15,,,
2024-04-04 06:10 (-05),On Demand,Ross Rayburn,5,Meditation,Morning,5 min Morning Meditation,2022-01-13 10:07 (-05),,,,,,,,,,
2024-04-04 13:19 (CDT),On Demand,Ross Rayburn,5,Meditation,Mindfulness,5 min Body Scan Meditation,2024-03-20 10:00 (CDT),,,,,,,,,,
2024-04-05 05:50 (CDT),On Demand,Hannah Corbin,10,Strength,Barre,10 min Barre,2021-06-09 09:00 (CDT),,,,,,,59,,,
2024-04-05 06:06 (CDT),On Demand,Ben Alldis,10,Strength,Upper Body,10 min Upper Body Strength,2024-03-21 06:50 (CDT),,,,,,,59,,,
2024-04-05 06:17 (CDT),On Demand,Ben Alldis,10,Stretching,Full Body Stretch,10 min Full Body Stretch,2024-03-11 07:28 (CDT),,,,,,,29,,,
2024-04-06 10:01 (-05),On Demand,Christine D'Ercole,30,Cycling,Power Zone,30 min Power Zone Ride,2024-02-12 09:54 (-05),314,174,44%,90,32.07,16.04,347,129.21,,
2024-04-06 10:32 (-05),On Demand,Emma Lovewell,5,Cycling,Cool Down,5 min Cool Down Ride,2024-04-05 10:00 (-05),24,80,35%,81,23.34,1.96,46,123.70,,
2024-04-06 10:39 (-05),On Demand,Jenn Sherman,5,Stretching,Pre & Post-Ride Stretch,5 min Post-Ride Stretch,2021-10-18 10:00 (-05),,,,,,,35,101.31,,
2024-04-07 16:12 (CDT),On Demand,Ben Alldis,20,Strength,Full Body,20 min Strength Roll Call: Full Body,2023-01-23 06:24 (CDT),,,,,,,140,96.50,,
2024-04-07 16:34 (CDT),On Demand,Kristin McGee,10,Yoga,Focus Flow,10 min Focus Flow: Core,2024-02-28 11:38 (CDT),,,,,,,49,80.78,,
2024-04-07 16:44 (CDT),On Demand,Ben Alldis,10,Stretching,Full Body Stretch,10 min Full Body Stretch,2024-02-14 06:05 (CDT),,,,,,,35,77.08,,
2024-04-07 22:41 (CDT),On Demand,Kristin McGee,20,Meditation,Sleep,20 min Sleep Meditation,2023-10-18 10:00 (CDT),,,,,,,,,,
2024-04-08 03:46 (CDT),On Demand,Kristin McGee,15,Meditation,Sleep,15 min Sleep Meditation,2024-03-16 00:00 (CDT),,,,,,,,,,
2024-04-08 04:19 (CDT),On Demand,Kristin McGee,15,Meditation,Sleep,15 min Sleep Meditation,2024-03-16 00:00 (CDT),,,,,,,,,,
2024-04-08 16:46 (-05),On Demand,Kendall Toole,30,Cycling,Music,30 min Rock Ride,2024-04-08 10:54 (-05),286,159,48%,77,30.99,15.49,377,,,
2024-04-08 17:16 (-05),On Demand,Hannah Corbin,5,Cycling,Cool Down,5 min Cool Down Ride,2024-04-03 10:00 (-05),39,131,48%,68,29.14,2.42,52,,,
2024-04-08 17:23 (-05),On Demand,Hannah Corbin,10,Strength,Barre,10 min Barre,2021-06-09 09:00 (-05),,,,,,,59,,,
2024-04-08 17:35 (-05),On Demand,Leanne Hainsby-Alldis,5,Stretching,Pre & Post-Ride Stretch,5 min Post-Ride Stretch,2024-01-12 02:00 (-05),,,,,,,15,,,
2024-04-08 17:42 (-05),On Demand,Ross Rayburn,5,Meditation,Emotions,5 min Kindness Meditation,2024-02-03 09:11 (-05),,,,,,,,,,
2024-04-09 17:37 (CDT),On Demand,Ben Alldis,20,Strength,Full Body,20 min Full Body Strength,2023-11-13 05:30 (CDT),,,,,,,126,90.98,,
2024-04-09 17:59 (CDT),On Demand,Ben Alldis,10,Stretching,Full Body Stretch,10 min Full Body Stretch,2023-03-13 02:00 (CDT),,,,,,,30,70.13,,
2024-04-09 18:11 (CDT),On Demand,Ross Rayburn,10,Meditation,Mindfulness,10 min Body Scan Meditation,2024-02-04 12:00 (CDT),,,,,,,,,,
2024-04-11 05:07 (-05),On Demand,Emma Lovewell,30,Cycling,Music,30 min 2000s Ride,2024-04-10 16:25 (-05),0,0,0%,0,0,0,0,,,
2024-04-11 05:11 (-05),On Demand,Emma Lovewell,30,Cycling,Music,30 min 2000s Ride,2024-04-10 16:25 (-05),271,160,48%,76,31.05,14.79,356,,,
2024-04-11 05:42 (-05),On Demand,Denis Morton,5,Cycling,Cool Down,5 min Cool Down Ride,2024-04-10 10:00 (-05),29,96,39%,78,25.29,2.10,38,,,
2024-04-11 05:49 (-05),On Demand,Leanne Hainsby-Alldis,5,Stretching,Pre & Post-Ride Stretch,5 min Post-Ride Stretch,2024-01-12 02:00 (-05),,,,,,,15,,,
2024-04-11 05:59 (-05),On Demand,Ross Rayburn,5,Meditation,Theme,5 min Level Up Meditation,2022-04-13 06:51 (-05),,,,,,,,,,
2024-04-11 06:00 (-05),On Demand,Ross Rayburn,5,Meditation,Morning,5 min Morning Meditation,2021-09-28 06:53 (-05),,,,,,,,,,
2024-04-11 11:43 (CDT),On Demand,Ross Rayburn,5,Meditation,Mindfulness,5 min Body Scan Meditation,2024-03-20 10:00 (CDT),,,,,,,,,,
2024-04-13 08:10 (CDT),On Demand,Ross Rayburn,10,Meditation,Relaxation,10 min Calming Meditation,2024-03-31 12:01 (CDT),,,,,,,,50.91,,
2024-04-13 10:43 (-05),On Demand,Charlotte Weidenbach,30,Cycling,Power Zone,30 min Power Zone Ride,2024-04-07 23:55 (-05),314,174,44%,89,31.84,15.92,389,143.19,,
2024-04-13 11:14 (-05),On Demand,Mila Lazar,5,Cycling,Cool Down,5 min Cool Down Ride,2024-03-14 01:15 (-05),29,96,40%,74,24.90,2.08,59,134.00,,
2024-04-13 11:21 (-05),On Demand,Bradley Rose,5,Stretching,Pre & Post-Ride Stretch,5 min Post-Ride Stretch,2024-03-29 02:00 (-05),,,,,,,15,,,
2024-04-13 15:38 (CDT),On Demand,Ben Alldis,10,Stretching,Full Body Stretch,10 min Full Body Stretch,2024-02-14 06:05 (CDT),,,,,,,29,,,
2024-04-14 11:26 (CDT),On Demand,Rebecca Kennedy,20,Strength,Full Body,20 min Strength Roll Call: Full Body,2024-03-25 06:26 (CDT),,,,,,,124,84.01,,
2024-04-14 11:48 (CDT),On Demand,Rebecca Kennedy,10,Strength,Core,10 min Core Strength,2024-02-23 12:26 (CDT),,,,,,,60,78.46,,
2024-04-14 11:59 (CDT),On Demand,Ben Alldis,10,Stretching,Full Body Stretch,10 min Full Body Stretch,2024-01-15 05:59 (CDT),,,,,,,31,76.06,,
2024-04-14 12:12 (CDT),On Demand,Ross Rayburn,10,Meditation,Theme,10 min Seasonal Meditation,2024-04-13 08:00 (CDT),,,,,,,,,,
2024-04-14 17:14 (CDT),On Demand,Anna Greenberg,10,Yoga,Yoga Anywhere,10 min Chair Yoga,2023-12-12 10:55 (CDT),,,,,,,36,,,
2024-04-15 17:44 (-05),On Demand,Charlotte Weidenbach,30,Cycling,Music,30 min Rock Ride,2024-04-15 00:00 (-05),337,187,50%,80,32.83,16.42,444,,,
2024-04-15 18:15 (-05),On Demand,Erik Jager,5,Cycling,Cool Down,5 min Cool Down Ride,2024-04-11 00:15 (-05),42,139,47%,73,29.66,2.47,55,,,
2024-04-15 18:25 (-05),On Demand,Bradley Rose,5,Stretching,Pre & Post-Ride Stretch,5 min Post-Ride Stretch,2023-12-22 02:00 (-05),,,,,,,16,82.85,,
2024-04-16 17:23 (CDT),On Demand,Robin Arzon,20,Strength,Full Body,20 min Full Body Strength,2024-04-02 08:45 (CDT),,,,,,,118,82.44,,
2024-04-16 17:46 (CDT),On Demand,Ben Alldis,10,Strength,Core,10 min Strength Roll Call: Core,2024-03-07 06:25 (CDT),,,,,,,58,84.80,,
2024-04-16 17:59 (CDT),On Demand,Ben Alldis,10,Stretching,Full Body Stretch,10 min Red (Taylor's Version) Stretch,2021-12-25 04:00 (CDT),,,,,,,30,68.52,,
2024-04-17 02:28 (CDT),On Demand,Anna Greenberg,10,Meditation,Sleep,10 min Sleep Meditation,2021-03-11 09:00 (CDT),,,,,,,,,,
2024-04-17 03:15 (CDT),On Demand,Mariana Fernandez,20,Meditation,Sleep,20 min Sleep Meditation,2024-03-16 01:00 (CDT),,,,,,,,,,
2024-04-17 11:55 (CDT),On Demand,Ross Rayburn,5,Meditation,Mindfulness,5 min Body Scan Meditation,2024-03-20 10:00 (CDT),,,,,,,,,,
2024-04-18 03:56 (CDT),On Demand,Kristin McGee,15,Meditation,Sleep,15 min Sleep Meditation,2023-05-23 10:00 (CDT),,,,,,,,,,
2024-04-18 05:11 (CDT),On Demand,Ben Alldis,10,Stretching,Full Body Stretch,10 min Full Body Stretch,2024-03-11 07:28 (CDT),,,,,,,29,,,
2024-04-18 16:59 (-05),On Demand,Denis Morton,30,Cycling,Music,30 min 90s Rock Ride,2024-04-13 14:25 (-05),283,157,45%,84,30.86,15.43,285,116.13,,
2024-04-18 17:31 (-05),On Demand,Matt Wilpers,5,Cycling,Cool Down,5 min Cool Down Ride,2024-04-17 10:00 (-05),16,54,27%,88,19.71,1.65,33,100.47,,
2024-04-18 17:37 (-05),On Demand,Jenn Sherman,5,Stretching,Pre & Post-Ride Stretch,5 min Post-Ride Stretch,2021-10-18 10:00 (-05),,,,,,,15,,,
2024-04-19 03:33 (CDT),On Demand,Mariana Fernandez,20,Meditation,Sleep,20 min Sleep Meditation,2024-03-16 01:00 (CDT),,,,,,,,,,
2024-04-19 03:55 (CDT),On Demand,Mariana Fernandez,20,Meditation,Sleep,20 min Sleep Meditation,2024-03-16 01:00 (CDT),,,,,,,,,,
2024-04-19 16:23 (CDT),On Demand,Aditi Shah,20,Meditation,Sleep,20 min Sleep Meditation,2024-03-15 22:00 (CDT),,,,,,,,,,
2024-04-19 17:16 (CDT),On Demand,Ben Alldis,20,Strength,Core,20 min Core Strength,2024-04-18 06:30 (CDT),,,,,,,,,,
2024-04-20 11:13 (-05),On Demand,Ben Alldis,45,Cycling,Power Zone,45 min Power Zone Endurance 80s Ride,2024-02-12 13:25 (-05),470,174,49%,77,32.14,24.11,479,109.20,,
2024-04-20 11:59 (-05),On Demand,Camila Ramon,5,Cycling,Cool Down,5 min Cool Down Ride,2024-04-19 10:00 (-05),28,93,42%,68,24.79,2.07,44,110.44,,
2024-04-20 12:07 (-05),On Demand,Mila Lazar,5,Stretching,Pre & Post-Ride Stretch,5 min Post-Ride Stretch,2024-03-28 01:15 (-05),,,,,,,15,,,
2024-04-20 16:34 (CDT),On Demand,Anna Greenberg,10,Yoga,Yoga Anywhere,10 min Chair Yoga,2023-12-12 10:55 (CDT),,,,,,,35,,,
2024-04-21 07:26 (CDT),On Demand,Ben Alldis,20,Strength,Full Body,20 min Strength Roll Call: Full Body,2022-06-24 03:30 (CDT),,,,,,,120,88.88,,
2024-04-21 07:50 (CDT),On Demand,Hannah Corbin,10,Strength,Barre,10 min Barre,2021-06-09 09:00 (CDT),,,,,,,59,,,
2024-04-21 08:02 (CDT),On Demand,Ben Alldis,10,Stretching,Full Body Stretch,10 min Tropical House Full Body Stretch,2022-07-27 06:05 (CDT),,,,,,,30,,,
2024-04-23 13:10 (CDT),On Demand,Ross Rayburn,5,Meditation,Mindfulness,5 min Body Scan Meditation,2024-03-20 10:00 (CDT),,,,,,,,,,
2024-04-23 17:10 (-05),On Demand,Charlotte Weidenbach,30,Cycling,Power Zone,30 min Power Zone Ride,2024-04-07 09:55 (-05),305,169,45%,84,30.95,15.48,298,116.57,,
2024-04-23 17:40 (-05),On Demand,Mila Lazar,5,Cycling,Cool Down,5 min Cool Down Ride,2024-03-14 01:15 (-05),24,81,37%,73,23.41,1.95,32,,,
2024-04-23 17:53 (-05),On Demand,Jenn Sherman,5,Stretching,Pre & Post-Ride Stretch,5 min Post-Ride Stretch,2022-06-01 10:00 (-05),,,,,,,15,,,
2024-04-24 16:50 (CDT),On Demand,Ben Alldis,20,Strength,Full Body,20 min Full Body Strength,2024-04-24 05:30 (CDT),,,,,,,119,85.44,,
2024-04-24 17:13 (CDT),On Demand,Hannah Corbin,10,Strength,Barre,10 min Barre,2021-06-09 09:00 (CDT),,,,,,,59,69.06,,
2024-04-24 17:26 (CDT),On Demand,Ben Alldis,10,Stretching,Full Body Stretch,10 min Full Body Stretch,2024-02-14 06:05 (CDT),,,,,,,34,72.49,,
2024-04-25 03:53 (CDT),On Demand,Aditi Shah,20,Meditation,Sleep,20 min Sleep Meditation,2024-03-15 22:00 (CDT),,,,,,,,,,
2024-04-25 04:15 (CDT),On Demand,Aditi Shah,20,Meditation,Sleep,20 min Sleep Meditation,2024-03-15 22:00 (CDT),,,,,,,,,,
2024-04-26 15:51 (-05),On Demand,Mila Lazar,5,Cycling,Warm Up,5 min Warm Up Ride,2024-03-28 01:15 (-05),34,112,37%,84,26.17,2.18,44,,,
2024-04-26 15:58 (-05),On Demand,Ben Alldis,30,Cycling,Intervals,30 min HIIT & Hills Ride,2024-02-05 13:24 (-05),432,240,57%,77,36.43,18.21,416,144.43,,
2024-04-26 16:29 (-05),On Demand,Mila Lazar,5,Cycling,Cool Down,5 min Cool Down Ride,2024-03-14 01:15 (-05),22,72,39%,66,21.89,1.83,29,,,
2024-04-26 16:35 (-05),On Demand,Denis Morton,5,Stretching,Pre & Post-Ride Stretch,5 min Post-Ride Stretch,2024-04-26 01:00 (-05),,,,,,,52,121.75,,
2024-04-26 17:15 (CDT),On Demand,Kristin McGee,15,Meditation,Sleep,15 min Sleep Meditation,2024-03-16 00:00 (CDT),,,,,,,,,,
2024-04-27 04:58 (CDT),On Demand,Aditi Shah,20,Meditation,Sleep,20 min Sleep Meditation,2024-03-15 22:00 (CDT),,,,,,,,,,
2024-04-27 15:17 (CDT),On Demand,Ben Alldis,20,Strength,Full Body,20 min Fred again.. Full Body Strength,2024-04-25 05:25 (CDT),,,,,,,126,95.55,,
2024-04-27 15:40 (CDT),On Demand,Kristin McGee,10,Yoga,Focus Flow,10 min Focus Flow: Balancing Poses,2024-04-10 11:27 (CDT),,,,,,,46,,,
2024-04-27 15:51 (CDT),On Demand,Selena Samuela,10,Stretching,Lower Body Stretch,10 min Lower Body Stretch,2024-04-25 01:00 (CDT),,,,,,,16,,,
2024-04-27 17:13 (CDT),On Demand,Assal Arian,10,Stretching,Upper Body Stretch,10 min Upper Body Stretch,2023-08-04 01:00 (CDT),,,,,,,29,,,
2024-04-27 20:57 (CDT),On Demand,Selena Samuela,10,Stretching,Full Body Stretch,10 min Full Body Stretch,2023-12-13 01:00 (CDT),,,,,,,29,,,
2024-04-28 10:34 (CDT),On Demand,Ross Rayburn,10,Yoga,Yoga Anywhere,10 min Chair Yoga,2021-12-20 09:00 (CDT),,,,,,,47,,,
2024-04-28 13:02 (CDT),On Demand,Aditi Shah,15,Meditation,Sleep,15 min Sleep Meditation,2023-05-03 15:00 (CDT),,,,,,,,,,
2024-04-28 15:44 (-05),On Demand,Ben Alldis,45,Cycling,Power Zone,45 min Power Zone Endurance 90s Ride,2024-04-08 12:25 (-05),475,176,49%,78,32.39,24.29,502,128.37,,
2024-04-28 16:30 (-05),On Demand,Sam Yo,5,Cycling,Cool Down,5 min Cool Down Ride,2024-04-17 01:00 (-05),28,95,38%,80,25.28,2.10,37,,,
2024-04-28 16:36 (-05),On Demand,Matt Wilpers,5,Cycling,Cool Down,5 min Cool Down Ride,2024-04-17 10:00 (-05),29,98,33%,95,25.45,2.12,39,,,
2024-04-28 16:42 (-05),On Demand,Matt Wilpers,5,Cycling,Cool Down,5 min Cool Down Ride,2024-04-17 10:00 (-05),5,87,41%,66,23.92,0.35,6,,,
2024-04-28 16:53 (CDT),On Demand,Selena Samuela,10,Stretching,Lower Body Stretch,10 min Lower Body Stretch,2024-04-25 01:00 (CDT),,,,,,,29,,,
2024-04-28 20:59 (CDT),On Demand,Selena Samuela,10,Stretching,Full Body Stretch,10 min Full Body Stretch,2023-12-13 01:00 (CDT),,,,,,,29,,,
2024-04-28 21:11 (CDT),On Demand,Susie Chan,5,Stretching,Post-Run Stretch,5 min Post-Run Stretch,2022-01-25 03:12 (CDT),,,,,,,15,,,
2024-04-29 19:53 (CDT),On Demand,Ben Alldis,10,Stretching,Full Body Stretch,10 min Full Body Stretch,2024-01-15 05:59 (CDT),,,,,,,29,,,
2024-04-30 11:56 (-05),On Demand,Jenn Sherman,30,Cycling,Music,30 min Rock Ride,2023-03-07 09:55 (-05),265,147,46%,78,30.33,15.17,348,,,
2024-04-30 12:27 (-05),On Demand,Matt Wilpers,5,Cycling,Cool Down,5 min Cool Down Ride,2024-04-17 10:00 (-05),0,0,0%,0,0,0,0,,,
2024-04-30 12:29 (-05),On Demand,Hannah Corbin,5,Cycling,Cool Down,5 min Cool Down Ride,2024-04-03 10:00 (-05),38,126,47%,68,28.70,2.38,49,,,
2024-04-30 12:41 (CDT),On Demand,Ben Alldis,5,Strength,Core,5 min Core Strength,2024-03-25 07:26 (CDT),,,,,,,29,,,
2024-04-30 12:50 (-05),On Demand,Bradley Rose,5,Stretching,Pre & Post-Ride Stretch,5 min Post-Ride Stretch,2023-12-22 02:00 (-05),,,,,,,15,,,
2024-05-01 04:59 (CDT),On Demand,Ben Alldis,20,Strength,Full Body,20 min Fred again.. Full Body Strength,2024-04-25 05:25 (CDT),,,,,,,118,,,
2024-05-01 05:25 (CDT),On Demand,Kristin McGee,10,Yoga,Focus Flow,10 min Focus Flow: Balancing Poses,2024-04-10 11:27 (CDT),,,,,,,46,,,
2024-05-01 05:36 (CDT),On Demand,Ben Alldis,10,Stretching,Full Body Stretch,10 min Full Body Stretch,2024-03-11 07:28 (CDT),,,,,,,29,,,
2024-05-01 12:37 (CDT),On Demand,Ross Rayburn,5,Meditation,Mindfulness,5 min Body Scan Meditation,2024-03-20 10:00 (CDT),,,,,,,,,,
2024-05-02 06:01 (CDT),On Demand,Kristin McGee,5,Meditation,Emotions,5 min Happiness Meditation,2024-04-17 10:00 (CDT),,,,,,,,,,
2024-05-02 06:07 (CDT),On Demand,Kristin McGee,5,Meditation,Emotions,5 min Happiness Meditation,2024-04-17 10:00 (CDT),,,,,,,,,,
2024-05-03 11:09 (-05),On Demand,Ben Alldis,30,Cycling,Music,30 min 2000s Rock Ride,2024-04-21 08:00 (-05),320,178,50%,77,32.05,16.03,419,,,
2024-05-03 11:40 (-05),On Demand,Emma Lovewell,5,Cycling,Cool Down,5 min Cool Down Ride,2024-04-05 10:00 (-05),22,75,33%,84,22.82,1.90,29,,,
2024-05-03 11:52 (CDT),On Demand,Leanne Hainsby-Alldis,5,Stretching,Pre & Post-Ride Stretch,5 min Post-Ride Stretch,2024-05-01 05:23 (CDT),,,,,,,20,85.69,,
2024-05-03 13:37 (CDT),On Demand,Aditi Shah,20,Meditation,Sleep,20 min Sleep Meditation,2023-09-19 10:00 (CDT),,,,,,,,,,
2024-05-04 11:30 (CDT),On Demand,Selena Samuela,20,Strength,Full Body,20 min Full Body Strength,2024-04-25 09:00 (CDT),,,,,,,119,85.62,,
2024-05-04 11:54 (CDT),On Demand,Irene Kaymer,5,Strength,Core,5 min Core Strength,2024-04-26 01:00 (CDT),,,,,,,32,81.79,,
2024-05-04 12:02 (CDT),On Demand,Ben Alldis,10,Stretching,Full Body Stretch,10 min Full Body Stretch,2023-06-29 07:03 (CDT),,,,,,,29,71.00,,
2024-05-04 16:42 (CDT),On Demand,Ross Rayburn,10,Yoga,Yoga Anywhere,10 min Chair Yoga,2021-09-06 09:00 (CDT),,,,,,,47,,,
2024-05-05 10:53 (-05),On Demand,Denis Morton,30,Cycling,Power Zone,30 min Power Zone Endurance Ride,2024-03-21 16:26 (-05),280,156,45%,84,31.06,15.52,264,111.46,,
2024-05-05 11:24 (-05),On Demand,Cliff Dwenger,5,Cycling,Cool Down,5 min Cool Down Ride,2024-05-02 00:15 (-05),30,101,40%,77,25.81,2.15,36,77.89,,
2024-05-05 11:30 (-05),On Demand,Sam Yo,5,Stretching,Pre & Post-Ride Stretch,5 min Post-Ride Stretch,2024-05-03 01:00 (-05),,,,,,,1,,,
2024-05-05 11:31 (-05),On Demand,Leanne Hainsby-Alldis,5,Stretching,Pre & Post-Ride Stretch,5 min Post-Ride Stretch,2024-05-01 05:23 (-05),,,,,,,15,,,
2024-05-05 12:19 (CDT),On Demand,Ross Rayburn,5,Meditation,Mindfulness,5 min Body Scan Meditation,2024-03-20 10:00 (CDT),,,,,,,,,,
2024-05-07 13:09 (CDT),On Demand,Kristin McGee,5,Meditation,Mindfulness,5 min Body Scan Meditation,2024-05-02 10:00 (CDT),,,,,,,,,,
2024-05-07 16:56 (CDT),On Demand,Selena Samuela,20,Strength,Full Body,20 min Full Body Strength,2024-04-25 09:00 (CDT),,,,,,,122,87.50,,
2024-05-07 17:20 (CDT),On Demand,Ben Alldis,10,Strength,Lower Body,10 min Glutes & Legs Strength,2024-03-27 09:25 (CDT),,,,,,,31,,,
2024-05-07 17:28 (CDT),On Demand,Emma Lovewell,5,Strength,Core,5 min Core Strength,2024-04-11 09:00 (CDT),,,,,,,29,,,
2024-05-07 17:34 (CDT),On Demand,Ben Alldis,10,Stretching,Full Body Stretch,10 min Full Body Stretch,2024-03-11 07:28 (CDT),,,,,,,29,,,
2024-05-07 17:45 (CDT),On Demand,Susie Chan,5,Stretching,Post-Run Stretch,5 min Post-Run Stretch,2022-01-25 03:12 (CDT),,,,,,,15,,,
2024-05-07 20:42 (CDT),On Demand,Emma Lovewell,5,Stretching,Core Stretch,5 min Core Stretch,2022-01-07 09:00 (CDT),,,,,,,15,,,
2024-05-08 18:32 (-05),On Demand,Charlotte Weidenbach,30,Cycling,Power Zone,30 min Power Zone Endurance Ride,2024-02-12 00:56 (-05),287,160,46%,81,31.17,15.58,376,,,
2024-05-08 19:03 (-05),On Demand,Olivia Amato,5,Cycling,Cool Down,5 min Cool Down Ride,2024-05-08 10:00 (-05),31,103,38%,82,26.22,2.19,41,,,
2024-05-08 19:16 (-05),On Demand,Jenn Sherman,5,Stretching,Pre & Post-Ride Stretch,5 min Post-Ride Stretch,2021-10-18 10:00 (-05),,,,,,,15,,,
2024-05-08 20:24 (CDT),On Demand,Erik Jager,10,Stretching,Full Body Stretch,10 min Evening Stretch,2024-05-03 10:00 (CDT),,,,,,,29,,,
2024-05-10 18:03 (-05),On Demand,Jess King,5,Cycling,Cool Down,5 min Cool Down Ride,2024-05-10 10:00 (-05),27,89,34%,90,24.78,2.06,36,103.01,,
2024-05-10 18:11 (-05),On Demand,Jess King,5,Stretching,Pre & Post-Ride Stretch,5 min Post-Ride Stretch,2023-10-06 01:00 (-05),,,,,,,15,,,
2024-05-11 13:40 (CDT),On Demand,Ben Alldis,20,Strength,Full Body,20 min Full Body Strength,2023-11-13 05:30 (CDT),,,,,,,142,101.57,,
2024-05-11 14:02 (CDT),On Demand,Hannah Corbin,10,Strength,Barre,10 min Barre,2021-06-09 09:00 (CDT),,,,,,,59,,,
2024-05-11 14:12 (CDT),On Demand,Ben Alldis,10,Stretching,Full Body Stretch,10 min Full Body Stretch,2024-05-06 01:00 (CDT),,,,,,,42,84.49,,
2024-05-11 14:27 (CDT),,,31,Cycling,,31 min 46 sec Outdoor Cycling,,0,0,0%,0,0.18,0.00,109,72.63,,
2024-05-12 09:53 (CDT),,,43,Running,,43 min 43 sec Outdoor Running,,0,,,,9.85,5.48,432,,0,6:05
2024-05-12 11:00 (CDT),On Demand,Susie Chan,5,Stretching,Post-Run Stretch,5 min Post-Run Stretch,2023-02-16 00:30 (CDT),,,,,,,15,,,
2024-05-12 11:10 (CDT),On Demand,Susie Chan,5,Stretching,Post-Run Stretch,5 min Post-Run Stretch,2021-09-16 12:25 (CDT),,,,,,,29,,,
2024-05-13 11:23 (CDT),On Demand,Chelsea Jackson Roberts,5,Yoga,Yoga Anywhere,5 min Chair Yoga,2021-03-29 09:00 (CDT),,,,,,,23,,,
2024-05-14 16:51 (-05),On Demand,Denis Morton,30,Cycling,Power Zone,30 min Power Zone Rock Ride,2024-05-07 16:25 (-05),317,176,46%,84,32.05,16.03,283,112.43,,
2024-05-14 17:22 (-05),On Demand,Camila Ramon,5,Cycling,Cool Down,5 min Cool Down Ride,2024-04-19 10:00 (-05),26,87,40%,69,24.20,2.01,34,,,
2024-05-14 17:35 (CDT),On Demand,Hannah Corbin,10,Strength,Barre,10 min Barre,2021-06-09 09:00 (CDT),,,,,,,59,,,
2024-05-14 17:47 (-05),On Demand,Denis Morton,5,Stretching,Pre & Post-Ride Stretch,5 min Post-Ride Stretch,2024-04-26 01:00 (-05),,,,,,,15,,,
2024-05-15 13:02 (CDT),On Demand,Ross Rayburn,5,Meditation,Emotions,5 min Patience Meditation,2024-05-14 10:00 (CDT),,,,,,,,,,
2024-05-15 17:58 (CDT),On Demand,Ben Alldis,20,Strength,Full Body,20 min Full Body Strength,2024-01-15 05:25 (CDT),,,,,,,5,,,
2024-05-15 19:57 (CDT),On Demand,Becs Gentry,5,Stretching,Post-Run Stretch,5 min Post-Run Stretch,2024-04-09 01:00 (CDT),,,,,,,15,,,
2024-05-15 20:05 (CDT),On Demand,Ross Rayburn,5,Meditation,Mindfulness,5 min Body Scan Meditation,2024-03-20 10:00 (CDT),,,,,,,,,,
2024-05-15 20:11 (CDT),On Demand,Ross Rayburn,5,Meditation,Mindfulness,5 min Body Scan Meditation,2024-03-20 10:00 (CDT),,,,,,,,,,
2024-05-19 06:55 (CDT),On Demand,Hannah Corbin,10,Strength,Barre,10 min Barre,2021-06-09 09:00 (CDT),,,,,,,59,,,
2024-05-19 07:09 (CDT),On Demand,Ben Alldis,10,Stretching,Full Body Stretch,10 min Full Body Stretch,2024-05-06 01:00 (CDT),,,,,,,29,,,
2024-05-20 11:46 (-05),On Demand,Bradley Rose,30,Cycling,Low Impact,30 min Low Impact Ride,2024-04-23 12:25 (-05),0,0,0%,0,0,0,0,,,
2024-05-20 11:48 (-05),On Demand,Charlotte Weidenbach,30,Cycling,Low Impact,30 min Low Impact Ride,2024-04-28 23:55 (-05),0,0,0%,0,0,0,0,,,
2024-05-20 11:50 (-05),On Demand,Mila Lazar,5,Cycling,Warm Up,5 min Warm Up Ride,2024-05-02 00:15 (-05),0,0,0%,0,0,0,0,,,
2024-05-20 11:57 (-05),On Demand,Ben Alldis,20,Cycling,Theme,20 min World Mental Health Day Ride,2023-10-10 01:00 (-05),0,0,0%,0,0,0,0,,,
2024-05-20 11:58 (-05),On Demand,Bradley Rose,30,Cycling,Low Impact,30 min Low Impact Ride,2024-04-23 12:25 (-05),211,117,41%,81,27.53,13.76,202,98.43,,
2024-05-20 12:29 (-05),On Demand,Mila Lazar,5,Cycling,Cool Down,5 min Cool Down Ride,2024-03-14 01:15 (-05),31,109,40%,77,26.40,2.07,31,96.42,,
2024-05-20 12:43 (-05),On Demand,Jenn Sherman,5,Stretching,Pre & Post-Ride Stretch,5 min Post-Ride Stretch,2021-10-18 10:00 (-05),,,,,,,15,,,
2024-05-21 15:47 (CDT),On Demand,Ben Alldis,20,Strength,Full Body,20 min Full Body Strength,2024-04-24 05:30 (CDT),,,,,,,122,86.86,,
2024-05-21 16:11 (CDT),On Demand,Ben Alldis,10,Stretching,Full Body Stretch,10 min Full Body Stretch,2024-05-06 01:00 (CDT),,,,,,,29,72.78,,
2024-05-23 11:45 (CDT),On Demand,Kristin McGee,5,Meditation,Mindfulness,5 min Body Scan Meditation,2024-05-02 10:00 (CDT),,,,,,,,,,
2024-05-24 04:40 (-05),On Demand,Sam Yo,30,Cycling,Power Zone,30 min Power Zone Endurance Rock Ride,2024-02-07 01:55 (-05),303,169,48%,79,31.51,15.75,298,121.75,,
2024-05-24 05:12 (-05),On Demand,Hannah Frankson,5,Cycling,Cool Down,5 min Cool Down Ride,2024-05-17 01:00 (-05),26,88,38%,74,24.16,2.02,37,103.17,,
2024-05-24 05:19 (-05),On Demand,Bradley Rose,5,Stretching,Pre & Post-Ride Stretch,5 min Post-Ride Stretch,2024-05-24 01:00 (-05),,,,,,,18,82.28,,
2024-05-24 05:25 (-05),On Demand,Bradley Rose,5,Stretching,Pre & Post-Ride Stretch,5 min Post-Ride Stretch,2024-05-24 01:00 (-05),,,,,,,15,77.62,,
2024-05-25 11:38 (CDT),On Demand,Ben Alldis,20,Strength,Full Body,20 min Mental Health Full Body Strength,2024-05-24 01:00 (CDT),,,,,,,131,92.12,,
2024-05-25 12:00 (CDT),On Demand,Ben Alldis,10,Stretching,Full Body Stretch,10 min Full Body Stretch,2023-03-13 02:00 (CDT),,,,,,,29,,,
2024-05-25 12:11 (CDT),On Demand,Anna Greenberg,5,Meditation,Mindfulness,5 min Witness Meditation,2024-05-14 11:30 (CDT),,,,,,,,,,
2024-05-25 12:17 (CDT),On Demand,Anna Greenberg,5,Meditation,Mindfulness,5 min Witness Meditation,2024-05-14 11:30 (CDT),,,,,,,,60.22,,
2024-05-26 16:51 (-05),On Demand,Bradley Rose,30,Cycling,Music,30 min 2000s Rock Ride,2024-05-18 05:54 (-05),296,164,47%,82,31.56,15.78,281,114.23,,
2024-05-26 17:22 (-05),On Demand,Bradley Rose,5,Cycling,Cool Down,5 min Cool Down Ride,2023-06-30 01:00 (-05),29,98,38%,79,25.21,2.10,43,105.75,,
2024-05-26 17:29 (-05),On Demand,Bradley Rose,5,Stretching,Pre & Post-Ride Stretch,5 min Post-Ride Stretch,2022-09-26 01:00 (-05),,,,,,,23,82.01,,
2024-05-27 12:09 (CDT),On Demand,Kristin McGee,10,Yoga,Focus Flow,10 min Focus Flow: Balancing Poses,2024-04-10 11:27 (CDT),,,,,,,46,,,
2024-05-27 12:22 (CDT),On Demand,Ben Alldis,20,Strength,Full Body,20 min Mental Health Full Body Strength,2024-05-24 01:00 (CDT),,,,,,,119,79.92,,
2024-05-27 12:52 (CDT),On Demand,Ben Alldis,10,Stretching,Full Body Stretch,10 min Full Body Stretch,2023-03-13 02:00 (CDT),,,,,,,29,64.03,,
2024-05-29 17:47 (-05),On Demand,Leanne Hainsby-Alldis,30,Cycling,Music,30 min 80s Ride,2024-05-05 05:55 (-05),285,158,46%,82,30.88,15.44,270,110.67,,
2024-05-29 18:18 (-05),On Demand,Leanne Hainsby-Alldis,5,Cycling,Cool Down,5 min Cool Down Ride,2023-10-06 01:00 (-05),31,103,39%,80,25.97,2.17,42,108.75,,
2024-05-29 18:24 (-05),On Demand,Leanne Hainsby-Alldis,5,Stretching,Pre & Post-Ride Stretch,5 min Post-Ride Stretch,2023-02-27 02:00 (-05),,,,,,,15,,,
2024-05-29 18:30 (-05),On Demand,Anna Greenberg,5,Meditation,Mindfulness,5 min Witness Meditation,2024-05-14 11:30 (-05),,,,,,,,,,
2024-05-29 20:23 (CDT),On Demand,Ben Alldis,10,Stretching,Full Body Stretch,10 min Full Body Stretch,2024-05-06 01:00 (CDT),,,,,,,29,,,
2024-05-31 12:19 (-05),On Demand,Emma Lovewell,30,Cycling,Music,30 min The Killers Ride,2024-05-30 18:00 (-05),307,171,50%,73,31.25,15.62,315,122.19,,
2024-05-31 12:50 (-05),On Demand,Emma Lovewell,5,Cycling,Cool Down,5 min Cool Down Ride,2024-05-31 10:00 (-05),24,78,33%,86,23.25,1.94,31,,,
2024-05-31 12:56 (-05),On Demand,Emma Lovewell,5,Cycling,Cool Down,5 min Cool Down Ride,2024-05-31 10:00 (-05),14,78,32%,87,22.87,1.15,19,,,
2024-05-31 13:23 (-05),On Demand,Bradley Rose,5,Stretching,Pre & Post-Ride Stretch,5 min Post-Ride Stretch,2024-05-24 01:00 (-05),,,,,,,15,,,
2024-06-01 11:37 (CDT),On Demand,Ben Alldis,20,Strength,Full Body,20 min Femme Power Full Body Strength,2024-03-27 08:55 (CDT),,,,,,,122,93.46,,
2024-06-01 11:59 (CDT),On Demand,Kristin McGee,10,Yoga,Focus Flow,10 min Focus Flow: Balancing Poses,2024-04-10 11:27 (CDT),,,,,,,46,,,
2024-06-01 12:11 (CDT),On Demand,Ben Alldis,10,Stretching,Full Body Stretch,10 min Full Body Stretch,2024-01-15 05:59 (CDT),,,,,,,29,,,
2024-06-02 08:19 (-05),On Demand,Denis Morton,30,Cycling,Power Zone,30 min Power Zone Ride,2024-05-14 16:25 (-05),317,176,45%,84,31.62,15.81,323,123.28,,
2024-06-02 08:50 (-05),On Demand,Irene Kaymer,5,Cycling,Cool Down,5 min Cool Down Ride,2024-05-27 10:00 (-05),25,84,39%,67,23.26,1.94,33,,,
2024-06-02 08:58 (-05),On Demand,Charlotte Weidenbach,5,Stretching,Pre & Post-Ride Stretch,5 min Post-Ride Stretch,2024-05-16 00:15 (-05),,,,,,,15,,,
2024-06-02 14:20 (CDT),On Demand,Anna Greenberg,10,Meditation,Sleep,10 min Sleep Meditation,2024-05-23 10:00 (CDT),,,,,,,,,,
2024-06-02 15:49 (CDT),On Demand,Anna Greenberg,10,Meditation,Sleep,10 min Sleep Meditation,2024-05-23 10:00 (CDT),,,,,,,,,,
2024-06-03 16:33 (CDT),On Demand,Ben Alldis,20,Strength,Full Body,20 min Full Body Strength,2023-06-26 05:25 (CDT),,,,,,,119,84.23,,
2024-06-03 16:57 (CDT),On Demand,Kristin McGee,10,Yoga,Focus Flow,10 min Focus Flow: Balancing Poses,2024-04-10 11:27 (CDT),,,,,,,46,71.29,,
2024-06-03 17:09 (CDT),On Demand,Ben Alldis,10,Stretching,Full Body Stretch,10 min Full Body Stretch,2023-01-11 06:09 (CDT),,,,,,,29,66.83,,
2024-06-04 13:02 (CDT),On Demand,Kristin McGee,5,Meditation,Mindfulness,5 min Body Scan Meditation,2024-05-02 10:00 (CDT),,,,,,,,,,
2024-06-05 17:01 (-05),On Demand,Charlotte Weidenbach,30,Cycling,Power Zone,30 min Power Zone Ride,2024-04-07 09:55 (-05),314,174,46%,84,31.52,15.76,320,122.74,,
2024-06-05 17:31 (-05),On Demand,Irene Kaymer,5,Cycling,Cool Down,5 min Cool Down Ride,2024-05-27 10:00 (-05),26,86,39%,69,23.68,1.98,34,,,
2024-06-05 17:40 (-05),On Demand,Bradley Rose,5,Stretching,Pre & Post-Ride Stretch,5 min Post-Ride Stretch,2024-05-24 01:00 (-05),,,,,,,15,,,
2024-06-07 12:15 (CDT),On Demand,Ben Alldis,20,Strength,Full Body,20 min Strength Roll Call: Full Body,2022-08-29 06:25 (CDT),,,,,,,120,83.36,,
2024-06-07 12:40 (CDT),On Demand,Kristin McGee,10,Yoga,Focus Flow,10 min Focus Flow: Balancing Poses,2024-04-10 11:27 (CDT),,,,,,,46,70.92,,
2024-06-07 12:51 (CDT),On Demand,Ben Alldis,10,Stretching,Full Body Stretch,10 min Full Body Stretch,2023-05-08 01:00 (CDT),,,,,,,29,67.32,,
2024-06-08 12:32 (-05),On Demand,Kendall Toole,30,Cycling,Music,30 min Rock Ride,2024-05-05 08:55 (-05),315,175,46%,85,31.85,15.92,316,121.60,,
2024-06-08 13:03 (-05),On Demand,Mila Lazar,5,Cycling,Cool Down,5 min Cool Down Ride,2024-03-14 01:15 (-05),30,101,40%,76,25.63,2.14,52,123.08,,
2024-06-08 13:12 (-05),On Demand,Charlotte Weidenbach,5,Stretching,Pre & Post-Ride Stretch,5 min Post-Ride Stretch,2024-05-16 00:15 (-05),,,,,,,15,,,
2024-06-09 16:13 (CDT),On Demand,Ben Alldis,20,Strength,Full Body,20 min Full Body Strength,2023-11-13 05:30 (CDT),,,,,,,124,88.44,,
2024-06-09 16:36 (CDT),On Demand,Kristin McGee,10,Yoga,Focus Flow,10 min Focus Flow: Balancing Poses,2024-04-10 11:27 (CDT),,,,,,,46,71.78,,
2024-06-09 16:50 (CDT),On Demand,Ben Alldis,10,Stretching,Full Body Stretch,10 min Red (Taylor's Version) Stretch,2021-12-25 04:00 (CDT),,,,,,,29,64.51,,
2024-06-12 17:36 (-05),On Demand,Charlotte Weidenbach,30,Cycling,Power Zone,30 min Power Zone Endurance Ride,2024-06-02 23:55 (-05),286,159,44%,85,31.02,15.51,286,112.83,,
2024-06-12 18:07 (-05),On Demand,Irene Kaymer,5,Cycling,Cool Down,5 min Cool Down Ride,2024-05-27 10:00 (-05),26,85,39%,70,23.57,1.97,33,,,
2024-06-12 18:14 (-05),On Demand,Leanne Hainsby-Alldis,5,Stretching,Pre & Post-Ride Stretch,5 min Post-Ride Stretch,2024-01-12 02:00 (-05),,,,,,,15,,,
2024-06-13 16:54 (CDT),On Demand,Ben Alldis,20,Strength,Full Body,20 min Take That Full Body Strength,2023-11-20 05:25 (CDT),,,,,,,129,91.04,,
2024-06-13 17:15 (CDT),On Demand,Kristin McGee,10,Yoga,Focus Flow,10 min Focus Flow: Balancing Poses,2024-04-10 11:27 (CDT),,,,,,,46,,,
2024-06-13 17:27 (CDT),On Demand,Ben Alldis,10,Stretching,Full Body Stretch,10 min Full Body Stretch,2024-05-06 01:00 (CDT),,,,,,,29,,,
2024-06-14 16:17 (-05),On Demand,Bradley Rose,30,Cycling,Music,30 min 2000s Rock Ride,2024-06-14 12:25 (-05),283,157,46%,82,30.89,15.44,272,111.15,,
2024-06-14 16:48 (-05),On Demand,Matt Wilpers,5,Cycling,Cool Down,5 min Cool Down Ride,2024-04-17 10:00 (-05),19,63,27%,95,21.32,1.77,33,99.29,,
2024-06-14 16:58 (-05),On Demand,Benny Adami,5,Stretching,Pre & Post-Ride Stretch,5 min Post-Ride Stretch,2024-04-18 00:15 (-05),,,,,,,15,,,
2024-06-15 11:52 (CDT),On Demand,Ben Alldis,20,Strength,Full Body,20 min Full Body Strength,2024-02-21 05:30 (CDT),,,,,,,129,92.24,,
2024-06-15 12:14 (CDT),On Demand,Kristin McGee,10,Yoga,Focus Flow,10 min Focus Flow: Balancing Poses,2024-04-10 11:27 (CDT),,,,,,,46,,,
2024-06-15 12:25 (CDT),On Demand,Ben Alldis,10,Stretching,Full Body Stretch,10 min Full Body Stretch,2022-09-12 06:27 (CDT),,,,,,,30,71.92,,
2024-06-17 16:55 (-05),On Demand,Kendall Toole,30,Cycling,Music,30 min Pop Punk Ride,2024-06-17 08:55 (-05),0,0,0%,0,0,0,0,,,
2024-06-17 16:56 (-05),On Demand,Kendall Toole,30,Cycling,Music,30 min Pop Punk Ride,2024-06-17 08:55 (-05),292,162,45%,85,30.77,15.38,353,127.11,,
2024-06-17 17:28 (-05),On Demand,Leanne Hainsby-Alldis,5,Cycling,Cool Down,5 min Cool Down Ride,2024-06-14 01:00 (-05),29,96,43%,65,24.76,2.06,42,110.14,,
2024-06-17 17:35 (-05),On Demand,Leanne Hainsby-Alldis,5,Stretching,Pre & Post-Ride Stretch,5 min Post-Ride Stretch,2024-01-12 02:00 (-05),,,,,,,15,,,
2024-06-19 09:58 (-05),On Demand,Ben Alldis,30,Cycling,Music,30 min 80s Ride,2024-06-16 07:55 (-05),365,203,51%,81,33.86,16.94,387,140.70,,
2024-06-19 10:30 (-05),On Demand,Irene Kaymer,5,Cycling,Cool Down,5 min Cool Down Ride,2024-05-27 10:00 (-05),21,69,36%,69,21.88,1.75,27,,,
2024-06-19 10:37 (-05),On Demand,Denis Morton,5,Stretching,Pre & Post-Ride Stretch,5 min Post-Ride Stretch,2024-06-12 01:00 (-05),,,,,,,51,120.14,,
2024-06-20 16:45 (CDT),On Demand,Ben Alldis,20,Strength,Full Body,20 min RUN DMC Full Body Strength,2023-12-14 05:25 (CDT),,,,,,,123,87.78,,
2024-06-20 17:07 (CDT),On Demand,Kristin McGee,10,Yoga,Focus Flow,10 min Focus Flow: Balancing Poses,2024-04-10 11:27 (CDT),,,,,,,46,75.22,,
2024-06-20 17:18 (CDT),On Demand,Ben Alldis,10,Stretching,Full Body Stretch,10 min Full Body Stretch,2023-11-23 07:25 (CDT),,,,,,,30,68.27,,
2024-06-21 12:41 (-05),On Demand,Christine D'Ercole,30,Cycling,Power Zone,30 min Power Zone Endurance Ride,2024-06-10 08:55 (-05),302,168,46%,82,31.67,15.84,283,112.02,,
2024-06-21 13:12 (-05),On Demand,Kendall Toole,5,Cycling,Cool Down,5 min Cool Down Ride,2024-06-19 10:00 (-05),29,98,42%,70,25.33,2.11,38,,,
2024-06-21 13:18 (-05),On Demand,Ben Alldis,5,Stretching,Pre & Post-Ride Stretch,5 min Post-Ride Stretch,2024-06-21 01:00 (-05),,,,,,,15,,,
2024-06-22 12:01 (CDT),On Demand,Ben Alldis,20,Strength,Full Body,20 min Strength Roll Call: Full Body,2022-09-26 06:24 (CDT),,,,,,,117,,,
2024-06-22 12:27 (CDT),On Demand,Kristin McGee,10,Yoga,Focus Flow,10 min Focus Flow: Balancing Poses,2024-04-10 11:27 (CDT),,,,,,,46,74.34,,
2024-06-22 12:38 (CDT),On Demand,Selena Samuela,10,Stretching,Lower Body Stretch,10 min Lower Body Stretch,2024-04-25 01:00 (CDT),,,,,,,29,68.20,,
2024-06-22 12:49 (CDT),On Demand,Ross Rayburn,5,Stretching,Upper Body Stretch,5 min Upper Body Stretch,2024-03-06 01:00 (CDT),,,,,,,15,63.86,,
2024-06-23 11:38 (-05),On Demand,Charlotte Weidenbach,30,Cycling,Music,30 min The Killers Ride,2024-05-30 10:25 (-05),344,191,51%,78,33.00,16.51,298,116.57,,
2024-06-23 12:08 (-05),On Demand,Leanne Hainsby-Alldis,5,Cycling,Cool Down,5 min Cool Down Ride,2024-06-14 01:00 (-05),31,105,42%,73,26.34,2.19,41,,,
2024-06-23 12:15 (-05),On Demand,Camila Ramon,5,Stretching,Pre & Post-Ride Stretch,5 min Post-Ride Stretch,2024-03-22 02:00 (-05),,,,,,,15,,,
2024-06-25 17:21 (-05),On Demand,Mila Lazar,30,Cycling,Music,30 min Pop Ride,2024-06-22 02:25 (-05),331,184,51%,77,32.60,16.30,295,115.69,,
2024-06-25 17:52 (-05),On Demand,Irene Kaymer,5,Cycling,Cool Down,5 min Cool Down Ride,2024-05-27 10:00 (-05),26,87,40%,68,23.84,1.98,41,103.82,,
2024-06-25 18:00 (-05),On Demand,Irene Kaymer,5,Stretching,Pre & Post-Ride Stretch,5 min Post-Ride Stretch,2024-02-13 12:15 (-05),,,,,,,15,,,
2024-06-26 17:11 (CDT),On Demand,Ben Alldis,20,Strength,Full Body,20 min Strength Roll Call: Full Body,2022-09-26 06:24 (CDT),,,,,,,118,80.26,,
2024-06-26 17:33 (CDT),On Demand,Kristin McGee,10,Yoga,Focus Flow,10 min Focus Flow: Balancing Poses,2024-04-10 11:27 (CDT),,,,,,,46,,,
2024-06-26 17:55 (CDT),On Demand,Selena Samuela,10,Stretching,Full Body Stretch,10 min Full Body Stretch,2023-12-13 01:00 (CDT),,,,,,,29,61.63,,
2024-06-28 16:49 (-05),On Demand,Bradley Rose,30,Cycling,Music,30 min 90s Rock Ride,2024-02-17 06:55 (-05),303,168,46%,83,31.75,15.87,292,116.87,,
2024-06-28 17:19 (-05),On Demand,Bradley Rose,5,Cycling,Cool Down,5 min Cool Down Ride,2023-06-30 01:00 (-05),27,90,37%,79,24.50,2.04,35,,,
2024-06-28 17:26 (-05),On Demand,Bradley Rose,5,Stretching,Pre & Post-Ride Stretch,5 min Post-Ride Stretch,2022-09-26 01:00 (-05),,,,,,,15,,,
2024-06-29 16:28 (CDT),On Demand,Ben Alldis,20,Strength,Full Body,20 min Tropical House Full Body Strength,2023-07-31 05:25 (CDT),,,,,,,117,,,
2024-06-29 16:49 (CDT),On Demand,Kristin McGee,10,Yoga,Focus Flow,10 min Focus Flow: Balancing Poses,2024-04-10 11:27 (CDT),,,,,,,46,,,
2024-06-29 17:00 (CDT),On Demand,Ben Alldis,10,Stretching,Full Body Stretch,10 min Full Body Stretch,2022-11-02 07:55 (CDT),,,,,,,29,,,
2024-06-30 11:35 (-05),On Demand,Mayla Wedekind,30,Cycling,Music,30 min Rock Ride,2024-06-29 03:55 (-05),281,156,45%,82,30.04,15.02,252,107.45,,
2024-06-30 12:06 (-05),On Demand,Charlotte Weidenbach,5,Cycling,Cool Down,5 min Cool Down Ride,2024-06-27 00:15 (-05),31,105,41%,75,26.10,2.17,43,106.88,,
2024-06-30 12:16 (-05),On Demand,Mila Lazar,5,Stretching,Pre & Post-Ride Stretch,5 min Post-Ride Stretch,2024-06-27 00:15 (-05),,,,,,,15,,,
2024-07-01 04:56 (CDT),On Demand,Ben Alldis,10,Strength,Full Body,10 min Full Body Strength,2021-07-07 00:00 (CDT),,,,,,,59,,,
2024-07-01 05:08 (CDT),On Demand,Ben Alldis,5,Stretching,Full Body Stretch,5 min Full Body Stretch,2023-02-27 08:30 (CDT),,,,,,,15,,,
2024-07-02 08:02 (-05),On Demand,Denis Morton,30,Cycling,Power Zone,30 min Power Zone Rock Ride,2024-05-07 16:25 (-05),64,103,40%,75,25.33,4.32,83,,,
2024-07-02 08:14 (-05),On Demand,Leanne Hainsby-Alldis,20,Cycling,Music,20 min 90s Rock Ride,2024-06-10 01:00 (-05),78,124,42%,78,27.79,4.89,103,,,
2024-07-04 08:27 (PDT),On Demand,Susie Chan,5,Stretching,Post-Run Stretch,5 min Post-Run Stretch,2022-01-25 01:12 (PDT),,,,,,,6,,,
2024-07-06 08:03 (PDT),On Demand,Ben Alldis,10,Strength,Upper Body,10 min Upper Body Strength,2024-03-21 04:50 (PDT),,,,,,,46,,,
2024-07-06 08:13 (PDT),On Demand,Ben Alldis,10,Stretching,Full Body Stretch,10 min Full Body Stretch,2024-03-11 05:28 (PDT),,,,,,,29,,,
2024-07-07 14:25 (PDT),On Demand,Susie Chan,5,Stretching,Post-Run Stretch,5 min Post-Run Stretch,2022-01-25 01:12 (PDT),,,,,,,15,,,
2024-07-07 14:31 (PDT),On Demand,Selena Samuela,5,Stretching,Upper Body Stretch,5 min Upper Body Stretch,2024-01-10 23:00 (PDT),,,,,,,15,,,
2024-07-10 09:12 (PDT),On Demand,Susie Chan,10,Stretching,Post-Run Stretch,10 min AFO Post Run Stretch: Muse,2022-08-19 07:00 (PDT),,,,,,,29,,,
2024-07-13 14:25 (PDT),On Demand,Susie Chan,5,Stretching,Post-Run Stretch,5 min Post-Run Stretch,2023-12-13 23:00 (PDT),,,,,,,15,,,
2024-07-14 18:43 (PDT),,,51,Walking,,51 min 7 sec Just Walk,,0,,,,0,0,240,,,
2024-07-14 19:51 (PDT),On Demand,Susie Chan,5,Stretching,Post-Run Stretch,5 min Post-Run Stretch,2022-01-25 01:12 (PDT),,,,,,,15,,,
2024-07-16 15:41 (PDT),On Demand,Kristin McGee,10,Yoga,Focus Flow,10 min Focus Flow: Balancing Poses,2024-04-10 09:27 (PDT),,,,,,,46,,,
2024-07-16 15:51 (PDT),On Demand,Emma Lovewell,5,Strength,Core,5 min Core Strength,2024-02-01 07:00 (PDT),,,,,,,30,,,
2024-07-16 16:06 (PDT),On Demand,Ben Alldis,10,Stretching,Full Body Stretch,10 min Full Body Stretch,2024-02-14 04:05 (PDT),,,,,,,29,,,
2024-07-18 17:08 (CDT),On Demand,Ben Alldis,20,Strength,Full Body,20 min Mental Health Full Body Strength,2024-05-24 01:00 (CDT),,,,,,,118,,,
2024-07-18 17:32 (CDT),On Demand,Kristin McGee,10,Yoga,Focus Flow,10 min Focus Flow: Balancing Poses,2024-04-10 11:27 (CDT),,,,,,,46,,,
2024-07-18 17:44 (CDT),On Demand,Ben Alldis,10,Stretching,Full Body Stretch,10 min Full Body Stretch,2023-11-23 07:25 (CDT),,,,,,,29,,,
2024-07-19 17:17 (-05),On Demand,Charlotte Weidenbach,30,Cycling,Music,30 min 2010s Rock Ride,2024-07-15 23:55 (-05),319,177,48%,80,32.18,16.09,302,118.65,,
2024-07-19 17:48 (-05),On Demand,Irene Kaymer,5,Cycling,Cool Down,5 min Cool Down Ride,2024-05-27 10:00 (-05),21,71,36%,70,21.97,1.83,42,72.63,,
2024-07-19 17:56 (-05),On Demand,Jenn Sherman,5,Stretching,Pre & Post-Ride Stretch,5 min Post-Ride Stretch,2024-07-05 01:00 (-05),,,,,,,14,,,
2024-07-20 16:50 (CDT),On Demand,Ben Alldis,20,Strength,Full Body,20 min Strength Roll Call: Full Body,2022-11-07 06:24 (CDT),,,,,,,117,,,
2024-07-20 17:12 (CDT),On Demand,Kristin McGee,10,Yoga,Focus Flow,10 min Focus Flow: Balancing Poses,2024-04-10 11:27 (CDT),,,,,,,46,,,
2024-07-20 17:22 (CDT),On Demand,Ben Alldis,10,Stretching,Full Body Stretch,10 min MOS Ibiza Chillout Full Body,2021-08-16 00:00 (CDT),,,,,,,30,,,
2024-07-21 12:30 (-05),On Demand,Charlotte Weidenbach,30,Cycling,Power Zone,30 min Power Zone Endurance Ride,2024-06-02 23:55 (-05),0,0,0%,0,0,0,0,,,
2024-07-21 12:31 (-05),On Demand,Charlotte Weidenbach,30,Cycling,Power Zone,30 min Power Zone Endurance Ride,2024-02-18 10:55 (-05),287,160,42%,90,31.05,15.52,296,121.70,,
2024-07-21 13:01 (-05),On Demand,Mila Lazar,5,Cycling,Cool Down,5 min Cool Down Ride,2024-03-14 01:15 (-05),27,89,38%,74,24.21,2.01,35,,,
2024-07-21 13:09 (-05),On Demand,Mayla Wedekind,5,Stretching,Pre & Post-Ride Stretch,5 min Post-Ride Stretch,2024-07-17 23:00 (-05),,,,,,,24,87.62,,
2024-07-24 04:57 (CDT),On Demand,Ben Alldis,20,Strength,Full Body,20 min Strength Roll Call: Full Body,2022-09-26 06:24 (CDT),,,,,,,133,95.02,,
2024-07-24 05:20 (CDT),On Demand,Ben Alldis,10,Stretching,Full Body Stretch,10 min Full Body Stretch,2021-04-28 00:00 (CDT),,,,,,,29,,,
2024-07-26 17:27 (CDT),On Demand,Susie Chan,5,Stretching,Post-Run Stretch,5 min Post-Run Stretch,2022-01-25 03:12 (CDT),,,,,,,15,,,
2024-07-27 10:11 (CDT),On Demand,Kristin McGee,10,Yoga,Focus Flow,10 min Focus Flow: Balancing Poses,2024-04-10 11:27 (CDT),,,,,,,46,,,
2024-07-27 10:24 (CDT),On Demand,Ben Alldis,20,Strength,Full Body,20 min Full Body Strength,2023-11-13 05:30 (CDT),,,,,,,130,94.42,,
2024-07-27 10:48 (CDT),On Demand,Mariana Fernandez,10,Yoga,Focus Flow,10 min Focus Flow: Core,2024-04-10 17:57 (CDT),,,,,,,62,98.00,,
2024-07-27 11:00 (CDT),On Demand,Ben Alldis,10,Stretching,Full Body Stretch,10 min Full Body Stretch,2023-05-08 01:00 (CDT),,,,,,,30,74.03,,
2024-07-27 11:11 (CDT),On Demand,Anna Greenberg,5,Meditation,Mindfulness,5 min Body Scan Meditation,2024-07-09 11:29 (CDT),,,,,,,,,,
2024-07-29 11:26 (-05),On Demand,Leanne Hainsby-Alldis,30,Cycling,Music,30 min 90s Rock Ride,2024-07-23 12:25 (-05),267,148,44%,82,30.33,15.17,316,122.57,,
2024-07-29 11:57 (-05),On Demand,Denis Morton,5,Cycling,Cool Down,5 min Cool Down Ride,2024-07-12 10:00 (-05),20,68,33%,78,21.59,1.78,27,,,
2024-07-29 12:14 (CDT),On Demand,Matt Wilpers,5,Stretching,Pre & Post-Ride Stretch,5 min Post-Ride Stretch,2024-07-23 23:00 (CDT),,,,,,,15,,,
2024-07-30 05:44 (CDT),On Demand,Ben Alldis,20,Strength,Full Body,20 min RUN DMC Full Body Strength,2023-12-14 05:25 (CDT),,,,,,,117,,,
2024-07-30 06:05 (CDT),On Demand,Ben Alldis,10,Stretching,Full Body Stretch,10 min Full Body Stretch,2024-02-14 06:05 (CDT),,,,,,,29,,,
2024-08-01 18:00 (-05),On Demand,Charlotte Weidenbach,30,Cycling,Power Zone,30 min Power Zone Endurance Ride,2024-06-02 23:55 (-05),0,0,0%,0,0,0,0,,,
2024-08-01 18:01 (-05),On Demand,Charlotte Weidenbach,30,Cycling,Power Zone,30 min Power Zone Endurance Ride,2024-02-12 00:56 (-05),279,155,44%,85,30.63,15.31,292,118.38,,
2024-08-01 18:33 (-05),On Demand,Hannah Corbin,5,Cycling,Cool Down,5 min Cool Down Ride,2024-07-10 10:00 (-05),26,88,43%,63,24.05,2.01,35,,,
2024-08-01 18:40 (-05),On Demand,Matt Wilpers,5,Stretching,Pre & Post-Ride Stretch,5 min Post-Ride Stretch,2024-07-23 23:00 (-05),,,,,,,15,,,
2024-08-03 12:44 (CDT),On Demand,Kristin McGee,10,Yoga,Focus Flow,10 min Focus Flow: Balancing Poses,2024-04-10 11:27 (CDT),,,,,,,46,60.38,,
2024-08-03 12:56 (CDT),On Demand,Ben Alldis,20,Strength,Full Body,20 min Full Body Strength,2023-11-13 05:30 (CDT),,,,,,,128,92.18,,
2024-08-03 13:20 (CDT),On Demand,Kirra Michel,10,Yoga,Yoga Basics,10 min Basics: Triangle Pose,2023-03-29 09:00 (CDT),,,,,,,43,,,
2024-08-03 13:32 (CDT),On Demand,Ben Alldis,10,Stretching,Full Body Stretch,10 min Full Body Stretch,2023-11-23 07:25 (CDT),,,,,,,31,70.76,,
2024-08-04 15:55 (-05),On Demand,Bradley Rose,30,Cycling,Intervals,30 min HIIT & Hills Ride,2024-06-15 05:55 (-05),281,156,46%,82,30.76,15.38,264,112.87,,
2024-08-04 16:25 (-05),On Demand,Benny Adami,5,Cycling,Cool Down,5 min Cool Down Ride,2024-05-16 00:15 (-05),28,98,39%,78,25.45,2.04,35,82.49,,
2024-08-04 16:35 (-05),On Demand,Alex Toussaint,5,Stretching,Pre & Post-Ride Stretch,5 min Post-Ride Stretch,2024-07-12 01:00 (-05),,,,,,,14,,,
2024-08-05 11:55 (CDT),On Demand,Ben Alldis,20,Strength,Full Body,20 min Full Body Strength,2024-04-24 05:30 (CDT),,,,,,,120,88.01,,
2024-08-05 12:20 (CDT),On Demand,Kristin McGee,10,Yoga,Focus Flow,10 min Focus Flow: Balancing Poses,2024-04-10 11:27 (CDT),,,,,,,44,,,
2024-08-05 12:31 (CDT),On Demand,Ben Alldis,10,Stretching,Full Body Stretch,10 min Full Body Stretch,2024-02-14 06:05 (CDT),,,,,,,28,,,
2024-08-07 11:39 (CDT),On Demand,Anna Greenberg,5,Meditation,Relaxation,5 min Calming Meditation,2024-06-25 11:29 (CDT),,,,,,,,,,
2024-08-07 16:52 (CDT),On Demand,Ben Alldis,20,Strength,Full Body,20 min Full Body Strength,2023-11-13 05:30 (CDT),,,,,,,113,,,
2024-08-07 17:16 (CDT),On Demand,Kristin McGee,10,Yoga,Focus Flow,10 min Focus Flow: Balancing Poses,2024-04-10 11:27 (CDT),,,,,,,44,,,
2024-08-07 17:26 (CDT),On Demand,Jermaine Johnson,10,Stretching,Full Body Stretch,10 min Full Body Stretch,2024-07-02 01:00 (CDT),,,,,,,28,,,
2024-08-08 16:42 (-05),On Demand,Bradley Rose,30,Cycling,Music,30 min 80s Rock Ride,2024-07-19 11:54 (-05),282,156,46%,80,30.66,15.34,366,,,
2024-08-08 17:12 (-05),On Demand,Ben Alldis,5,Cycling,Cool Down,5 min Cool Down Ride,2024-08-06 23:00 (-05),27,88,33%,94,24.78,2.07,35,,,
2024-08-08 17:19 (-05),On Demand,Olivia Amato,5,Stretching,Pre & Post-Ride Stretch,5 min Post-Ride Stretch,2024-08-06 23:00 (-05),,,,,,,14,,,
2024-08-11 14:09 (CDT),On Demand,Ben Alldis,20,Strength,Full Body,20 min The Stronger You,2024-07-15 05:25 (CDT),,,,,,,118,,,
2024-08-11 14:33 (CDT),On Demand,Kristin McGee,10,Yoga,Focus Flow,10 min Focus Flow: Balancing Poses,2024-04-10 11:27 (CDT),,,,,,,53,93.14,,
2024-08-11 14:45 (CDT),On Demand,Irene Kaymer,10,Stretching,Full Body Stretch,10 min Summer Break Full Body Stretch,2024-07-28 23:00 (CDT),,,,,,,28,,,
2024-08-11 16:14 (CDT),On Demand,Aditi Shah,20,Meditation,Sleep,20 min Sleep Meditation,2024-07-03 10:00 (CDT),,,,,,,,,,
2024-08-12 16:27 (-05),On Demand,Denis Morton,30,Cycling,Music,30 min 80s Ride,2024-08-10 14:26 (-05),261,145,43%,85,29.67,14.84,302,124.55,,
2024-08-12 16:58 (-05),On Demand,Bradley Rose,5,Cycling,Cool Down,5 min Cool Down Ride,2024-07-03 01:00 (-05),22,72,31%,82,21.46,1.79,28,,,
2024-08-12 17:04 (-05),On Demand,Leanne Hainsby-Alldis,5,Stretching,Pre & Post-Ride Stretch,5 min Post-Ride Stretch,2024-08-08 23:00 (-05),,,,,,,14,,,
2024-08-12 21:19 (CDT),On Demand,Kirra Michel,20,Meditation,Sleep,20 min Sleep Meditation,2024-04-02 10:00 (CDT),,,,,,,,,,
2024-08-13 20:10 (CDT),On Demand,Matty Maggiacomo,10,Stretching,Full Body Stretch,10 min Evening Stretch,2024-06-14 15:00 (CDT),,,,,,,28,,,
2024-08-14 05:00 (CDT),On Demand,Aditi Shah,10,Meditation,Morning,10 min Morning Meditation,2024-07-15 06:25 (CDT),,,,,,,,,,
2024-08-14 17:03 (-05),On Demand,Charlotte Weidenbach,30,Cycling,Power Zone,30 min Power Zone Ride,2024-06-30 23:55 (-05),306,170,47%,78,30.76,15.37,397,,,
2024-08-14 17:33 (-05),On Demand,Irene Kaymer,5,Cycling,Cool Down,5 min Cool Down Ride,2024-05-27 10:00 (-05),31,103,40%,75,25.72,2.15,40,,,
2024-08-14 17:40 (-05),On Demand,Leanne Hainsby-Alldis,5,Stretching,Pre & Post-Ride Stretch,5 min Post-Ride Stretch,2024-08-08 23:00 (-05),,,,,,,14,,,
2024-08-14 17:54 (CDT),On Demand,Aditi Shah,5,Meditation,Mindfulness,5 min Body Scan Meditation,2024-07-30 23:00 (CDT),,,,,,,,,,
2024-08-14 21:00 (CDT),On Demand,Anna Greenberg,30,Meditation,Sleep,30 min Sleep Meditation,2024-08-13 23:00 (CDT),,,,,,,,,,
2024-08-15 05:29 (CDT),On Demand,Aditi Shah,10,Meditation,Morning,10 min Morning Meditation,2024-07-15 06:25 (CDT),,,,,,,,,,
2024-08-15 16:49 (CDT),On Demand,Ben Alldis,20,Strength,Full Body,20 min Strength Roll Call: Full Body,2022-09-26 06:24 (CDT),,,,,,,113,,,
2024-08-15 17:11 (CDT),On Demand,Kristin McGee,10,Yoga,Focus Flow,10 min Focus Flow: Balancing Poses,2024-04-10 11:27 (CDT),,,,,,,44,,,
2024-08-15 17:22 (CDT),On Demand,Ben Alldis,10,Stretching,Full Body Stretch,10 min David Bowie Full Body Stretch,2022-01-19 06:51 (CDT),,,,,,,28,,,
2024-08-16 05:16 (CDT),On Demand,Aditi Shah,10,Meditation,Morning,10 min Morning Meditation,2024-07-15 06:25 (CDT),,,,,,,,,,
2024-08-17 06:00 (CDT),On Demand,Aditi Shah,10,Meditation,Morning,10 min Morning Meditation,2024-07-15 06:25 (CDT),,,,,,,,,,
2024-08-17 11:00 (-05),On Demand,Sam Yo,30,Cycling,Music,30 min 2000s Rock Ride,2024-08-12 06:55 (-05),334,186,50%,78,32.65,16.33,318,126.07,,
2024-08-17 11:32 (-05),On Demand,Mila Lazar,5,Cycling,Cool Down,5 min Cool Down Ride,2023-08-17 03:00 (-05),31,102,42%,72,25.82,2.15,40,,,
2024-08-17 11:40 (-05),On Demand,Sam Yo,5,Stretching,Pre & Post-Ride Stretch,5 min Post-Ride Stretch,2024-08-13 23:00 (-05),,,,,,,33,101.09,,
2024-08-17 14:17 (CDT),On Demand,Kristin McGee,15,Meditation,Sleep,15 min Sleep Meditation,2024-03-16 00:00 (CDT),,,,,,,,,,
2024-08-18 05:24 (CDT),On Demand,Aditi Shah,10,Meditation,Morning,10 min Morning Meditation,2024-08-12 06:24 (CDT),,,,,,,,,,
2024-08-18 12:47 (CDT),On Demand,Ben Alldis,20,Strength,Full Body,20 min Strength Roll Call: Full Body,2022-09-26 06:24 (CDT),,,,,,,138,101.91,,
2024-08-18 13:12 (CDT),On Demand,Kristin McGee,10,Yoga,Focus Flow,10 min Focus Flow: Balancing Poses,2024-04-10 11:27 (CDT),,,,,,,45,81.70,,
2024-08-18 13:22 (CDT),On Demand,Ben Alldis,10,Stretching,Full Body Stretch,10 min MOS Ibiza Chillout Full Body,2021-08-16 00:00 (CDT),,,,,,,31,74.57,,
2024-08-18 21:28 (CDT),On Demand,Aditi Shah,20,Meditation,Sleep,20 min Sleep Meditation,2024-07-03 10:00 (CDT),,,,,,,,,,
2024-08-19 05:20 (CDT),On Demand,Aditi Shah,10,Meditation,Morning,10 min Morning Meditation,2024-07-15 06:25 (CDT),,,,,,,,,,
2024-08-19 17:39 (-05),On Demand,Ben Alldis,30,Cycling,Music,30 min Imagine Dragons Ride,2024-08-16 13:25 (-05),334,185,50%,77,32.07,16.04,303,123.62,,
2024-08-19 18:10 (-05),On Demand,Sam Yo,5,Cycling,Cool Down,5 min Cool Down Ride,2024-07-25 23:00 (-05),25,83,41%,65,23.24,1.93,47,117.02,,
2024-08-19 18:17 (-05),On Demand,Leanne Hainsby-Alldis,5,Stretching,Pre & Post-Ride Stretch,5 min Post-Ride Stretch,2024-08-08 23:00 (-05),,,,,,,14,,,
2024-08-19 20:21 (CDT),On Demand,Ben Alldis,10,Stretching,Full Body Stretch,10 min Full Body Stretch,2024-05-06 01:00 (CDT),,,,,,,28,,,
2024-08-20 04:50 (CDT),On Demand,Aditi Shah,10,Meditation,Morning,10 min Morning Meditation,2024-08-19 06:30 (CDT),,,,,,,,,,
2024-08-20 19:52 (CDT),On Demand,Ben Alldis,5,Stretching,Lower Body Stretch,5 min Lower Body Stretch,2023-06-21 05:48 (CDT),,,,,,,14,,,
2024-08-20 19:58 (CDT),On Demand,Ben Alldis,5,Stretching,Upper Body Stretch,5 min Upper Body Stretch,2023-01-25 06:05 (CDT),,,,,,,14,,,
2024-08-21 06:04 (CDT),On Demand,Aditi Shah,10,Meditation,Morning,10 min Morning Meditation,2024-08-05 06:24 (CDT),,,,,,,,61.54,,
2024-08-21 11:31 (CDT),On Demand,Ben Alldis,20,Strength,Full Body,20 min Full Body Strength,2023-11-13 05:30 (CDT),,,,,,,113,,,
2024-08-21 11:57 (CDT),On Demand,Kristin McGee,10,Yoga,Focus Flow,10 min Focus Flow: Balancing Poses,2024-04-10 11:27 (CDT),,,,,,,44,,,
2024-08-21 12:08 (CDT),On Demand,Ben Alldis,10,Stretching,Full Body Stretch,10 min MOS Ibiza Chillout Full Body,2021-08-16 00:00 (CDT),,,,,,,28,,,
2024-08-22 05:27 (CDT),On Demand,Aditi Shah,10,Meditation,Morning,10 min Morning Meditation,2024-07-15 06:25 (CDT),,,,,,,,,,
2024-08-22 17:09 (-05),On Demand,Denis Morton,30,Cycling,Power Zone,30 min Power Zone Endurance Ride,2024-06-29 14:25 (-05),274,152,46%,78,30.00,15.00,356,,,
2024-08-22 17:39 (-05),On Demand,Jenn Sherman,5,Cycling,Cool Down,5 min Cool Down Ride,2024-08-20 23:00 (-05),26,88,36%,79,24.03,2.01,34,,,
2024-08-22 17:47 (-05),On Demand,Leanne Hainsby-Alldis,5,Stretching,Pre & Post-Ride Stretch,5 min Post-Ride Stretch,2024-08-08 23:00 (-05),,,,,,,14,,,
2024-08-22 21:05 (CDT),On Demand,Kirra Michel,20,Meditation,Sleep,20 min Sleep Meditation,2024-08-20 23:00 (CDT),,,,,,,,,,
2024-08-23 05:05 (CDT),On Demand,Aditi Shah,10,Meditation,Morning,10 min Morning Meditation,2024-07-15 06:25 (CDT),,,,,,,,,,
2024-08-24 05:50 (CDT),On Demand,Aditi Shah,10,Meditation,Morning,10 min Morning Meditation,2024-07-15 06:25 (CDT),,,,,,,,,,
2024-08-24 11:17 (-05),On Demand,Matt Wilpers,5,Cycling,Warm Up,5 min Warm Up Ride,2024-08-19 23:00 (-05),28,95,35%,88,25.01,2.08,37,,,
2024-08-24 11:25 (-05),On Demand,Charlotte Weidenbach,30,Cycling,Music,30 min Pop Punk Ride,2024-08-20 00:00 (-05),340,189,48%,84,32.89,16.44,317,124.82,,
2024-08-24 11:57 (-05),On Demand,Mila Lazar,5,Cycling,Cool Down,5 min Cool Down Ride,2024-08-21 23:00 (-05),27,91,39%,75,24.47,2.04,35,,,
2024-08-24 12:04 (-05),On Demand,Leanne Hainsby-Alldis,5,Stretching,Pre & Post-Ride Stretch,5 min Post-Ride Stretch,2024-08-08 23:00 (-05),,,,,,,41,111.18,,
2024-08-24 13:46 (CDT),On Demand,Aditi Shah,20,Meditation,Sleep,20 min Sleep Meditation,2024-07-03 10:00 (CDT),,,,,,,,,,
2024-08-25 05:52 (CDT),On Demand,Aditi Shah,10,Meditation,Morning,10 min Morning Meditation,2024-07-15 06:25 (CDT),,,,,,,,,,
2024-08-25 10:27 (CDT),On Demand,Rebecca Kennedy,20,Strength,Full Body,20 min Strength Roll Call: Full Body,2023-08-07 06:27 (CDT),,,,,,,117,87.94,,
2024-08-25 10:51 (CDT),On Demand,Kristin McGee,10,Yoga,Focus Flow,10 min Focus Flow: Balancing Poses,2024-04-10 11:27 (CDT),,,,,,,44,76.69,,
2024-08-25 11:03 (CDT),On Demand,Anna Greenberg,5,Yoga,Yoga Anywhere,5 min Standing Yoga,2022-04-21 09:00 (CDT),,,,,,,22,,,
2024-08-25 11:10 (CDT),On Demand,Ben Alldis,10,Stretching,Full Body Stretch,10 min Full Body Stretch,2024-03-11 07:28 (CDT),,,,,,,28,69.18,,
2024-08-26 05:26 (CDT),On Demand,Aditi Shah,10,Meditation,Morning,10 min Morning Meditation,2024-07-22 06:24 (CDT),,,,,,,,,,
2024-08-26 10:38 (-05),On Demand,Ben Alldis,30,Cycling,Power Zone,30 min Power Zone Endurance Rock Ride,2022-05-03 13:00 (-05),0,0,0%,0,0,0,0,,,
2024-08-26 12:12 (-05),On Demand,Mayla Wedekind,5,Stretching,Pre & Post-Ride Stretch,5 min Pre-Ride Warm Up,2024-08-21 23:00 (-05),,,,,,,28,,,
2024-08-26 12:20 (-05),On Demand,Charlotte Weidenbach,30,Cycling,Power Zone,30 min Power Zone Endurance Ride,2023-11-21 01:00 (-05),306,170,44%,88,31.90,15.95,266,112.83,,
2024-08-26 12:51 (-05),On Demand,Ben Alldis,5,Cycling,Cool Down,5 min Cool Down Ride,2024-05-22 01:00 (-05),35,116,39%,85,27.64,2.30,40,109.33,,
2024-08-26 12:59 (-05),On Demand,Leanne Hainsby-Alldis,5,Stretching,Pre & Post-Ride Stretch,5 min Post-Ride Stretch,2024-08-08 23:00 (-05),,,,,,,19,84.68,,
2024-08-27 05:05 (CDT),On Demand,Aditi Shah,10,Meditation,Morning,10 min Morning Meditation,2024-07-22 06:24 (CDT),,,,,,,,50.33,,
2024-08-28 05:20 (CDT),On Demand,Aditi Shah,10,Meditation,Morning,10 min Morning Meditation,2024-07-22 06:24 (CDT),,,,,,,,,,
2024-08-28 16:15 (-05),On Demand,Denis Morton,30,Cycling,Power Zone,30 min Power Zone Rock Ride,2024-08-27 16:30 (-05),284,158,48%,74,30.50,15.25,256,112.36,,
2024-08-28 16:46 (-05),On Demand,Bradley Rose,5,Cycling,Cool Down,5 min Cool Down Ride,2024-07-03 01:00 (-05),23,77,30%,90,22.73,1.89,34,101.27,,
2024-08-28 16:53 (-05),On Demand,Leanne Hainsby-Alldis,5,Stretching,Pre & Post-Ride Stretch,5 min Post-Ride Stretch,2024-08-08 23:00 (-05),,,,,,,17,82.05,,
2024-08-29 05:25 (CDT),On Demand,Aditi Shah,10,Meditation,Morning,10 min Morning Meditation,2024-08-05 06:24 (CDT),,,,,,,,,,
2024-08-30 05:45 (CDT),On Demand,Aditi Shah,10,Meditation,Morning,10 min Morning Meditation,2024-07-22 06:24 (CDT),,,,,,,,,,
2024-08-31 06:16 (CDT),On Demand,Aditi Shah,10,Meditation,Morning,10 min Morning Meditation,2024-07-22 06:24 (CDT),,,,,,,,,,
2024-09-01 06:53 (CDT),On Demand,Aditi Shah,10,Meditation,Morning,10 min Morning Meditation,2024-08-19 06:30 (CDT),,,,,,,,,,
2024-09-02 06:05 (CDT),On Demand,Aditi Shah,10,Meditation,Morning,10 min Morning Meditation,2024-08-05 06:24 (CDT),,,,,,,,,,
2024-09-02 06:17 (CDT),On Demand,Aditi Shah,5,Meditation,Morning,5 min Morning Meditation,2024-04-22 06:30 (CDT),,,,,,,,,,
2024-09-02 11:10 (CDT),On Demand,Ben Alldis,10,Stretching,Full Body Stretch,10 min Full Body Stretch,2024-05-06 01:00 (CDT),,,,,,,28,,,
2024-09-03 05:15 (CDT),On Demand,Aditi Shah,10,Meditation,Morning,10 min Morning Meditation,2024-07-15 06:25 (CDT),,,,,,,,,,
2024-09-03 17:18 (-05),On Demand,Mayla Wedekind,30,Cycling,Low Impact,30 min Low Impact Ride,2024-08-10 05:55 (-05),208,116,40%,82,27.33,13.66,196,93.34,,
2024-09-03 17:50 (-05),On Demand,Mila Lazar,5,Cycling,Cool Down,5 min Cool Down Ride,2024-08-21 23:00 (-05),26,88,38%,77,24.49,2.04,29,93.57,,
2024-09-03 17:57 (-05),On Demand,Benny Adami,5,Stretching,Pre & Post-Ride Stretch,5 min Post-Ride Stretch,2024-08-21 23:00 (-05),,,,,,,14,,,
2024-09-04 05:39 (CDT),On Demand,Aditi Shah,10,Meditation,Morning,10 min Morning Meditation,2024-07-15 06:25 (CDT),,,,,,,,,,
2024-09-04 17:15 (CDT),On Demand,Ben Alldis,10,Strength,Upper Body,10 min Upper Body Strength,2024-03-21 06:50 (CDT),,,,,,,57,61.50,,
2024-09-04 17:34 (CDT),On Demand,Kristin McGee,10,Yoga,Focus Flow,10 min Focus Flow: Balancing Poses,2024-04-10 11:27 (CDT),,,,,,,44,62.94,,
2024-09-04 17:45 (CDT),On Demand,Ben Alldis,10,Stretching,Full Body Stretch,10 min Full Body Stretch,2022-05-09 06:18 (CDT),,,,,,,29,63.89,,
2024-09-05 05:25 (CDT),On Demand,Aditi Shah,10,Meditation,Morning,10 min Morning Meditation,2024-09-03 06:24 (CDT),,,,,,,,,,
2024-09-06 05:17 (CDT),On Demand,Aditi Shah,10,Meditation,Morning,10 min Morning Meditation,2024-09-03 06:24 (CDT),,,,,,,,,,
2024-09-06 16:29 (-05),On Demand,Bradley Rose,30,Cycling,Low Impact,30 min Low Impact Ride,2024-08-15 23:00 (-05),186,103,37%,86,26.30,13.15,186,93.43,,
2024-09-06 17:01 (-05),On Demand,Camila Ramon,5,Cycling,Cool Down,5 min Cool Down Ride,2024-09-03 23:00 (-05),31,103,41%,74,25.54,2.13,42,100.72,,
2024-09-06 17:08 (-05),On Demand,Emma Lovewell,5,Stretching,Pre & Post-Ride Stretch,5 min Post-Ride Stretch,2024-09-03 23:00 (-05),,,,,,,14,,,
2024-09-07 05:38 (CDT),On Demand,Aditi Shah,10,Meditation,Morning,10 min Morning Meditation,2024-09-03 06:24 (CDT),,,,,,,,,,
2024-09-07 12:28 (CDT),On Demand,Ben Alldis,10,Strength,Upper Body,10 min Upper Body Strength,2024-03-21 06:50 (CDT),,,,,,,56,78.61,,
2024-09-07 12:41 (CDT),On Demand,Kristin McGee,10,Yoga,Focus Flow,10 min Focus Flow: Balancing Poses,2024-04-10 11:27 (CDT),,,,,,,44,68.76,,
2024-09-07 12:54 (CDT),On Demand,Adrian Williams,10,Stretching,Full Body Stretch,10 min Full Body Stretch,2024-06-21 01:00 (CDT),,,,,,,28,63.49,,
2024-09-07 13:04 (CDT),On Demand,Adrian Williams,5,Stretching,Upper Body Stretch,5 min Upper Body Stretch,2024-07-10 01:00 (CDT),,,,,,,14,,,
2024-09-07 15:02 (CDT),On Demand,Aditi Shah,10,Meditation,Sleep,10 min Sleep Meditation,2024-08-27 23:00 (CDT),,,,,,,,68.66,,
2024-09-08 06:32 (CDT),On Demand,Kirra Michel,10,Meditation,Morning,10 min Morning Meditation,2022-04-26 23:00 (CDT),,,,,,,,,,
2024-09-08 12:43 (CDT),On Demand,Susie Chan,10,Stretching,Post-Run Stretch,10 min AFO Post Run Stretch: Muse,2022-08-19 09:00 (CDT),,,,,,,28,,,
2024-09-09 05:09 (CDT),On Demand,Kirra Michel,10,Meditation,Morning,10 min Morning Meditation,2022-04-26 23:00 (CDT),,,,,,,,,,
2024-09-10 05:33 (CDT),On Demand,Aditi Shah,10,Meditation,Morning,10 min Morning Meditation,2024-07-15 06:25 (CDT),,,,,,,,,,
2024-09-10 16:55 (CDT),On Demand,Ben Alldis,20,Strength,Full Body,20 min Tropical House Full Body Strength,2024-08-25 05:55 (CDT),,,,,,,110,86.21,,
2024-09-10 17:23 (CDT),On Demand,Kristin McGee,10,Yoga,Focus Flow,10 min Focus Flow: Balancing Poses,2024-04-10 11:27 (CDT),,,,,,,44,70.98,,
2024-09-10 17:38 (CDT),On Demand,Ben Alldis,10,Stretching,Full Body Stretch,10 min Full Body Stretch,2022-05-09 06:18 (CDT),,,,,,,29,64.76,,
2024-09-11 05:31 (CDT),On Demand,Aditi Shah,10,Meditation,Morning,10 min Morning Meditation,2024-02-12 06:22 (CDT),,,,,,,,,,
2024-09-11 16:48 (-05),On Demand,Charlotte Weidenbach,30,Cycling,Power Zone,30 min Power Zone Endurance Ride,2024-09-06 01:25 (-05),275,153,45%,81,30.44,15.22,248,106.89,,
2024-09-11 17:19 (-05),On Demand,Jenn Sherman,5,Cycling,Cool Down,5 min Cool Down Ride,2024-08-20 23:00 (-05),29,98,36%,85,25.59,2.13,35,100.88,,
2024-09-11 17:26 (-05),On Demand,Emma Lovewell,5,Stretching,Pre & Post-Ride Stretch,5 min Post-Ride Stretch,2024-09-03 23:00 (-05),,,,,,,14,,,
2024-09-12 05:34 (CDT),On Demand,Aditi Shah,10,Meditation,Morning,10 min Morning Meditation,2024-07-15 06:25 (CDT),,,,,,,,,,
2024-09-13 05:34 (CDT),On Demand,Aditi Shah,10,Meditation,Morning,10 min Morning Meditation,2024-02-12 06:22 (CDT),,,,,,,,53.30,,
2024-09-13 17:14 (-05),On Demand,Bradley Rose,30,Cycling,Music,30 min 90s Rock Ride,2024-08-29 12:30 (-05),291,162,47%,80,31.36,15.68,280,117.17,,
2024-09-13 17:45 (-05),On Demand,Bradley Rose,30,Cycling,Music,30 min 90s Rock Ride,2024-08-29 12:30 (-05),9,97,36%,85,25.43,0.69,12,,,
2024-09-13 17:47 (-05),On Demand,Bradley Rose,5,Cycling,Cool Down,5 min Cool Down Ride,2024-09-10 23:00 (-05),34,115,43%,74,27.33,2.27,45,,,
2024-09-13 17:54 (-05),On Demand,Benny Adami,5,Stretching,Pre & Post-Ride Stretch,5 min Post-Ride Stretch,2024-08-21 23:00 (-05),,,,,,,14,,,
2024-09-14 05:59 (CDT),On Demand,Aditi Shah,10,Meditation,Morning,10 min Morning Meditation,2024-07-08 06:24 (CDT),,,,,,,,,,
2024-09-14 11:43 (CDT),On Demand,Ben Alldis,20,Strength,Full Body,20 min Tropical House Full Body Strength,2024-08-25 05:55 (CDT),,,,,,,113,86.61,,
2024-09-14 12:09 (CDT),On Demand,Hannah Corbin,10,Strength,Barre,10 min Barre,2021-06-09 09:00 (CDT),,,,,,,57,,,
2024-09-14 12:21 (CDT),On Demand,Ben Alldis,10,Stretching,Full Body Stretch,10 min Full Body Stretch,2024-05-06 01:00 (CDT),,,,,,,30,73.50,,
2024-09-14 17:00 (CDT),On Demand,Kristin McGee,10,Yoga,Yoga Anywhere,10 min Chair Yoga,2022-01-06 09:00 (CDT),,,,,,,22,,,
2024-09-15 05:33 (CDT),On Demand,Aditi Shah,10,Meditation,Morning,10 min Morning Meditation,2024-07-08 06:24 (CDT),,,,,,,,,,
2024-09-15 08:54 (-05),On Demand,Olivia Amato,5,Cycling,Warm Up,5 min Warm Up Ride,2024-09-02 23:00 (-05),39,131,39%,87,28.23,2.35,35,91.67,,
2024-09-15 09:01 (-05),On Demand,Leanne Hainsby-Alldis,20,Cycling,Intervals,20 min Tabata Ride,2024-09-02 05:24 (-05),245,204,50%,82,34.01,11.33,240,135.30,,
2024-09-15 09:22 (-05),On Demand,Matt Wilpers,5,Cycling,Cool Down,5 min Cool Down Ride,2024-09-12 23:00 (-05),17,56,26%,90,19.61,1.64,44,102.93,,
2024-09-15 09:28 (-05),On Demand,Alex Toussaint,5,Stretching,Pre & Post-Ride Stretch,5 min Post-Ride Stretch,2024-09-12 23:00 (-05),,,,,,,23,104.12,,
2024-09-16 05:47 (CDT),On Demand,Anna Greenberg,10,Meditation,Morning,10 min Morning Meditation,2024-08-26 23:00 (CDT),,,,,,,,,,
2024-09-16 05:49 (CDT),On Demand,Aditi Shah,10,Meditation,Morning,10 min Morning Meditation,2024-07-15 06:25 (CDT),,,,,,,,,,
2024-09-16 17:30 (CDT),On Demand,Ben Alldis,20,Strength,Full Body,20 min Full Body Strength,2024-09-16 05:25 (CDT),,,,,,,111,79.11,,
2024-09-16 17:53 (CDT),On Demand,Kristin McGee,10,Yoga,Focus Flow,10 min Focus Flow: Balancing Poses,2024-04-10 11:27 (CDT),,,,,,,44,75.33,,
2024-09-16 18:10 (CDT),On Demand,Ben Alldis,10,Stretching,Full Body Stretch,10 min Full Body Stretch,2022-09-12 06:27 (CDT),,,,,,,28,,,
2024-09-17 05:08 (CDT),On Demand,Aditi Shah,10,Meditation,Morning,10 min Morning Meditation,2024-06-24 06:24 (CDT),,,,,,,,49.79,,
2024-09-18 05:22 (CDT),On Demand,Aditi Shah,10,Meditation,Morning,10 min Morning Meditation,2024-06-24 06:24 (CDT),,,,,,,,,,
2024-09-18 16:53 (-05),On Demand,Bradley Rose,30,Cycling,Music,30 min Metal Ride,2024-09-03 13:55 (-05),295,164,45%,85,31.02,15.51,260,111.65,,
2024-09-18 17:24 (-05),On Demand,Mila Lazar,5,Cycling,Cool Down,5 min Cool Down Ride,2024-08-21 23:00 (-05),27,91,39%,73,24.59,2.05,35,,,
2024-09-18 17:32 (-05),On Demand,Mila Lazar,5,Stretching,Pre & Post-Ride Stretch,5 min Post-Ride Stretch,2024-09-11 23:00 (-05),,,,,,,14,,,
2024-09-19 05:44 (CDT),On Demand,Aditi Shah,10,Meditation,Morning,10 min Morning Meditation,2024-07-15 06:25 (CDT),,,,,,,,,,
2024-09-19 15:36 (CDT),On Demand,Ross Rayburn,5,Meditation,Mindfulness,5 min Body Scan Meditation,2024-03-20 10:00 (CDT),,,,,,,,,,
2024-09-20 05:31 (CDT),On Demand,Chelsea Jackson Roberts,10,Meditation,Morning,10 min Morning Meditation,2024-09-19 06:55 (CDT),,,,,,,,,,
2024-09-20 17:52 (-05),On Demand,Bradley Rose,30,Cycling,Music,30 min 90s Rock Ride,2024-09-20 05:25 (-05),297,165,44%,88,31.60,15.80,324,128.84,,
2024-09-20 18:22 (-05),On Demand,Bradley Rose,5,Cycling,Cool Down,5 min Cool Down Ride,2023-06-30 01:00 (-05),33,110,40%,79,26.76,2.23,50,123.21,,
2024-09-20 18:30 (-05),On Demand,Ben Alldis,5,Stretching,Pre & Post-Ride Stretch,5 min Post Ride Stretch,2024-09-19 23:00 (-05),,,,,,,30,98.70,,
2024-09-21 05:35 (CDT),On Demand,Aditi Shah,10,Meditation,Morning,10 min Morning Meditation,2024-07-08 06:24 (CDT),,,,,,,,,,
2024-09-21 12:00 (CDT),On Demand,Ben Alldis,20,Strength,Full Body,20 min Full Body Strength,2024-09-07 23:00 (CDT),,,,,,,112,83.07,,
2024-09-21 12:27 (CDT),On Demand,Hannah Corbin,10,Strength,Barre,10 min Barre,2021-06-09 09:00 (CDT),,,,,,,57,,,
2024-09-21 12:37 (CDT),On Demand,Logan Aldridge,10,Stretching,Full Body Stretch,10 min Full Body Stretch,2024-09-15 23:00 (CDT),,,,,,,28,,,
2024-09-21 16:31 (CDT),On Demand,Anna Greenberg,10,Yoga,Yoga Anywhere,10 min Chair Yoga,2023-12-12 10:55 (CDT),,,,,,,34,,,
2024-09-22 06:48 (CDT),On Demand,Chelsea Jackson Roberts,10,Meditation,Morning,10 min Morning Meditation,2024-09-19 06:55 (CDT),,,,,,,,48.39,,
2024-09-22 16:24 (-05),On Demand,Sam Yo,30,Cycling,Power Zone,30 min Power Zone 80s Rock Ride,2024-04-03 01:00 (-05),304,169,45%,83,31.15,15.57,284,117.25,,
2024-09-22 16:54 (-05),On Demand,Leanne Hainsby-Alldis,5,Cycling,Cool Down,5 min Cool Down Ride,2024-09-19 23:00 (-05),31,102,39%,78,25.77,2.15,45,116.16,,
2024-09-22 17:01 (-05),On Demand,Ben Alldis,5,Stretching,Pre & Post-Ride Stretch,5 min Post Ride Stretch,2024-09-19 23:00 (-05),,,,,,,29,96.54,,
2024-09-23 05:36 (CDT),On Demand,Chelsea Jackson Roberts,10,Meditation,Morning,10 min Morning Meditation,2024-09-19 06:55 (CDT),,,,,,,,,,
2024-09-24 05:39 (CDT),On Demand,Chelsea Jackson Roberts,10,Meditation,Morning,10 min Morning Meditation,2024-09-19 06:55 (CDT),,,,,,,,,,
2024-09-24 16:52 (-05),On Demand,Mayla Wedekind,5,Stretching,Pre & Post-Ride Stretch,5 min Pre-Ride Warm Up,2024-08-21 23:00 (-05),,,,,,,28,,,
2024-09-24 17:00 (-05),On Demand,Mayla Wedekind,30,Cycling,Music,30 min Rock Ride,2024-09-21 02:00 (-05),286,159,46%,83,30.93,15.46,263,114.78,,
2024-09-24 17:30 (-05),On Demand,Charlotte Weidenbach,5,Cycling,Cool Down,5 min Cool Down Ride,2024-09-18 23:00 (-05),35,115,42%,76,27.31,2.28,41,112.08,,
2024-09-24 17:38 (-05),On Demand,Jenn Sherman,5,Stretching,Pre & Post-Ride Stretch,5 min Post-Ride Stretch,2021-10-18 10:00 (-05),,,,,,,17,82.10,,
2024-09-25 05:45 (CDT),On Demand,Chelsea Jackson Roberts,10,Meditation,Morning,10 min Morning Meditation,2024-09-19 06:55 (CDT),,,,,,,,52.33,,
2024-09-25 14:22 (CDT),On Demand,Anna Greenberg,5,Meditation,Mindfulness,5 min Body Scan Meditation,2024-08-19 23:00 (CDT),,,,,,,,,,
2024-09-26 05:40 (CDT),On Demand,Aditi Shah,10,Meditation,Morning,10 min Morning Meditation,2024-07-15 06:25 (CDT),,,,,,,,,,
2024-09-26 17:39 (CDT),On Demand,Ben Alldis,20,Strength,Full Body,20 min Full Body Strength,2024-04-24 05:30 (CDT),,,,,,,115,88.30,,
2024-09-26 18:02 (CDT),On Demand,Chelsea Jackson Roberts,10,Yoga,Focus Flow,10 min Focus Flow: Balancing Poses,2023-10-23 18:07 (CDT),,,,,,,38,,,
2024-09-26 18:14 (CDT),On Demand,Callie Gullickson,10,Stretching,Full Body Stretch,10 min Full Body Stretch,2024-05-01 01:00 (CDT),,,,,,,28,,,
2024-09-27 05:22 (CDT),On Demand,Aditi Shah,10,Meditation,Morning,10 min Morning Meditation,2024-05-13 06:23 (CDT),,,,,,,,,,
2024-09-27 17:11 (-05),On Demand,Leanne Hainsby-Alldis,30,Cycling,Music,30 min Shakira Ride,2024-09-26 10:55 (-05),301,167,46%,84,31.66,15.83,315,125.33,,
2024-09-27 17:42 (-05),On Demand,Charlotte Weidenbach,5,Cycling,Cool Down,5 min Cool Down Ride,2024-09-18 23:00 (-05),35,118,42%,76,27.33,2.28,46,,,
2024-09-27 17:49 (-05),On Demand,Mila Lazar,5,Stretching,Pre & Post-Ride Stretch,5 min Post-Ride Stretch,2024-09-11 23:00 (-05),,,,,,,14,,,
2024-09-28 05:25 (CDT),On Demand,Aditi Shah,10,Meditation,Morning,10 min Morning Meditation,2024-02-12 06:22 (CDT),,,,,,,,,,
2024-09-29 06:43 (CDT),On Demand,Chelsea Jackson Roberts,10,Meditation,Morning,10 min Morning Meditation,2024-09-19 06:55 (CDT),,,,,,,,,,
2024-09-29 12:18 (CDT),On Demand,Ben Alldis,20,Strength,Full Body,20 min Strength Roll Call: Full Body,2023-01-23 06:24 (CDT),,,,,,,141,99.77,,
2024-09-29 12:43 (CDT),On Demand,Kristin McGee,10,Yoga,Focus Flow,10 min Focus Flow: Balancing Poses,2024-04-10 11:27 (CDT),,,,,,,44,76.45,,
2024-09-29 12:54 (CDT),On Demand,Ben Alldis,10,Stretching,Full Body Stretch,10 min Full Body Stretch,2023-01-11 06:09 (CDT),,,,,,,28,,,
2024-09-30 05:08 (CDT),On Demand,Aditi Shah,10,Meditation,Morning,10 min Morning Meditation,2024-07-15 06:25 (CDT),,,,,,,,,,
2024-09-30 17:28 (-05),On Demand,Ben Alldis,30,Cycling,Music,30 min Coldplay Ride,2024-09-26 12:55 (-05),347,193,52%,76,33.29,16.65,325,127.30,,
2024-09-30 18:04 (-05),On Demand,Matt Wilpers,5,Cycling,Cool Down,5 min Cool Down Ride,2024-09-12 23:00 (-05),20,65,30%,87,21.65,1.80,35,95.58,,
2024-09-30 18:13 (-05),On Demand,Bradley Rose,5,Stretching,Pre & Post-Ride Stretch,5 min Post-Ride Stretch,2023-12-22 02:00 (-05),,,,,,,14,,,
2024-10-01 05:20 (CDT),On Demand,Aditi Shah,10,Meditation,Morning,10 min Morning Meditation,2024-07-15 06:25 (CDT),,,,,,,,,,
2024-10-01 17:32 (CDT),On Demand,Ben Alldis,20,Strength,Full Body,20 min Full Body Strength,2024-04-24 05:30 (CDT),,,,,,,113,,,
2024-10-01 17:55 (CDT),On Demand,Kristin McGee,10,Yoga,Focus Flow,10 min Focus Flow: Balancing Poses,2024-04-10 11:27 (CDT),,,,,,,44,,,
2024-10-01 18:09 (CDT),On Demand,Marcel Maurer,10,Stretching,Full Body Stretch,10 min Coldplay Full Body Stretch,2024-09-26 11:35 (CDT),,,,,,,28,,,
2024-10-02 05:05 (CDT),On Demand,Aditi Shah,10,Meditation,Morning,10 min Morning Meditation,2024-10-01 06:25 (CDT),,,,,,,,,,
2024-10-02 12:48 (CDT),On Demand,Aditi Shah,5,Meditation,Morning,5 min Morning Meditation,2024-09-10 06:30 (CDT),,,,,,,,,,
2024-10-02 17:12 (-05),On Demand,Mayla Wedekind,30,Cycling,Music,30 min Rock Ride,2024-09-21 02:00 (-05),280,155,45%,82,30.38,15.19,253,110.84,,
2024-10-02 17:43 (-05),On Demand,Charlotte Weidenbach,5,Cycling,Cool Down,5 min Cool Down Ride,2024-09-18 23:00 (-05),32,107,43%,70,25.79,2.15,42,,,
2024-10-02 17:50 (-05),On Demand,Jenn Sherman,5,Stretching,Pre & Post-Ride Stretch,5 min Post-Ride Stretch,2021-10-18 10:00 (-05),,,,,,,22,86.56,,
2024-10-03 05:18 (CDT),On Demand,Aditi Shah,10,Meditation,Morning,10 min Morning Meditation,2024-07-15 06:25 (CDT),,,,,,,,,,
2024-10-04 05:53 (CDT),On Demand,Chelsea Jackson Roberts,10,Meditation,Morning,10 min Morning Meditation,2024-09-19 06:55 (CDT),,,,,,,,,,
2024-10-04 17:37 (-05),On Demand,Ben Alldis,30,Cycling,Music,30 min Coldplay Ride,2024-09-26 12:55 (-05),366,204,53%,75,34.00,17.00,340,131.07,,
2024-10-04 18:08 (-05),On Demand,Denis Morton,5,Cycling,Cool Down,5 min Cool Down Ride,2024-10-01 23:00 (-05),19,63,31%,80,20.89,1.74,37,113.40,,
2024-10-04 18:16 (-05),On Demand,Charlotte Weidenbach,5,Stretching,Pre & Post-Ride Stretch,5 min Post-Ride Stretch,2024-09-25 23:00 (-05),,,,,,,14,,,
2024-10-05 06:36 (CDT),On Demand,Aditi Shah,10,Meditation,Morning,10 min Morning Meditation,2023-12-04 06:24 (CDT),,,,,,,,,,
2024-10-05 12:13 (CDT),On Demand,Hannah Corbin,10,Strength,Barre,10 min Barre,2021-06-09 09:00 (CDT),,,,,,,57,,,
2024-10-05 12:32 (CDT),On Demand,Callie Gullickson,20,Strength,Full Body,20 min Full Body Strength,2024-10-03 10:54 (CDT),,,,,,,110,77.42,,
2024-10-05 12:55 (CDT),On Demand,Ben Alldis,10,Stretching,Full Body Stretch,10 min AFO Full Body: Gorgon City,2021-07-01 11:00 (CDT),,,,,,,30,64.46,,
2024-10-06 06:30 (CDT),On Demand,Aditi Shah,10,Meditation,Morning,10 min Morning Meditation,2024-07-15 06:25 (CDT),,,,,,,,,,
2024-10-06 18:04 (-05),On Demand,Bradley Rose,30,Cycling,Music,30 min Green Day Ride,2024-02-15 14:30 (-05),302,168,47%,82,31.79,15.90,322,126.68,,
2024-10-06 18:35 (-05),On Demand,Ally Love,5,Cycling,Cool Down,5 min AFO Cool Down Ride: Tina Turner,2021-07-03 07:00 (-05),38,126,44%,74,28.16,2.35,48,78.39,,
2024-10-06 18:41 (-05),On Demand,Denis Morton,5,Stretching,Pre & Post-Ride Stretch,5 min AFO Stretch: Carrie Underwood,2022-08-19 09:00 (-05),,,,,,,25,63.83,,
2024-10-07 07:48 (CDT),On Demand,Aditi Shah,10,Meditation,Morning,10 min Morning Meditation,2023-12-04 06:24 (CDT),,,,,,,,,,
2024-10-08 06:24 (CDT),On Demand,Chelsea Jackson Roberts,10,Meditation,Morning,10 min Morning Meditation,2024-09-19 06:55 (CDT),,,,,,,,,,
2024-10-08 17:36 (-05),On Demand,Charlotte Weidenbach,30,Cycling,Power Zone,30 min Power Zone Endurance Ride,2024-09-06 01:25 (-05),288,160,44%,85,31.22,15.61,254,109.61,,
2024-10-08 18:07 (-05),On Demand,Charlotte Weidenbach,5,Cycling,Cool Down,5 min Cool Down Ride,2024-09-18 23:00 (-05),34,115,40%,82,27.47,2.28,36,105.09,,
2024-10-08 18:15 (-05),On Demand,Jenn Sherman,5,Stretching,Pre & Post-Ride Stretch,5 min Post-Ride Stretch,2021-10-18 10:00 (-05),,,,,,,14,,,
2024-10-09 12:07 (CDT),On Demand,Aditi Shah,5,Meditation,Mindfulness,5 min Body Scan Meditation,2024-07-30 23:00 (CDT),,,,,,,,,,
2024-10-09 17:56 (CDT),On Demand,Rebecca Kennedy,20,Strength,Full Body,20 min Full Body Strength,2024-08-05 06:26 (CDT),,,,,,,113,,,
2024-10-09 18:20 (CDT),On Demand,Kristin McGee,10,Yoga,Focus Flow,10 min Focus Flow: Balancing Poses,2024-04-10 11:27 (CDT),,,,,,,44,,,
2024-10-09 18:33 (CDT),On Demand,Ben Alldis,10,Stretching,Full Body Stretch,10 min Full Body Stretch,2024-02-14 06:05 (CDT),,,,,,,,,,
2024-10-09 18:35 (CDT),On Demand,Ben Alldis,10,Stretching,Full Body Stretch,10 min Full Body Stretch,2024-02-14 06:05 (CDT),,,,,,,28,,,
2024-10-10 05:26 (CDT),On Demand,Aditi Shah,10,Meditation,Morning,10 min Morning Meditation,2024-07-15 06:25 (CDT),,,,,,,,,,
2024-10-11 05:20 (CDT),On Demand,Anna Greenberg,10,Meditation,Theme,10 min World Mental Health Meditation,2024-10-09 23:00 (CDT),,,,,,,,,,
2024-10-11 17:02 (-05),On Demand,Ben Alldis,30,Cycling,Music,30 min Coldplay Ride,2024-09-26 12:55 (-05),367,204,53%,74,33.69,16.85,346,132.73,,
2024-10-11 17:36 (-05),On Demand,Ben Alldis,5,Cycling,Cool Down,5 min Cool Down Ride,2024-10-03 23:00 (-05),18,59,33%,74,20.19,1.68,44,116.17,,
2024-10-11 17:43 (-05),On Demand,Jenn Sherman,5,Stretching,Pre & Post-Ride Stretch,5 min Post-Ride Stretch,2021-10-18 10:00 (-05),,,,,,,14,,,
2024-10-12 12:05 (CDT),On Demand,Jess Sims,20,Strength,Full Body,20 min Black Around the World Full Body,2024-10-08 23:00 (CDT),,,,,,,113,,,
2024-10-12 12:29 (CDT),On Demand,Selena Samuela,5,Strength,Core,5 min Core Strength,2024-09-09 23:00 (CDT),,,,,,,28,,,
2024-10-12 12:37 (CDT),On Demand,Rebecca Kennedy,10,Stretching,Full Body Stretch,10 min Coldplay Full Body Stretch,2024-10-08 23:00 (CDT),,,,,,,28,,,
2024-10-12 12:50 (CDT),On Demand,Aditi Shah,10,Meditation,Morning,10 min Morning Meditation,2024-10-08 06:24 (CDT),,,,,,,,,,
2024-10-13 06:43 (CDT),On Demand,Kirra Michel,10,Meditation,Morning,10 min Morning Meditation,2024-07-10 10:00 (CDT),,,,,,,,,,
2024-10-13 16:20 (-05),On Demand,Mayla Wedekind,30,Cycling,Music,30 min Rock Ride,2024-09-21 02:00 (-05),292,162,46%,84,31.22,15.61,266,114.34,,
2024-10-13 16:51 (-05),On Demand,Mayla Wedekind,5,Cycling,Cool Down,5 min Cool Down Ride,2023-01-09 12:17 (-05),30,101,42%,71,25.80,2.14,39,,,
2024-10-13 16:59 (-05),On Demand,Jenn Sherman,5,Stretching,Pre & Post-Ride Stretch,5 min Post-Ride Stretch,2021-10-18 10:00 (-05),,,,,,,14,,,
2024-10-14 06:36 (CDT),On Demand,Kirra Michel,10,Meditation,Morning,10 min Morning Meditation,2024-07-10 10:00 (CDT),,,,,,,,,,
2024-10-14 13:20 (CDT),On Demand,Kirra Michel,5,Meditation,Relaxation,5 min Calming Meditation,2024-09-17 17:51 (CDT),,,,,,,,,,
2024-10-14 17:22 (CDT),On Demand,Jess Sims,20,Strength,Full Body,20 min Black Around the World Full Body,2024-10-08 23:00 (CDT),,,,,,,113,,,
2024-10-14 17:43 (CDT),On Demand,Selena Samuela,5,Strength,Core,5 min Core Strength,2024-09-09 23:00 (CDT),,,,,,,27,87.45,,
2024-10-14 17:50 (CDT),On Demand,Rebecca Kennedy,10,Stretching,Full Body Stretch,10 min Coldplay Full Body Stretch,2024-10-08 23:00 (CDT),,,,,,,28,,,
2024-10-16 05:56 (CDT),On Demand,Kirra Michel,10,Meditation,Morning,10 min Morning Meditation,2024-07-10 10:00 (CDT),,,,,,,,,,
2024-10-16 17:27 (-05),On Demand,Ben Alldis,30,Cycling,Power Zone,30 min Power Zone Ride,2024-10-13 07:54 (-05),326,181,48%,81,32.12,16.06,285,117.21,,
2024-10-16 17:58 (-05),On Demand,Matt Wilpers,5,Cycling,Cool Down,5 min Cool Down Ride,2024-09-12 23:00 (-05),15,50,27%,84,18.68,1.55,26,98.50,,
2024-10-16 18:10 (-05),On Demand,Jenn Sherman,5,Stretching,Pre & Post-Ride Stretch,5 min Post-Ride Stretch,2021-10-18 10:00 (-05),,,,,,,14,,,
2024-10-17 12:06 (CDT),On Demand,Ross Rayburn,5,Meditation,Morning,5 min Morning Meditation,2023-10-26 10:00 (CDT),,,,,,,,,,
2024-10-18 12:34 (CDT),On Demand,Kirra Michel,10,Meditation,Breath,10 min Breathing Meditation,2024-02-27 18:30 (CDT),,,,,,,,,,
2024-10-18 16:32 (-05),On Demand,Ben Alldis,30,Cycling,Music,30 min Coldplay Ride,2024-09-26 12:55 (-05),382,212,54%,76,34.46,17.23,342,130.60,,
2024-10-18 17:05 (-05),On Demand,Charlotte Weidenbach,5,Cycling,Cool Down,5 min Cool Down Ride,2024-09-18 23:00 (-05),32,108,43%,70,26.46,2.20,42,,,
2024-10-18 17:17 (-05),On Demand,Jenn Sherman,5,Stretching,Pre & Post-Ride Stretch,5 min Post-Ride Stretch,2021-10-18 10:00 (-05),,,,,,,14,,,
2024-10-19 07:19 (CDT),On Demand,Aditi Shah,10,Meditation,Morning,10 min Morning Meditation,2024-10-01 06:25 (CDT),,,,,,,,,,
2024-10-19 16:15 (CDT),On Demand,Jess Sims,20,Strength,Full Body,20 min Black Around the World Full Body,2024-10-08 23:00 (CDT),,,,,,,113,,,
2024-10-19 16:38 (CDT),On Demand,Kirra Michel,10,Yoga,Focus Flow,10 min Focus Flow: Core,2024-07-09 18:10 (CDT),,,,,,,52,88.06,,
2024-10-19 17:00 (CDT),On Demand,Rebecca Kennedy,10,Stretching,Full Body Stretch,10 min Coldplay Full Body Stretch,2024-10-08 23:00 (CDT),,,,,,,28,,,
2024-10-20 17:30 (CDT),On Demand,Susie Chan,5,Stretching,Post-Run Stretch,5 min Post-Run Stretch,2024-03-26 02:00 (CDT),,,,,,,15,,,
2024-10-21 05:24 (CDT),On Demand,Kirra Michel,10,Meditation,Morning,10 min Morning Meditation,2024-07-10 10:00 (CDT),,,,,,,,,,
2024-10-22 05:21 (CDT),On Demand,Aditi Shah,10,Meditation,Morning,10 min Morning Meditation,2024-07-08 06:24 (CDT),,,,,,,,,,
2024-10-22 17:10 (-05),On Demand,Leanne Hainsby-Alldis,30,Cycling,Music,30 min 2000s Rock Ride,2024-10-21 05:24 (-05),329,183,48%,82,32.73,16.36,428,,,
2024-10-22 17:42 (-05),On Demand,Leanne Hainsby-Alldis,5,Cycling,Cool Down,5 min Spice Girls Cool Down Ride,2021-07-13 13:05 (-05),25,84,39%,70,23.35,1.93,33,,,
2024-10-22 17:53 (-05),On Demand,Mayla Wedekind,5,Stretching,Pre & Post-Ride Stretch,5 min Post-Ride Stretch,2024-10-09 23:00 (-05),,,,,,,14,,,
2024-10-23 04:59 (CDT),On Demand,Aditi Shah,10,Meditation,Morning,10 min Morning Meditation,2024-10-22 06:24 (CDT),,,,,,,,,,
2024-10-23 17:44 (CDT),On Demand,Jess Sims,20,Strength,Full Body,20 min P!nk Full Body Strength,2024-01-25 17:00 (CDT),,,,,,,118,88.81,,
2024-10-23 18:08 (CDT),On Demand,Katie Wang,5,Strength,Core,5 min Core Strength,2024-10-18 09:08 (CDT),,,,,,,28,,,
2024-10-23 18:14 (CDT),On Demand,Ben Alldis,10,Stretching,Full Body Stretch,10 min Full Body Stretch,2023-11-23 07:25 (CDT),,,,,,,28,69.47,,
2024-10-24 05:41 (CDT),On Demand,Aditi Shah,10,Meditation,Morning,10 min Morning Meditation,2024-10-22 06:24 (CDT),,,,,,,,,,
2024-10-24 19:35 (CDT),On Demand,Aditi Shah,10,Meditation,Theme,10 min Flow & Let Go Meditation,2024-10-19 09:06 (CDT),,,,,,,,,,
2024-10-25 06:22 (CDT),On Demand,Aditi Shah,10,Meditation,Morning,10 min Morning Meditation,2024-07-15 06:25 (CDT),,,,,,,,,,
2024-10-25 13:05 (CDT),On Demand,Ross Rayburn,5,Meditation,Morning,5 min Morning Meditation,2023-10-26 10:00 (CDT),,,,,,,,,,
2024-10-25 17:50 (-05),On Demand,Leanne Hainsby-Alldis,30,Cycling,Theme,30 min Halloween Ride,2023-10-29 08:55 (-05),328,182,47%,83,32.58,16.29,427,,,
2024-10-25 18:23 (-05),On Demand,Hannah Frankson,5,Cycling,Cool Down,5 min Cool Down Ride,2024-10-15 23:00 (-05),25,83,36%,78,23.72,1.98,38,106.38,,
2024-10-25 18:29 (-05),On Demand,Denis Morton,5,Stretching,Pre & Post-Ride Stretch,5 min Post-Ride Stretch,2024-10-24 23:00 (-05),,,,,,,14,,,
2024-10-26 10:33 (CDT),On Demand,Aditi Shah,10,Meditation,Theme,10 min Flow & Let Go Meditation,2024-10-19 09:06 (CDT),,,,,,,,,,
2024-10-26 10:48 (CDT),On Demand,Callie Gullickson,20,Strength,Full Body,20 min Full Body Strength,2024-09-15 11:30 (CDT),,,,,,,112,,,
2024-10-26 11:20 (CDT),On Demand,Emma Lovewell,5,Strength,Core,5 min Core Strength,2024-10-24 23:00 (CDT),,,,,,,28,,,
2024-10-26 12:05 (CDT),On Demand,Ben Alldis,10,Stretching,Full Body Stretch,10 min Full Body Stretch,2024-05-06 01:00 (CDT),,,,,,,28,,,
2024-10-27 08:02 (CDT),On Demand,Kirra Michel,10,Meditation,Morning,10 min Morning Meditation,2024-07-10 10:00 (CDT),,,,,,,,,,
2024-10-27 08:21 (CDT),On Demand,Kirra Michel,10,Meditation,Morning,10 min Morning Meditation,2024-07-10 10:00 (CDT),,,,,,,,,,
2024-10-27 16:01 (-05),On Demand,Camila Ramon,30,Cycling,Theme,30 min Halloween Ride,2024-10-26 10:53 (-05),356,198,53%,76,33.45,16.72,462,,,
2024-10-27 16:34 (-05),On Demand,Erik Jager,5,Cycling,Cool Down,5 min Cool Down Ride,2024-10-16 23:00 (-05),31,105,44%,68,26.23,2.18,41,,,
2024-10-27 16:41 (-05),On Demand,Sam Yo,5,Stretching,Pre & Post-Ride Stretch,5 min Post-Ride Stretch,2024-10-17 23:00 (-05),,,,,,,14,,,
2024-10-28 05:16 (CDT),On Demand,Kirra Michel,10,Meditation,Morning,10 min Morning Meditation,2024-07-10 10:00 (CDT),,,,,,,,,,
2024-10-28 16:54 (CDT),On Demand,Selena Samuela,20,Strength,Full Body,20 min Full Body Strength,2024-10-26 11:25 (CDT),,,,,,,113,,,
2024-10-28 17:21 (CDT),On Demand,Selena Samuela,5,Strength,Core,5 min Core Strength,2024-09-09 23:00 (CDT),,,,,,,28,,,
2024-10-28 17:28 (CDT),On Demand,Ben Alldis,10,Stretching,Full Body Stretch,10 min Full Body Stretch,2021-11-08 02:57 (CDT),,,,,,,28,,,
2024-10-29 05:16 (CDT),On Demand,Aditi Shah,10,Meditation,Morning,10 min Morning Meditation,2024-08-12 06:24 (CDT),,,,,,,,,,
2024-10-30 05:29 (CDT),On Demand,Aditi Shah,10,Meditation,Morning,10 min Morning Meditation,2024-07-15 06:25 (CDT),,,,,,,,,,
2024-10-30 12:11 (CDT),On Demand,Aditi Shah,5,Meditation,Morning,5 min Morning Meditation,2024-09-10 06:30 (CDT),,,,,,,,,,
2024-10-30 17:38 (-05),On Demand,Ben Alldis,30,Cycling,Theme,30 min Halloween Ride,2024-10-27 08:55 (-05),365,203,54%,75,33.62,16.81,340,130.16,,
2024-10-30 18:10 (-05),On Demand,Leanne Hainsby-Alldis,5,Cycling,Cool Down,5 min Cool Down Ride,2024-09-19 23:00 (-05),30,101,40%,74,25.32,2.11,45,121.75,,
2024-10-30 18:16 (-05),On Demand,Bradley Rose,5,Stretching,Pre & Post-Ride Stretch,5 min Post-Ride Stretch,2024-10-30 00:00 (-05),,,,,,,14,,,
2024-10-31 04:40 (CDT),On Demand,Aditi Shah,10,Meditation,Morning,10 min Morning Meditation,2024-07-08 06:24 (CDT),,,,,,,,,,
2024-11-01 05:18 (CDT),On Demand,Aditi Shah,10,Meditation,Morning,10 min Morning Meditation,2024-07-08 06:24 (CDT),,,,,,,,,,
2024-11-01 16:27 (-05),On Demand,Matt Wilpers,30,Cycling,Power Zone,30 min Power Zone Endurance Ride,2024-10-15 05:26 (-05),300,167,48%,79,31.68,15.84,390,,,
2024-11-01 16:58 (-05),On Demand,Mila Lazar,5,Cycling,Cool Down,5 min Cool Down Ride,2024-10-31 00:00 (-05),30,101,41%,75,25.90,2.15,39,,,
2024-11-01 17:05 (-05),On Demand,Christine D'Ercole,5,Stretching,Pre & Post-Ride Stretch,5 min Post-Ride Stretch,2024-10-29 23:00 (-05),,,,,,,14,,,
2024-11-02 05:08 (CDT),On Demand,Aditi Shah,10,Meditation,Morning,10 min Morning Meditation,2024-06-17 06:24 (CDT),,,,,,,,,,
2024-11-02 10:59 (CDT),On Demand,Katie Wang,20,Strength,Full Body,20 min Full Body Strength,2024-11-01 08:26 (CDT),,,,,,,112,,,
2024-11-02 11:25 (CDT),On Demand,Kristin McGee,10,Yoga,Focus Flow,10 min Focus Flow: Balancing Poses,2024-04-10 11:27 (CDT),,,,,,,44,,,
2024-11-02 11:39 (CDT),On Demand,Ben Alldis,10,Stretching,Full Body Stretch,10 min Full Body Stretch,2022-05-09 06:18 (CDT),,,,,,,28,,,
2024-11-03 05:26 (CDT),On Demand,Aditi Shah,10,Meditation,Morning,10 min Morning Meditation,2024-06-17 06:24 (CDT),,,,,,,,,,
2024-11-04 04:52 (CDT),On Demand,Kristin McGee,10,Meditation,Morning,10 min Morning Meditation,2024-05-07 07:09 (CDT),,,,,,,,,,
2024-11-05 05:10 (CDT),On Demand,Aditi Shah,10,Meditation,Morning,10 min Morning Meditation,2024-06-10 06:24 (CDT),,,,,,,,,,
2024-11-05 12:43 (CDT),On Demand,Aditi Shah,5,Meditation,Morning,5 min Morning Meditation,2024-09-10 06:30 (CDT),,,,,,,,,,
2024-11-05 17:28 (-06),On Demand,Camila Ramon,30,Cycling,Theme,30 min Day of the Dead Ride,2024-11-02 09:54 (-06),224,124,44%,76,27.90,13.95,291,,,
2024-11-05 17:59 (-06),On Demand,Sam Yo,5,Cycling,Cool Down,5 min Cool Down Ride,2024-10-29 23:00 (-06),27,90,38%,76,24.89,2.07,35,,,
2024-11-05 18:08 (-06),On Demand,Cody Rigsby,5,Stretching,Pre & Post-Ride Stretch,5 min Post-Ride Stretch,2024-10-15 22:00 (-06),,,,,,,0,,,
2024-11-05 18:08 (-06),On Demand,Bradley Rose,5,Stretching,Pre & Post-Ride Stretch,5 min Post-Ride Stretch,2024-10-29 23:00 (-06),,,,,,,14,,,
2024-11-06 04:49 (CDT),On Demand,Aditi Shah,10,Meditation,Morning,10 min Morning Meditation,2024-10-22 06:24 (CDT),,,,,,,,,,
2024-11-06 14:56 (CDT),On Demand,Anna Greenberg,5,Meditation,Mindfulness,5 min Body Scan Meditation,2024-07-09 11:29 (CDT),,,,,,,,,,
2024-11-07 05:24 (CDT),On Demand,Aditi Shah,10,Meditation,Morning,10 min Morning Meditation,2024-07-08 06:24 (CDT),,,,,,,,,,
2024-11-07 17:27 (-06),On Demand,Mayla Wedekind,30,Cycling,Music,30 min Rock Ride,2024-09-21 01:00 (-06),266,148,44%,82,30.11,15.06,346,,,
2024-11-07 18:02 (-06),On Demand,Emma Lovewell,5,Cycling,Cool Down,5 min Cool Down Ride,2024-10-29 22:00 (-06),20,67,31%,83,21.58,1.80,26,,,
2024-11-07 18:18 (-06),On Demand,Bradley Rose,5,Stretching,Pre & Post-Ride Stretch,5 min Post-Ride Stretch,2024-10-29 23:00 (-06),,,,,,,14,,,
2024-11-08 05:18 (CDT),On Demand,Chelsea Jackson Roberts,10,Meditation,Morning,10 min Morning Meditation,2024-11-07 06:55 (CDT),,,,,,,,,,
2024-11-08 17:26 (CDT),On Demand,Katie Wang,20,Strength,Full Body,20 min Full Body Strength,2024-11-01 08:26 (CDT),,,,,,,113,79.62,,
2024-11-08 17:51 (CDT),On Demand,Kristin McGee,10,Yoga,Focus Flow,10 min Focus Flow: Balancing Poses,2024-04-10 11:27 (CDT),,,,,,,44,,,
2024-11-08 18:02 (CDT),On Demand,Ben Alldis,10,Stretching,Full Body Stretch,10 min Full Body Stretch,2021-04-28 00:00 (CDT),,,,,,,28,,,
2024-11-09 05:07 (CDT),On Demand,Aditi Shah,10,Meditation,Morning,10 min Morning Meditation,2024-07-15 06:25 (CDT),,,,,,,,,,
2024-11-09 11:32 (-06),On Demand,Bradley Rose,30,Cycling,Music,30 min 2000s Ride,2024-11-08 11:54 (-06),308,171,47%,84,31.90,15.95,400,,,
2024-11-09 12:03 (-06),On Demand,Hannah Corbin,5,Cycling,Cool Down,5 min Cool Down Ride,2024-11-07 23:00 (-06),30,101,46%,62,25.70,2.14,39,,,
2024-11-09 12:10 (-06),On Demand,Hannah Frankson,5,Stretching,Pre & Post-Ride Stretch,5 min Post Ride Stretch,2024-10-01 22:00 (-06),,,,,,,14,,,
2024-11-10 05:26 (CDT),On Demand,Kirra Michel,10,Meditation,Morning,10 min Morning Meditation,2024-07-10 10:00 (CDT),,,,,,,,,,
2024-11-10 10:59 (CDT),On Demand,Tunde Oyeneyin,20,Strength,Full Body,20 min Full Body Strength,2024-11-02 08:56 (CDT),,,,,,,113,,,
2024-11-10 11:25 (CDT),On Demand,Kristin McGee,10,Yoga,Focus Flow,10 min Focus Flow: Balancing Poses,2024-04-10 11:27 (CDT),,,,,,,44,,,
2024-11-10 11:36 (CDT),On Demand,Ben Alldis,10,Stretching,Full Body Stretch,10 min Lewis Capaldi Full Body Stretch,2023-05-22 13:05 (CDT),,,,,,,28,,,
2024-11-11 05:18 (CDT),On Demand,Aditi Shah,10,Meditation,Morning,10 min Morning Meditation,2024-07-22 06:24 (CDT),,,,,,,,,,
2024-11-12 05:40 (CDT),On Demand,Aditi Shah,10,Meditation,Morning,10 min Morning Meditation,2024-07-22 06:24 (CDT),,,,,,,,,,
2024-11-12 09:31 (CDT),On Demand,Susie Chan,5,Stretching,Post-Run Stretch,5 min Post-Run Stretch,2022-01-25 03:12 (CDT),,,,,,,14,,,
2024-11-13 04:51 (CDT),On Demand,Aditi Shah,10,Meditation,Morning,10 min Morning Meditation,2024-11-12 06:24 (CDT),,,,,,,,,,
2024-11-13 17:40 (-06),Live,Jenn Sherman,30,Cycling,Music,30 min 90s Rock Ride,2024-11-11 10:53 (-06),287,160,47%,79,30.71,15.31,373,,,
2024-11-13 18:11 (-06),On Demand,Hannah Corbin,5,Cycling,Cool Down,5 min Cool Down Ride,2024-11-07 23:00 (-06),25,84,45%,56,23.59,1.97,33,,,
2024-11-13 18:18 (-06),On Demand,Bradley Rose,5,Stretching,Pre & Post-Ride Stretch,5 min Post-Ride Stretch,2024-10-29 23:00 (-06),,,,,,,14,,,
2024-11-14 05:12 (CDT),On Demand,Aditi Shah,10,Meditation,Morning,10 min Morning Meditation,2024-11-12 06:24 (CDT),,,,,,,,,,
2024-11-14 17:35 (CDT),On Demand,Jermaine Johnson,20,Strength,Full Body,20 min Full Body Strength,2024-10-29 06:24 (CDT),,,,,,,113,,,
2024-11-14 18:01 (CDT),On Demand,Selena Samuela,5,Strength,Core,5 min Core Strength,2024-09-09 23:00 (CDT),,,,,,,28,,,
2024-11-14 18:08 (CDT),On Demand,Ben Alldis,10,Stretching,Full Body Stretch,10 min Full Body Stretch,2021-04-28 00:00 (CDT),,,,,,,28,,,
2024-11-15 05:12 (CDT),On Demand,Aditi Shah,10,Meditation,Morning,10 min Morning Meditation,2024-07-15 06:25 (CDT),,,,,,,,,,
2024-11-16 05:27 (CDT),On Demand,Aditi Shah,10,Meditation,Morning,10 min Morning Meditation,2024-07-15 06:25 (CDT),,,,,,,,,,
2024-11-16 05:39 (CDT),On Demand,Anna Greenberg,5,Meditation,Morning,5 min Morning Meditation,2024-11-10 23:00 (CDT),,,,,,,,,,
2024-11-16 11:09 (CDT),On Demand,Jermaine Johnson,20,Strength,Full Body,20 min Full Body Strength,2024-10-29 06:24 (CDT),,,,,,,112,,,
2024-11-16 11:35 (CDT),On Demand,Selena Samuela,5,Strength,Core,5 min Core Strength,2024-09-09 23:00 (CDT),,,,,,,28,,,
2024-11-16 11:41 (CDT),On Demand,Ben Alldis,10,Stretching,Full Body Stretch,10 min Full Body Stretch,2021-04-28 00:00 (CDT),,,,,,,28,,,
2024-11-17 12:44 (-06),On Demand,Ben Alldis,30,Cycling,Music,30 min 90s Rock Ride,2024-11-10 07:54 (-06),377,210,51%,83,34.40,17.20,490,,,
2024-11-17 13:15 (-06),On Demand,Hannah Corbin,5,Cycling,Cool Down,5 min Cool Down Ride,2024-11-07 23:00 (-06),24,81,44%,58,23.50,1.96,32,,,
2024-11-17 13:22 (-06),On Demand,Charlotte Weidenbach,5,Stretching,Pre & Post-Ride Stretch,5 min Post-Ride Stretch,2024-09-25 22:00 (-06),,,,,,,14,,,
2024-11-18 05:37 (CDT),On Demand,Aditi Shah,10,Meditation,Morning,10 min Morning Meditation,2024-07-15 06:25 (CDT),,,,,,,,,,
2024-11-19 05:21 (CDT),On Demand,Kirra Michel,10,Meditation,Morning,10 min Morning Meditation,2024-07-10 10:00 (CDT),,,,,,,,,,
2024-11-19 17:45 (-06),On Demand,Leanne Hainsby-Alldis,30,Cycling,Music,30 min 2000s Rock Ride,2024-10-21 04:24 (-06),336,187,47%,85,33.01,16.50,382,135.85,,
2024-11-19 18:17 (-06),On Demand,Denis Morton,5,Cycling,Cool Down,5 min Cool Down Ride,2024-11-14 23:00 (-06),20,67,32%,81,21.50,1.79,26,,,
2024-11-19 18:29 (-06),On Demand,Jenn Sherman,5,Stretching,Pre & Post-Ride Stretch,5 min Post-Ride Stretch,2021-10-18 09:00 (-06),,,,,,,14,,,
2024-11-19 21:07 (CDT),On Demand,Aditi Shah,15,Meditation,Sleep,15 min Sleep Meditation,2024-10-27 19:00 (CDT),,,,,,,,,,
2024-11-20 05:10 (CDT),On Demand,Kirra Michel,10,Meditation,Morning,10 min Morning Meditation,2022-04-26 23:00 (CDT),,,,,,,,,,
2024-11-21 04:44 (CDT),On Demand,Kirra Michel,10,Meditation,Morning,10 min Morning Meditation,2024-07-10 10:00 (CDT),,,,,,,,,,
2024-11-21 11:19 (CDT),On Demand,Katie Wang,20,Strength,Full Body,20 min Full Body Strength,2024-11-01 08:26 (CDT),,,,,,,113,,,
2024-11-21 11:43 (CDT),On Demand,Selena Samuela,5,Strength,Core,5 min Core Strength,2024-09-09 23:00 (CDT),,,,,,,28,,,
2024-11-21 11:50 (CDT),On Demand,Ben Alldis,10,Stretching,Full Body Stretch,10 min Full Body Stretch,2021-11-08 02:57 (CDT),,,,,,,28,,,
2024-11-22 08:37 (CDT),On Demand,Chelsea Jackson Roberts,5,Meditation,Morning,5 min Morning Meditation,2024-11-21 07:06 (CDT),,,,,,,,,,
2024-11-23 16:07 (CDT),On Demand,Susie Chan,5,Stretching,Post-Run Stretch,5 min Post-Run Stretch,2022-01-25 03:12 (CDT),,,,,,,14,,,
2024-11-23 17:32 (CDT),On Demand,Aditi Shah,10,Meditation,Morning,10 min Morning Meditation,2024-07-15 06:25 (CDT),,,,,,,,,,
2024-11-24 12:09 (CDT),On Demand,Ben Alldis,20,Strength,Full Body,20 min Full Body Strength,2024-11-23 23:00 (CDT),,,,,,,112,,,
2024-11-24 12:37 (CDT),On Demand,Ross Rayburn,10,Yoga,Focus Flow,10 min Focus Flow: For Riders,2024-04-24 13:08 (CDT),,,,,,,39,,,
2024-11-24 12:49 (CDT),On Demand,Kirra Michel,10,Stretching,Full Body Stretch,10 min Full Body Stretch,2024-10-21 09:00 (CDT),,,,,,,28,,,
2024-11-25 05:07 (CDT),On Demand,Chelsea Jackson Roberts,10,Meditation,Morning,10 min Morning Meditation,2024-11-07 06:55 (CDT),,,,,,,,,,
2024-11-25 17:26 (-06),On Demand,Mayla Wedekind,30,Cycling,Music,30 min Rock Ride,2024-09-21 01:00 (-06),309,172,46%,86,32.00,15.99,402,,,
2024-11-25 17:57 (-06),On Demand,Matt Wilpers,5,Cycling,Cool Down,5 min Cool Down Ride,2024-11-19 23:00 (-06),21,72,34%,77,22.48,1.87,28,,,
2024-11-25 18:04 (-06),On Demand,Matt Wilpers,5,Stretching,Pre & Post-Ride Stretch,5 min Post-Ride Stretch,2024-11-21 23:00 (-06),,,,,,,14,,,
2024-11-26 05:23 (CDT),On Demand,Kirra Michel,10,Meditation,Morning,10 min Morning Meditation,2024-07-10 10:00 (CDT),,,,,,,,,,
2024-11-27 05:40 (CDT),On Demand,Aditi Shah,10,Meditation,Morning,10 min Morning Meditation,2024-11-26 06:24 (CDT),,,,,,,,,,
2024-11-27 13:03 (CDT),On Demand,Katie Wang,20,Strength,Full Body,20 min Full Body Strength,2024-11-22 08:25 (CDT),,,,,,,112,87.38,,
2024-11-27 13:26 (CDT),On Demand,Kristin McGee,10,Yoga,Focus Flow,10 min Focus Flow: Balancing Poses,2024-04-10 11:27 (CDT),,,,,,,44,,,
2024-11-27 13:38 (CDT),On Demand,Denis Morton,5,Yoga,Yoga Basics,5 min Basics: Extended Side Angle,2023-10-25 09:00 (CDT),,,,,,,17,,,
2024-11-27 13:45 (CDT),On Demand,Ben Alldis,10,Stretching,Full Body Stretch,10 min Full Body Stretch,2022-11-02 07:55 (CDT),,,,,,,28,,,
2024-11-28 06:55 (CDT),On Demand,Aditi Shah,10,Meditation,Morning,10 min Morning Meditation,2024-11-26 06:24 (CDT),,,,,,,,,,
2024-11-28 11:53 (-06),On Demand,Ben Alldis,30,Cycling,Power Zone,30 min Power Zone Rock Ride,2023-08-30 02:00 (-06),349,194,49%,83,33.51,16.76,315,126.09,,
2024-11-28 12:23 (-06),On Demand,Bradley Rose,5,Cycling,Cool Down,5 min Cool Down Ride,2024-11-21 23:00 (-06),41,137,44%,80,29.52,2.46,53,,,
2024-11-28 12:34 (-06),On Demand,Matt Wilpers,5,Stretching,Pre & Post-Ride Stretch,5 min Post-Ride Stretch,2024-11-21 23:00 (-06),,,,,,,14,,,
2024-11-29 05:54 (CDT),On Demand,Aditi Shah,10,Meditation,Morning,10 min Morning Meditation,2024-11-26 06:24 (CDT),,,,,,,,,,
2024-11-29 11:42 (CDT),On Demand,Jess Sims,20,Strength,Full Body,20 min Full Body Strength,2024-11-25 08:25 (CDT),,,,,,,114,,,
2024-11-29 12:14 (CDT),On Demand,Kristin McGee,10,Yoga,Focus Flow,10 min Focus Flow: Balancing Poses,2024-04-10 11:27 (CDT),,,,,,,44,,,
2024-11-29 12:24 (CDT),On Demand,Ben Alldis,10,Stretching,Full Body Stretch,10 min Full Body Stretch,2022-11-02 07:55 (CDT),,,,,,,28,,,
2024-11-30 05:42 (CDT),On Demand,Aditi Shah,10,Meditation,Morning,10 min Morning Meditation,2024-11-26 06:24 (CDT),,,,,,,,,,
2024-12-01 05:49 (CDT),On Demand,Aditi Shah,10,Meditation,Morning,10 min Morning Meditation,2024-11-26 06:24 (CDT),,,,,,,,,,
2024-12-01 11:17 (-06),On Demand,Ben Alldis,10,Cycling,Power Zone,10 min FTP Warm Up Ride,2023-03-01 01:00 (-06),93,155,42%,89,30.39,5.07,92,87.55,,
2024-12-01 11:31 (-06),On Demand,Ben Alldis,20,Cycling,Power Zone,20 min FTP Test Ride,2023-03-01 01:00 (-06),308,257,60%,74,37.70,12.56,400,,,
2024-12-01 11:54 (-06),On Demand,Ben Alldis,5,Cycling,Cool Down,5 min Cool Down Ride,2023-06-09 00:00 (-06),21,70,36%,71,21.76,1.82,41,113.45,,
2024-12-01 12:12 (-06),On Demand,Leanne Hainsby-Alldis,5,Cycling,Cool Down,5 min Cool Down Ride,2024-11-28 23:00 (-06),0,0,28%,0,0.00,0,0,,,
2024-12-01 12:13 (-06),On Demand,Leanne Hainsby-Alldis,5,Stretching,Pre & Post-Ride Stretch,5 min Post-Ride Stretch,2024-11-28 23:00 (-06),,,,,,,14,,,
2024-12-02 05:33 (CDT),On Demand,Kirra Michel,10,Meditation,Morning,10 min Morning Meditation,2024-07-10 10:00 (CDT),,,,,,,,,,
2024-12-02 18:07 (CDT),On Demand,Jess Sims,20,Strength,Full Body,20 min Black Around the World Full Body,2024-10-08 23:00 (CDT),,,,,,,112,79.75,,
2024-12-02 18:33 (CDT),On Demand,Ben Alldis,5,Strength,Core,5 min Core Strength,2024-11-17 23:00 (CDT),,,,,,,28,,,
2024-12-02 18:39 (CDT),On Demand,Ben Alldis,10,Stretching,Full Body Stretch,10 min Full Body Stretch,2023-11-23 07:25 (CDT),,,,,,,28,,,
2024-12-03 05:20 (CDT),On Demand,Kirra Michel,10,Meditation,Morning,10 min Morning Meditation,2024-07-10 10:00 (CDT),,,,,,,,,,
2024-12-04 05:18 (CDT),On Demand,Aditi Shah,10,Meditation,Morning,10 min Morning Meditation,2024-11-26 06:24 (CDT),,,,,,,,,,
2024-12-04 18:17 (-06),On Demand,Charlotte Weidenbach,30,Cycling,Power Zone,30 min Power Zone Endurance Ride,2024-09-06 00:25 (-06),289,160,45%,84,31.18,15.59,375,,,
2024-12-04 18:49 (-06),On Demand,Denis Morton,5,Cycling,Cool Down,5 min Cool Down Ride,2024-11-14 23:00 (-06),20,68,31%,83,21.69,1.80,26,,,
2024-12-04 19:00 (-06),On Demand,Bradley Rose,5,Stretching,Pre & Post-Ride Stretch,5 min Post-Ride Stretch,2024-10-29 23:00 (-06),,,,,,,14,,,
2024-12-05 05:00 (CDT),On Demand,Aditi Shah,10,Meditation,Morning,10 min Morning Meditation,2024-07-15 06:25 (CDT),,,,,,,,,,
2024-12-06 05:03 (CDT),On Demand,Aditi Shah,10,Meditation,Morning,10 min Morning Meditation,2024-07-08 06:24 (CDT),,,,,,,,,,
2024-12-06 16:29 (-06),On Demand,Mayla Wedekind,30,Cycling,Music,30 min Rock Ride,2024-09-21 01:00 (-06),302,168,47%,83,31.55,15.78,392,,,
2024-12-06 17:01 (-06),On Demand,Bradley Rose,5,Cycling,Cool Down,5 min Cool Down Ride,2024-11-21 23:00 (-06),33,111,43%,70,25.91,2.16,43,,,
2024-12-06 17:09 (-06),On Demand,Mila Lazar,5,Stretching,Pre & Post-Ride Stretch,5 min Post-Ride Stretch,2024-12-04 23:00 (-06),,,,,,,14,,,
2024-12-07 05:04 (CDT),On Demand,Aditi Shah,10,Meditation,Daily Meditation,10 min Daily Meditation,2024-12-01 23:00 (CDT),,,,,,,,,,
2024-12-07 13:04 (CDT),On Demand,Jess Sims,20,Strength,Full Body,20 min Black Around the World Full Body,2024-10-08 23:00 (CDT),,,,,,,113,,,
2024-12-07 13:28 (CDT),On Demand,Hannah Corbin,10,Strength,Barre,10 min Barre,2021-06-09 09:00 (CDT),,,,,,,57,,,
2024-12-07 13:43 (CDT),On Demand,Ben Alldis,10,Stretching,Full Body Stretch,10 min Full Body Stretch,2023-03-13 02:00 (CDT),,,,,,,28,,,
2024-12-08 05:33 (CDT),On Demand,Aditi Shah,10,Meditation,Daily Meditation,10 min Daily Meditation,2024-12-01 23:00 (CDT),,,,,,,,,,
2024-12-08 17:12 (-06),On Demand,Erik Jager,30,Cycling,Theme,30 min Holiday Ride,2024-12-05 23:54 (-06),304,169,45%,86,31.49,15.74,395,,,
2024-12-08 17:44 (-06),On Demand,Matt Wilpers,5,Cycling,Cool Down,5 min Cool Down Ride,2024-11-19 23:00 (-06),17,58,30%,79,19.99,1.66,23,,,
2024-12-08 17:51 (-06),On Demand,Jenn Sherman,5,Stretching,Pre & Post-Ride Stretch,5 min Post-Ride Stretch,2021-10-18 09:00 (-06),,,,,,,14,,,
2024-12-09 05:15 (CDT),On Demand,Kirra Michel,10,Meditation,Daily Meditation,10 min Daily Meditation,2024-12-08 23:00 (CDT),,,,,,,,,,
2024-12-09 17:31 (CDT),On Demand,Callie Gullickson,20,Strength,Full Body,20 min Full Body Strength,2024-11-05 23:00 (CDT),,,,,,,117,82.06,,
2024-12-09 17:54 (CDT),On Demand,Selena Samuela,5,Strength,Core,5 min Core Strength,2024-09-09 23:00 (CDT),,,,,,,28,,,
2024-12-09 18:02 (CDT),On Demand,Ben Alldis,10,Stretching,Full Body Stretch,10 min Full Body Stretch,2022-03-30 06:59 (CDT),,,,,,,28,,,
2024-12-10 05:28 (CDT),On Demand,Aditi Shah,10,Meditation,Morning,10 min Morning Meditation,2024-07-15 06:25 (CDT),,,,,,,,,,
2024-12-11 05:15 (CDT),On Demand,Aditi Shah,10,Meditation,Morning,10 min Morning Meditation,2024-12-10 06:24 (CDT),,,,,,,,,,
2024-12-11 17:52 (-06),On Demand,Leanne Hainsby-Alldis,30,Cycling,Music,30 min 2000s Rock Ride,2024-10-21 04:24 (-06),339,188,47%,85,33.22,16.61,354,131.20,,
2024-12-11 18:26 (-06),On Demand,Leanne Hainsby-Alldis,5,Cycling,Cool Down,5 min Cool Down Ride,2023-08-16 00:00 (-06),25,85,40%,70,23.43,1.95,33,,,
2024-12-11 18:35 (-06),On Demand,Leanne Hainsby-Alldis,5,Stretching,Pre & Post-Ride Stretch,5 min Post-Ride Stretch,2024-01-12 01:00 (-06),,,,,,,14,,,
2024-12-12 04:45 (CDT),On Demand,Aditi Shah,10,Meditation,Morning,10 min Morning Meditation,2024-12-10 06:24 (CDT),,,,,,,,,,
2024-12-12 05:04 (CDT),On Demand,Ross Rayburn,5,Meditation,Morning,5 min Morning Meditation,2023-10-26 10:00 (CDT),,,,,,,,,,
2024-12-13 05:17 (CDT),On Demand,Chelsea Jackson Roberts,10,Meditation,Morning,10 min Morning Meditation,2024-12-12 06:54 (CDT),,,,,,,,,,
2024-12-13 16:33 (-06),On Demand,Denis Morton,30,Cycling,Power Zone,30 min Power Zone Endurance Ride,2024-11-30 14:55 (-06),299,166,46%,81,31.53,15.76,263,114.49,,
2024-12-13 17:04 (-06),On Demand,Ben Alldis,5,Cycling,Cool Down,5 min Cool Down Ride,2024-12-12 23:00 (-06),30,99,38%,78,25.17,2.10,39,,,
2024-12-13 17:16 (-06),On Demand,Leanne Hainsby-Alldis,5,Stretching,Pre & Post-Ride Stretch,5 min Post-Ride Stretch,2024-11-28 23:00 (-06),,,,,,,14,,,
2024-12-14 05:21 (CDT),On Demand,Kirra Michel,10,Meditation,Morning,10 min Morning Meditation,2024-07-10 10:00 (CDT),,,,,,,,,,
2024-12-14 12:06 (CDT),On Demand,Rebecca Kennedy,20,Strength,Full Body,20 min Strength Roll Call: Full Body,2023-08-07 06:27 (CDT),,,,,,,119,86.25,,
2024-12-14 12:32 (CDT),On Demand,Kristin McGee,10,Yoga,Focus Flow,10 min Focus Flow: Balancing Poses,2024-04-10 11:27 (CDT),,,,,,,44,73.32,,
2024-12-14 12:44 (CDT),On Demand,Ben Alldis,10,Stretching,Full Body Stretch,10 min Full Body Stretch,2021-11-08 02:57 (CDT),,,,,,,28,68.25,,
2024-12-15 05:16 (CDT),On Demand,Aditi Shah,10,Meditation,Morning,10 min Morning Meditation,2024-07-15 06:25 (CDT),,,,,,,,,,
2024-12-15 11:42 (CDT),On Demand,Jon Hosking,30,Running,Music Run,30 min 90s Run,2024-08-07 23:05 (CDT),0,,,,10.60,5.38,396,,0,5:40
2024-12-15 12:19 (CDT),On Demand,Joslyn Thompson Rule,5,Walking,Cool Down Walk,5 min Cool Down Walk,2024-04-04 10:00 (CDT),0,,,,4.53,0.32,20,,,
2024-12-15 12:34 (CDT),On Demand,Susie Chan,5,Stretching,Post-Run Stretch,5 min UK Mother's Day Post-Run Stretch,2024-03-10 01:00 (CDT),,,,,,,14,,,
2024-12-15 12:40 (CDT),On Demand,Kristin McGee,5,Yoga,Restorative,5 min Savasana,2023-12-20 09:00 (CDT),,,,,,,6,,,
2024-12-15 14:19 (CDT),On Demand,Aditi Shah,15,Meditation,Sleep,15 min Sleep Meditation,2024-11-24 00:00 (CDT),,,,,,,,,,
2024-12-16 05:24 (CDT),On Demand,Aditi Shah,10,Meditation,Morning,10 min Morning Meditation,2024-07-15 06:25 (CDT),,,,,,,,,,
2024-12-16 16:47 (CDT),On Demand,Rebecca Kennedy,20,Strength,Full Body,20 min Full Body Strength,2024-12-08 23:00 (CDT),,,,,,,113,,,
2024-12-16 17:11 (CDT),On Demand,Selena Samuela,5,Strength,Core,5 min Core Strength,2024-09-09 23:00 (CDT),,,,,,,28,,,
2024-12-16 17:18 (CDT),On Demand,Ben Alldis,10,Stretching,Full Body Stretch,10 min Full Body Stretch,2023-10-09 06:12 (CDT),,,,,,,29,,,
2024-12-17 05:25 (CDT),On Demand,Aditi Shah,10,Meditation,Morning,10 min Morning Meditation,2024-07-15 06:25 (CDT),,,,,,,,,,
2024-12-18 05:30 (CDT),On Demand,Aditi Shah,10,Meditation,Morning,10 min Morning Meditation,2024-07-08 06:24 (CDT),,,,,,,,,,
2024-12-18 17:46 (-06),On Demand,Mayla Wedekind,30,Cycling,Music,30 min Rock Ride,2024-09-21 01:00 (-06),313,174,46%,85,32.03,16.02,341,131.46,,
2024-12-18 18:18 (-06),On Demand,Mila Lazar,5,Cycling,Cool Down,5 min Cool Down Ride,2024-10-30 23:00 (-06),24,82,38%,70,23.19,1.93,32,,,
2024-12-18 18:25 (-06),On Demand,Jenn Sherman,5,Stretching,Pre & Post-Ride Stretch,5 min Post-Ride Stretch,2021-10-18 09:00 (-06),,,,,,,14,,,
2024-12-19 04:54 (CDT),On Demand,Anna Greenberg,10,Meditation,Mindfulness,10 min Body Scan Meditation,2024-12-17 23:00 (CDT),,,,,,,,,,
2024-12-19 16:58 (CDT),On Demand,Aditi Shah,15,Meditation,Morning,15 min Morning Meditation,2024-12-17 06:25 (CDT),,,,,,,,,,
2024-12-20 05:10 (CDT),On Demand,Aditi Shah,10,Meditation,Morning,10 min Morning Meditation,2024-10-22 06:24 (CDT),,,,,,,,,,
2024-12-20 17:01 (CDT),On Demand,Rebecca Kennedy,20,Strength,Full Body,20 min Full Body Strength,2024-12-08 23:00 (CDT),,,,,,,113,,,
2024-12-20 17:23 (CDT),On Demand,Katie Wang,5,Strength,Core,5 min Core Strength,2024-12-13 09:10 (CDT),,,,,,,28,,,
2024-12-20 17:30 (CDT),On Demand,Ben Alldis,10,Stretching,Full Body Stretch,10 min Full Body Stretch,2022-09-12 06:27 (CDT),,,,,,,28,,,
2024-12-21 05:40 (CDT),On Demand,Aditi Shah,10,Meditation,Morning,10 min Morning Meditation,2024-12-10 06:24 (CDT),,,,,,,,,,
2024-12-21 13:13 (-06),On Demand,Mayla Wedekind,30,Cycling,Music,30 min Indie Rock Ride,2024-12-07 03:24 (-06),302,168,46%,82,31.24,15.62,392,,,
2024-12-21 13:45 (-06),On Demand,Hannah Corbin,5,Cycling,Cool Down,5 min Cool Down Ride,2023-11-17 10:00 (-06),19,63,34%,72,20.98,1.74,24,,,
2024-12-21 13:53 (-06),On Demand,Bradley Rose,5,Stretching,Pre & Post-Ride Stretch,5 min Post-Ride Stretch,2023-12-22 01:00 (-06),,,,,,,14,,,
2024-12-22 05:48 (CDT),On Demand,Aditi Shah,10,Meditation,Morning,10 min Morning Meditation,2024-12-10 06:24 (CDT),,,,,,,,,,
2024-12-22 12:42 (CDT),On Demand,Katie Wang,20,Strength,Full Body,20 min Full Body Strength,2024-12-20 08:26 (CDT),,,,,,,110,77.98,,
2024-12-22 13:06 (CDT),On Demand,Katie Wang,10,Strength,Core,10 min Core Strength,2024-12-20 08:59 (CDT),,,,,,,57,,,
2024-12-22 13:21 (CDT),On Demand,Ben Alldis,10,Stretching,Full Body Stretch,10 min 007 Full Body Stretch,2021-10-04 03:13 (CDT),,,,,,,29,,,
2024-12-23 05:51 (CDT),On Demand,Aditi Shah,10,Meditation,Morning,10 min Morning Meditation,2024-04-15 06:30 (CDT),,,,,,,,,,
2024-12-23 11:50 (CDT),On Demand,Selena Samuela,5,Walking,Cool Down,5 min Cool Down Walk,2024-12-02 23:00 (CDT),0,,,,4.57,0.06,27,89.10,,
2024-12-23 12:26 (CDT),On Demand,Susie Chan,5,Stretching,Post-Run Stretch,5 min Post-Run Stretch,2022-01-25 03:12 (CDT),,,,,,,14,,,
2024-12-24 06:11 (CDT),On Demand,Aditi Shah,10,Meditation,Daily Meditation,10 min Daily Meditation,2024-12-22 23:00 (CDT),,,,,,,,,,
2024-12-24 06:12 (CDT),On Demand,Aditi Shah,10,Meditation,Daily Meditation,10 min Daily Meditation,2024-12-22 23:00 (CDT),,,,,,,,,,
2024-12-25 06:58 (CDT),On Demand,Anna Greenberg,10,Meditation,Mindfulness,10 min Body Scan Meditation,2024-12-17 23:00 (CDT),,,,,,,,,,
2024-12-25 11:50 (CDT),On Demand,Katie Wang,20,Strength,Full Body,20 min Full Body Strength,2024-12-20 08:26 (CDT),,,,,,,113,,,
2024-12-25 12:14 (CDT),On Demand,Ben Alldis,10,Stretching,Full Body Stretch,10 min 007 Full Body Stretch,2021-10-04 03:13 (CDT),,,,,,,28,,,
2024-12-26 10:33 (CDT),On Demand,Susie Chan,10,Stretching,Post-Run Stretch,10 min AFO Post Run Stretch: Muse,2022-08-19 09:00 (CDT),,,,,,,2,,,
2024-12-26 10:36 (CDT),On Demand,Susie Chan,10,Stretching,Post-Run Stretch,10 min AFO Post Run Stretch: Muse,2022-08-19 09:00 (CDT),,,,,,,28,,,
2024-12-26 10:48 (CDT),On Demand,Aditi Shah,10,Meditation,Theme,10 min Flow & Let Go Meditation,2024-12-21 09:06 (CDT),,,,,,,,,,
2024-12-27 08:21 (CDT),On Demand,Anna Greenberg,10,Meditation,Mindfulness,10 min Body Scan Meditation,2024-12-17 23:00 (CDT),,,,,,,,,,
2024-12-27 10:40 (CDT),On Demand,Katie Wang,20,Strength,Full Body,20 min Full Body Strength,2024-12-20 08:26 (CDT),,,,,,,114,,,
2024-12-27 11:07 (CDT),On Demand,Katie Wang,10,Strength,Core,10 min Core Strength,2024-12-20 08:59 (CDT),,,,,,,57,,,
2024-12-27 11:22 (CDT),On Demand,Ben Alldis,10,Stretching,Full Body Stretch,10 min 007 Full Body Stretch,2021-10-04 03:13 (CDT),,,,,,,29,,,
2024-12-28 06:33 (CDT),On Demand,Kirra Michel,10,Meditation,Morning,10 min Morning Meditation,2024-07-10 10:00 (CDT),,,,,,,,,,
2024-12-29 13:29 (CDT),On Demand,Susie Chan,5,Stretching,Post-Run Stretch,5 min Post-Run Stretch,2022-01-25 03:12 (CDT),,,,,,,14,,,
2024-12-29 21:22 (CDT),On Demand,Assal Arian,10,Stretching,Full Body Stretch,10 min Evening Stretch,2024-10-01 23:00 (CDT),,,,,,,28,,,
2024-12-30 06:54 (CDT),On Demand,Anna Greenberg,10,Meditation,Mindfulness,10 min Body Scan Meditation,2024-12-17 23:00 (CDT),,,,,,,,,,
2024-12-30 12:55 (CDT),On Demand,Katie Wang,30,Strength,Upper Body,30 min Upper Body Strength,2024-10-25 08:25 (CDT),,,,,,,,,,
2024-12-30 12:58 (CDT),On Demand,Katie Wang,30,Strength,Full Body,30 min Full Body Strength,2024-11-09 08:53 (CDT),,,,,,,169,,,
2024-12-30 13:30 (CDT),On Demand,Ben Alldis,10,Stretching,Full Body Stretch,10 min Full Body Stretch,2022-11-02 07:55 (CDT),,,,,,,28,,,
2024-12-31 07:10 (CDT),On Demand,Aditi Shah,10,Meditation,Morning,10 min Morning Meditation,2024-12-10 06:24 (CDT),,,,,,,,,,
2024-12-31 07:21 (CDT),On Demand,Aditi Shah,5,Meditation,Breath,5 min Breathing Meditation,2024-12-10 23:00 (CDT),,,,,,,,,,
2025-01-01 12:48 (CDT),On Demand,Jermaine Johnson,20,Strength,Full Body,20 min Full Body Strength,2024-11-15 06:55 (CDT),,,,,,,113,,,
2025-01-01 13:13 (CDT),On Demand,Rad Lopez,10,Strength,Core,10 min Core Strength,2024-12-10 16:56 (CDT),,,,,,,57,,,
2025-01-01 13:26 (CDT),On Demand,Ben Alldis,10,Stretching,Full Body Stretch,10 min Full Body Stretch,2024-03-11 07:28 (CDT),,,,,,,28,,,
2025-01-02 06:54 (CDT),On Demand,Aditi Shah,10,Meditation,Morning,10 min Morning Meditation,2023-12-04 06:24 (CDT),,,,,,,,,,
2025-01-03 14:30 (CDT),On Demand,Susie Chan,10,Stretching,Post-Run Stretch,10 min Post-Run Stretch,2022-02-22 03:05 (CDT),,,,,,,28,,,
2025-01-03 14:42 (CDT),On Demand,Aditi Shah,10,Meditation,Emotions,10 min Metta Meditation,2025-01-03 09:06 (CDT),,,,,,,,,,
2025-01-04 12:04 (CDT),On Demand,Katie Wang,20,Strength,Full Body,20 min Full Body Strength,2024-12-20 08:26 (CDT),,,,,,,113,,,
2025-01-04 12:27 (CDT),On Demand,Katie Wang,10,Strength,Core,10 min Core Strength,2024-12-20 08:59 (CDT),,,,,,,57,,,
2025-01-04 12:41 (CDT),On Demand,Ben Alldis,10,Stretching,Full Body Stretch,10 min Backstreet Boys Holiday Stretch,2024-12-11 23:00 (CDT),,,,,,,28,,,
2025-01-05 07:09 (CDT),On Demand,Aditi Shah,10,Meditation,Mindfulness,10 min Body Scan Meditation,2025-01-03 09:04 (CDT),,,,,,,,,,
2025-01-05 12:40 (-06),On Demand,Ben Alldis,30,Cycling,Music,30 min 2000s Rock Ride,2024-12-22 07:55 (-06),352,196,49%,83,33.35,16.68,333,127.62,,
2025-01-05 13:12 (-06),On Demand,Cliff Dwenger,5,Cycling,Cool Down,5 min Cool Down Ride,2024-12-25 23:00 (-06),23,76,37%,70,22.74,1.90,34,103.03,,
2025-01-05 13:24 (-06),On Demand,Mayla Wedekind,5,Stretching,Pre & Post-Ride Stretch,5 min Post-Ride Stretch,2025-01-01 23:00 (-06),,,,,,,4,,,
2025-01-05 13:25 (-06),On Demand,Charlotte Weidenbach,5,Stretching,Pre & Post-Ride Stretch,5 min Post-Ride Stretch,2024-12-19 04:00 (-06),,,,,,,14,,,
2025-01-06 05:48 (CDT),On Demand,Aditi Shah,10,Meditation,Emotions,10 min Metta Meditation,2025-01-03 09:02 (CDT),,,,,,,,,,
2025-01-06 18:20 (CDT),On Demand,Katie Wang,20,Strength,Full Body,20 min Full Body Strength,2024-12-20 08:26 (CDT),,,,,,,114,,,
2025-01-06 18:45 (CDT),On Demand,Ben Alldis,10,Stretching,Full Body Stretch,10 min Full Body Stretch,2024-02-14 06:05 (CDT),,,,,,,28,,,
2025-01-07 05:39 (CDT),On Demand,Kirra Michel,10,Meditation,Daily Meditation,10 min Daily Meditation,2025-01-05 23:00 (CDT),,,,,,,,,,
2025-01-08 05:33 (CDT),On Demand,Aditi Shah,10,Meditation,Morning,10 min Morning Meditation,2025-01-07 06:24 (CDT),,,,,,,,,,
2025-01-08 17:57 (-06),On Demand,Charlotte Weidenbach,30,Cycling,Music,30 min 90s Rock Ride,2025-01-04 07:54 (-06),358,199,52%,77,33.61,16.81,349,105.68,,
2025-01-08 18:29 (-06),On Demand,Jenn Sherman,5,Cycling,Cool Down,5 min Cool Down Ride,2025-01-07 23:00 (-06),32,105,41%,73,25.58,2.16,42,,,
2025-01-08 18:36 (-06),On Demand,Robin Arzon,5,Stretching,Pre & Post-Ride Stretch,5 min Post-Ride Stretch,2025-01-07 23:00 (-06),,,,,,,14,,,
2025-01-09 05:20 (CDT),On Demand,Aditi Shah,10,Meditation,Morning,10 min Morning Meditation,2025-01-07 06:24 (CDT),,,,,,,,,,
2025-01-10 06:06 (CDT),On Demand,Aditi Shah,10,Meditation,Mindfulness,10 min Body Scan Meditation,2025-01-03 09:04 (CDT),,,,,,,,,,
2025-01-10 17:26 (CDT),On Demand,Katie Wang,20,Strength,Full Body,20 min Full Body Strength,2024-11-01 08:26 (CDT),,,,,,,113,,,
2025-01-10 17:54 (CDT),On Demand,Kristin McGee,10,Yoga,Focus Flow,10 min Focus Flow: Balancing Poses,2024-04-10 11:27 (CDT),,,,,,,44,,,
2025-01-10 18:06 (CDT),On Demand,Ben Alldis,10,Stretching,Full Body Stretch,10 min Full Body Stretch,2021-11-08 02:57 (CDT),,,,,,,28,,,
2025-01-11 06:03 (CDT),On Demand,Chelsea Jackson Roberts,10,Meditation,Morning,10 min Morning Meditation,2025-01-09 06:55 (CDT),,,,,,,,,,
2025-01-11 12:09 (-06),On Demand,Matt Wilpers,30,Cycling,Power Zone,30 min Power Zone Endurance Ride,2024-12-03 05:25 (-06),307,171,45%,87,31.89,15.95,292,122.11,,
2025-01-11 12:40 (-06),On Demand,Matt Wilpers,5,Cycling,Cool Down,5 min Cool Down Ride,2024-11-19 23:00 (-06),23,75,33%,81,22.27,1.86,36,104.45,,
2025-01-11 12:49 (-06),On Demand,Jenn Sherman,5,Stretching,Pre & Post-Ride Stretch,5 min Post-Ride Stretch,2025-01-09 23:00 (-06),,,,,,,14,,,
2025-01-12 10:46 (CDT),On Demand,Kirra Michel,10,Meditation,Morning,10 min Morning Meditation,2024-07-10 10:00 (CDT),,,,,,,,,,
2025-01-12 11:08 (CDT),On Demand,Ben Alldis,20,Strength,Full Body,20 min Strength Roll Call: Full Body,2023-01-23 06:24 (CDT),,,,,,,131,94.68,,
2025-01-12 11:35 (CDT),On Demand,Hannah Corbin,10,Strength,Barre,10 min Barre,2021-06-09 09:00 (CDT),,,,,,,57,,,
2025-01-12 11:48 (CDT),On Demand,Aditi Shah,5,Yoga,Yoga Basics,5 min Basics: Sphinx Pose,2024-02-28 09:00 (CDT),,,,,,,17,,,
2025-01-12 11:53 (CDT),On Demand,Ben Alldis,10,Stretching,Full Body Stretch,10 min Full Body Stretch,2024-02-14 06:05 (CDT),,,,,,,28,,,
2025-01-12 14:40 (CDT),On Demand,Aditi Shah,15,Meditation,Sleep,15 min Sleep Meditation,2024-12-22 21:00 (CDT),,,,,,,,,,
2025-01-12 21:30 (CDT),On Demand,Aditi Shah,15,Meditation,Sleep,15 min Sleep Meditation,2024-12-22 21:00 (CDT),,,,,,,,,,
2025-01-13 05:16 (CDT),On Demand,Kirra Michel,10,Meditation,Morning,10 min Morning Meditation,2024-07-10 10:00 (CDT),,,,,,,,,,
2025-01-13 17:54 (-06),On Demand,Mayla Wedekind,30,Cycling,Music,30 min Rock Ride,2024-09-21 01:00 (-06),297,165,46%,83,31.12,15.56,386,,,
2025-01-13 18:26 (-06),On Demand,Matt Wilpers,5,Cycling,Cool Down,5 min Cool Down Ride,2023-12-01 10:00 (-06),25,82,32%,91,23.40,1.95,32,,,
2025-01-13 18:32 (-06),On Demand,Jenn Sherman,5,Stretching,Pre & Post-Ride Stretch,5 min Post-Ride Stretch,2021-10-18 09:00 (-06),,,,,,,14,,,
2025-01-14 05:24 (CDT),On Demand,Aditi Shah,10,Meditation,Daily Meditation,10 min Daily Meditation,2025-01-12 23:00 (CDT),,,,,,,,,,
2025-01-15 05:13 (CDT),On Demand,Aditi Shah,10,Meditation,Morning,10 min Morning Meditation,2025-01-14 06:24 (CDT),,,,,,,,,,
2025-01-16 05:27 (CDT),On Demand,Kirra Michel,10,Meditation,Morning,10 min Morning Meditation,2024-07-10 10:00 (CDT),,,,,,,,,,
2025-01-17 05:33 (CDT),On Demand,Chelsea Jackson Roberts,10,Meditation,Morning,10 min Morning Meditation,2024-09-19 06:55 (CDT),,,,,,,,,,
2025-01-18 10:57 (CDT),On Demand,Kirra Michel,10,Meditation,Morning,10 min Morning Meditation,2024-07-10 10:00 (CDT),,,,,,,,,,
2025-01-19 07:45 (CDT),On Demand,Aditi Shah,10,Meditation,Morning,10 min Morning Meditation,2024-11-26 06:24 (CDT),,,,,,,,,,
2025-01-20 21:29 (CDT),On Demand,Chelsea Jackson Roberts,10,Meditation,Sleep,10 min Sleep Meditation,2025-01-15 23:00 (CDT),,,,,,,,,,
2025-01-21 05:59 (CDT),On Demand,Aditi Shah,10,Meditation,Morning,10 min Morning Meditation,2024-07-15 06:25 (CDT),,,,,,,,,,
2025-01-22 05:33 (CDT),On Demand,Aditi Shah,10,Meditation,Morning,10 min Morning Meditation,2024-02-12 06:22 (CDT),,,,,,,,,,
2025-01-23 05:23 (CDT),On Demand,Kirra Michel,10,Meditation,Morning,10 min Morning Meditation,2024-07-10 10:00 (CDT),,,,,,,,,,
2025-01-24 05:09 (CDT),On Demand,Chelsea Jackson Roberts,10,Meditation,Morning,10 min Morning Meditation,2025-01-16 06:54 (CDT),,,,,,,,,,
2025-01-25 05:26 (CDT),On Demand,Chelsea Jackson Roberts,10,Meditation,Morning,10 min Morning Meditation,2025-01-16 06:54 (CDT),,,,,,,,,,
2025-01-27 05:32 (CDT),On Demand,Chelsea Jackson Roberts,10,Meditation,Morning,10 min Morning Meditation,2025-01-16 06:54 (CDT),,,,,,,,,,
2025-01-27 17:42 (-06),On Demand,Jenn Sherman,20,Cycling,Low Impact,20 min Low Impact Ride,2025-01-13 11:26 (-06),151,126,40%,85,28.37,9.46,198,4.68,,
2025-01-27 18:03 (-06),On Demand,Hannah Corbin,5,Cycling,Cool Down,5 min Cool Down Ride,2025-01-23 23:00 (-06),26,85,38%,74,24.26,2.02,31,98.28,,
2025-01-27 18:10 (-06),On Demand,Matt Wilpers,5,Stretching,Pre & Post-Ride Stretch,5 min Post-Ride Stretch,2024-11-21 23:00 (-06),,,,,,,14,,,
2025-01-28 05:30 (CDT),On Demand,Kirra Michel,10,Meditation,Daily Meditation,10 min Daily Meditation,2025-01-26 23:00 (CDT),,,,,,,,,,
2025-01-29 05:24 (CDT),On Demand,Aditi Shah,10,Meditation,Morning,10 min Morning Meditation,2025-01-28 06:24 (CDT),,,,,,,,,,
2025-01-30 05:14 (CDT),On Demand,Kirra Michel,10,Meditation,Daily Meditation,10 min Daily Meditation,2025-01-26 23:00 (CDT),,,,,,,,,,
2025-01-30 16:35 (-06),On Demand,Charlotte Weidenbach,30,Cycling,Power Zone,30 min Power Zone Endurance Ride,2024-12-19 11:30 (-06),0,0,0%,0,0,0,0,,,
2025-01-30 16:36 (-06),On Demand,Charlotte Weidenbach,30,Cycling,Power Zone,30 min Power Zone Endurance Ride,2024-09-06 00:25 (-06),282,157,45%,82,30.82,15.41,319,125.69,,
2025-01-30 17:07 (-06),On Demand,Mila Lazar,5,Cycling,Cool Down,5 min Cool Down Ride,2025-01-22 23:00 (-06),25,83,36%,77,23.81,1.99,38,105.35,,
2025-01-30 17:14 (-06),On Demand,Emma Lovewell,5,Stretching,Pre & Post-Ride Stretch,5 min Post-Ride Stretch,2025-01-28 23:00 (-06),,,,,,,14,,,
2025-01-31 05:22 (CDT),On Demand,Kirra Michel,10,Meditation,Daily Meditation,10 min Daily Meditation,2025-01-26 23:00 (CDT),,,,,,,,,,
2025-01-31 13:59 (CDT),On Demand,Aditi Shah,5,Meditation,Morning,5 min Morning Meditation,2024-12-03 06:25 (CDT),,,,,,,,,,
2025-01-31 17:10 (CDT),On Demand,Hannah Corbin,10,Strength,Barre,10 min Barre,2021-06-09 09:00 (CDT),,,,,,,57,,,
2025-01-31 17:24 (CDT),On Demand,Kristin McGee,10,Yoga,Focus Flow,10 min Focus Flow: Balancing Poses,2024-04-10 11:27 (CDT),,,,,,,44,,,
2025-01-31 17:36 (CDT),On Demand,Ben Alldis,10,Strength,Core,10 min MOS Ibiza Chillout Core Strength,2021-08-15 23:40 (CDT),,,,,,,57,,,
2025-01-31 17:46 (CDT),On Demand,Ben Alldis,10,Stretching,Full Body Stretch,10 min Full Body Stretch,2022-11-02 07:55 (CDT),,,,,,,28,,,
2025-02-01 05:28 (CDT),On Demand,Aditi Shah,10,Meditation,Morning,10 min Morning Meditation,2024-12-10 06:24 (CDT),,,,,,,,,,
2025-02-01 15:13 (-06),On Demand,Bradley Rose,30,Cycling,Music,30 min 90s Ride,2025-01-31 11:55 (-06),291,162,46%,84,31.32,15.65,309,123.46,,
2025-02-01 15:44 (-06),On Demand,Bradley Rose,5,Cycling,Cool Down,5 min Cool Down Ride,2023-06-30 00:00 (-06),32,106,38%,80,26.19,2.19,41,,,
2025-02-01 15:53 (-06),On Demand,Bradley Rose,5,Stretching,Pre & Post-Ride Stretch,5 min Post-Ride Stretch,2024-05-24 00:00 (-06),,,,,,,14,,,
2025-02-02 05:50 (CDT),On Demand,Chelsea Jackson Roberts,10,Meditation,Morning,10 min Morning Meditation,2025-01-16 06:54 (CDT),,,,,,,,,,
2025-02-03 05:26 (CDT),On Demand,Chelsea Jackson Roberts,10,Meditation,Morning,10 min Morning Meditation,2025-01-16 06:54 (CDT),,,,,,,,,,
2025-02-04 05:08 (CDT),On Demand,Kirra Michel,10,Meditation,Morning,10 min Morning Meditation,2024-07-10 10:00 (CDT),,,,,,,,,,
2025-02-04 12:23 (CDT),On Demand,Chelsea Jackson Roberts,5,Meditation,Relaxation,5 min Calming Meditation,2023-05-19 10:00 (CDT),,,,,,,,,,
2025-02-04 17:07 (-06),On Demand,Denis Morton,30,Cycling,Power Zone,30 min Power Zone 80s Ride,2025-02-01 14:56 (-06),327,182,48%,81,32.48,16.24,425,,,
2025-02-04 17:38 (-06),On Demand,Bradley Rose,5,Cycling,Cool Down,5 min Cool Down Ride,2025-01-30 23:00 (-06),32,105,43%,70,25.91,2.16,41,,,
2025-02-04 17:46 (-06),On Demand,Ben Alldis,5,Stretching,Pre & Post-Ride Stretch,5 min Post-Ride Stretch,2024-12-17 23:00 (-06),,,,,,,14,,,
2025-02-05 05:09 (CDT),On Demand,Anna Greenberg,10,Meditation,Morning,10 min Morning Meditation,2025-02-04 06:56 (CDT),,,,,,,,,,
2025-02-06 05:24 (CDT),On Demand,Anna Greenberg,10,Meditation,Morning,10 min Morning Meditation,2025-02-04 06:56 (CDT),,,,,,,,,,
2025-02-06 17:42 (-06),On Demand,Charlotte Weidenbach,30,Cycling,Power Zone,30 min Power Zone Ride,2024-12-06 01:30 (-06),319,177,47%,81,32.01,16.01,344,134.29,,
2025-02-06 18:13 (-06),On Demand,Mayla Wedekind,5,Cycling,Cool Down,5 min Cool Down Ride,2025-02-05 23:00 (-06),19,64,33%,75,21.18,1.76,25,,,
2025-02-06 18:20 (-06),On Demand,Ben Alldis,5,Stretching,Pre & Post-Ride Stretch,5 min Post-Ride Stretch,2024-12-17 23:00 (-06),,,,,,,32,99.72,,
2025-02-07 05:22 (CDT),On Demand,Anna Greenberg,10,Meditation,Morning,10 min Morning Meditation,2025-02-04 06:56 (CDT),,,,,,,,,,
2025-02-07 11:33 (CDT),On Demand,Aditi Shah,5,Meditation,Morning,5 min Morning Meditation,2025-01-21 06:25 (CDT),,,,,,,,,,
2025-02-07 11:40 (CDT),On Demand,Aditi Shah,5,Meditation,Morning,5 min Morning Meditation,2025-01-21 06:25 (CDT),,,,,,,,,,
2025-02-07 17:25 (CDT),On Demand,Kristin McGee,10,Yoga,Focus Flow,10 min Focus Flow: Balancing Poses,2024-04-10 11:27 (CDT),,,,,,,44,63.60,,
2025-02-07 17:38 (CDT),On Demand,Ben Alldis,10,Strength,Lower Body,10 min Glutes & Legs Strength,2024-10-28 06:24 (CDT),,,,,,,59,91.63,,
2025-02-07 17:52 (CDT),On Demand,Ben Alldis,10,Stretching,Full Body Stretch,10 min Full Body Stretch,2022-05-09 06:18 (CDT),,,,,,,29,72.41,,
2025-02-08 05:16 (CDT),On Demand,Kirra Michel,10,Meditation,Daily Meditation,10 min Daily Meditation,2025-01-26 23:00 (CDT),,,,,,,,,,
2025-02-08 22:05 (CDT),On Demand,Aditi Shah,10,Meditation,Sleep,10 min Sleep Meditation,2025-01-26 22:00 (CDT),,,,,,,,,,
2025-02-09 14:39 (CDT),On Demand,Aditi Shah,10,Meditation,Sleep,10 min Sleep Meditation,2025-01-26 22:00 (CDT),,,,,,,,,,
2025-02-09 16:43 (-06),On Demand,Ben Alldis,5,Stretching,Pre & Post-Ride Stretch,5 min Pre-Ride Warm Up,2025-01-31 23:00 (-06),,,,,,,14,,,
2025-02-09 16:51 (-06),On Demand,Ben Alldis,30,Cycling,Music,30 min 2000s Rock Ride,2025-02-09 07:55 (-06),314,174,49%,77,31.18,15.59,408,,,
2025-02-09 17:23 (-06),On Demand,Leanne Hainsby-Alldis,5,Cycling,Cool Down,5 min Cool Down Ride,2025-02-06 23:00 (-06),29,97,41%,73,24.92,2.07,38,,,
2025-02-09 17:29 (-06),On Demand,Ben Alldis,5,Stretching,Pre & Post-Ride Stretch,5 min Post-Ride Stretch,2024-12-17 23:00 (-06),,,,,,,14,,,
2025-02-10 04:59 (CDT),On Demand,Aditi Shah,10,Meditation,Daily Meditation,10 min Daily Meditation,2025-02-09 23:00 (CDT),,,,,,,,,,
2025-02-10 17:30 (CDT),On Demand,Hannah Corbin,10,Strength,Barre,10 min Barre,2021-06-09 09:00 (CDT),,,,,,,57,,,
2025-02-10 17:43 (CDT),On Demand,Kristin McGee,10,Yoga,Focus Flow,10 min Focus Flow: Balancing Poses,2024-04-10 11:27 (CDT),,,,,,,44,,,
2025-02-10 17:55 (CDT),On Demand,Ben Alldis,10,Strength,Lower Body,10 min Glutes & Legs Strength,2025-01-12 06:15 (CDT),,,,,,,56,,,
2025-02-10 18:07 (CDT),On Demand,Ben Alldis,10,Stretching,Full Body Stretch,10 min 007 Full Body Stretch,2021-10-04 03:13 (CDT),,,,,,,29,,,
2025-02-11 05:00 (CDT),On Demand,Aditi Shah,10,Meditation,Daily Meditation,10 min Daily Meditation,2025-02-09 23:00 (CDT),,,,,,,,,,
2025-02-11 18:23 (-06),On Demand,Leanne Hainsby-Alldis,30,Cycling,Music,30 min 2000s Rock Ride,2024-10-21 04:24 (-06),342,190,48%,84,33.17,16.58,444,,,
2025-02-11 18:55 (-06),On Demand,Leanne Hainsby-Alldis,5,Cycling,Cool Down,5 min Cool Down Ride,2023-08-16 00:00 (-06),24,80,41%,63,22.59,1.88,31,,,
2025-02-11 19:02 (-06),On Demand,Leanne Hainsby-Alldis,5,Stretching,Pre & Post-Ride Stretch,5 min Post-Ride Stretch,2024-01-12 01:00 (-06),,,,,,,14,,,
2025-02-12 05:27 (CDT),On Demand,Anna Greenberg,10,Meditation,Morning,10 min Morning Meditation,2025-02-11 07:05 (CDT),,,,,,,,,,
2025-02-13 05:21 (CDT),On Demand,Aditi Shah,10,Meditation,Morning,10 min Morning Meditation,2025-01-28 06:24 (CDT),,,,,,,,,,
2025-02-13 11:27 (-06),On Demand,Charlotte Weidenbach,30,Cycling,Power Zone,30 min Power Zone Endurance Ride,2024-09-06 00:25 (-06),292,162,45%,83,31.29,15.65,379,,,
2025-02-13 11:58 (-06),On Demand,Irene Kaymer,5,Cycling,Cool Down,5 min Cool Down Ride,2025-02-12 23:00 (-06),25,84,33%,80,22.95,1.91,33,,,
2025-02-13 12:06 (-06),On Demand,Matt Wilpers,5,Stretching,Pre & Post-Ride Stretch,5 min AFO Post-Ride Stretch: The 1975,2022-08-19 06:15 (-06),,,,,,,19,84.68,,
2025-02-14 05:23 (CDT),On Demand,Aditi Shah,10,Meditation,Daily Meditation,10 min Daily Meditation,2025-02-09 23:00 (CDT),,,,,,,,,,
2025-02-15 09:19 (CDT),On Demand,Ben Alldis,20,Strength,Full Body,20 min Full Body Strength,2025-01-25 23:00 (CDT),,,,,,,118,96.71,,
2025-02-15 09:42 (CDT),On Demand,Selena Samuela,5,Strength,Core,5 min Core Strength,2024-09-09 23:00 (CDT),,,,,,,29,99.29,,
2025-02-15 09:49 (CDT),On Demand,Nico Sarani,5,Yoga,Yoga Basics,5 min Basics: Tree Pose,2024-06-26 09:00 (CDT),,,,,,,14,,,
2025-02-15 09:55 (CDT),On Demand,Ross Rayburn,5,Yoga,Yoga Basics,5 min Basics: Anjaneyasana,2022-11-30 09:00 (CDT),,,,,,,20,,,
2025-02-15 10:00 (CDT),On Demand,Ben Alldis,10,Stretching,Full Body Stretch,10 min Full Body Stretch,2022-11-02 07:55 (CDT),,,,,,,28,,,
2025-02-15 10:11 (CDT),On Demand,Aditi Shah,10,Meditation,Daily Meditation,10 min Daily Meditation,2025-02-09 23:00 (CDT),,,,,,,,,,
2025-02-16 12:34 (CDT),On Demand,Aditi Shah,10,Meditation,Morning,10 min Morning Meditation,2025-01-28 06:24 (CDT),,,,,,,,,,
2025-02-17 10:04 (CDT),On Demand,Aditi Shah,10,Meditation,Morning,10 min Morning Meditation,2024-12-10 06:24 (CDT),,,,,,,,,,
2025-02-17 12:19 (CDT),On Demand,Susie Chan,5,Stretching,Post-Run Stretch,5 min Post-Run Stretch,2022-01-25 03:12 (CDT),,,,,,,14,,,
2025-02-18 05:13 (CDT),On Demand,Kirra Michel,10,Meditation,Daily Meditation,10 min Daily Meditation,2025-02-16 23:00 (CDT),,,,,,,,,,
2025-02-18 12:23 (CDT),On Demand,Aditi Shah,5,Meditation,Morning,5 min Morning Meditation,2025-01-21 06:25 (CDT),,,,,,,,,,
2025-02-18 17:16 (CDT),On Demand,Ben Alldis,20,Strength,Full Body,20 min Full Body Strength,2023-11-13 05:30 (CDT),,,,,,,116,92.28,,
2025-02-18 17:46 (CDT),On Demand,Kristin McGee,10,Yoga,Focus Flow,10 min Focus Flow: Balancing Poses,2024-04-10 11:27 (CDT),,,,,,,44,,,
2025-02-18 17:57 (CDT),On Demand,Ben Alldis,10,Stretching,Full Body Stretch,10 min Full Body Stretch,2022-11-24 09:46 (CDT),,,,,,,28,70.68,,
2025-02-19 05:16 (CDT),On Demand,Kirra Michel,10,Meditation,Daily Meditation,10 min Daily Meditation,2025-02-16 23:00 (CDT),,,,,,,,,,
2025-02-20 05:18 (CDT),On Demand,Kirra Michel,10,Meditation,Daily Meditation,10 min Daily Meditation,2025-02-16 23:00 (CDT),,,,,,,,,,
2025-02-20 19:01 (CDT),On Demand,Susie Chan,5,Stretching,Post-Run Stretch,5 min Post-Run Stretch,2024-10-09 23:00 (CDT),,,,,,,14,,,
2025-02-21 05:04 (CDT),On Demand,Kirra Michel,10,Meditation,Daily Meditation,10 min Daily Meditation,2025-02-16 23:00 (CDT),,,,,,,,,,
2025-02-22 05:30 (CDT),On Demand,Kirra Michel,10,Meditation,Daily Meditation,10 min Daily Meditation,2025-02-16 23:00 (CDT),,,,,,,,,,
2025-02-22 10:55 (CDT),On Demand,Ben Alldis,20,Strength,Full Body,20 min Full Body Strength,2023-11-13 05:30 (CDT),,,,,,,136,100.88,,
2025-02-22 11:20 (CDT),On Demand,Hannah Corbin,10,Strength,Barre,10 min Barre,2021-06-09 09:00 (CDT),,,,,,,57,,,
2025-02-22 11:33 (CDT),On Demand,Ben Alldis,10,Stretching,Full Body Stretch,10 min Full Body Stretch,2021-11-08 02:57 (CDT),,,,,,,31,78.33,,
2025-02-23 06:54 (CDT),On Demand,Kirra Michel,10,Meditation,Daily Meditation,10 min Daily Meditation,2025-02-16 23:00 (CDT),,,,,,,,,,
2025-02-23 07:06 (CDT),On Demand,Kirra Michel,10,Meditation,Daily Meditation,10 min Daily Meditation,2025-02-16 23:00 (CDT),,,,,,,,,,
2025-02-23 12:25 (-06),On Demand,Ben Alldis,5,Stretching,Pre & Post-Ride Stretch,5 min Pre-Ride Warm Up,2025-01-31 23:00 (-06),,,,,,,14,,,
2025-02-23 12:33 (-06),On Demand,Emma Lovewell,30,Cycling,Music,30 min 90s Rock Ride,2025-02-18 19:25 (-06),308,171,46%,84,31.76,15.87,331,130.12,,
2025-02-23 13:03 (-06),On Demand,Matt Wilpers,5,Cycling,Cool Down,5 min Cool Down Ride,2025-02-13 23:00 (-06),22,74,34%,81,22.71,1.89,37,111.94,,
2025-02-23 13:10 (-06),On Demand,Denis Morton,5,Stretching,Pre & Post-Ride Stretch,5 min Post-Ride Stretch,2025-02-04 23:00 (-06),,,,,,,14,,,
2025-02-23 14:38 (CDT),On Demand,Kirra Michel,10,Meditation,Sleep,10 min Sleep Meditation,2025-02-02 21:00 (CDT),,,,,,,,,,
2025-02-24 05:21 (CDT),On Demand,Kirra Michel,10,Meditation,Daily Meditation,10 min Daily Meditation,2025-02-16 23:00 (CDT),,,,,,,,,,
2025-02-24 12:03 (CDT),On Demand,Ben Alldis,20,Strength,Full Body,20 min Full Body Strength,2023-11-13 05:30 (CDT),,,,,,,113,,,
2025-02-24 12:29 (CDT),On Demand,Kristin McGee,10,Yoga,Focus Flow,10 min Focus Flow: Balancing Poses,2024-04-10 11:27 (CDT),,,,,,,44,,,
2025-02-24 12:39 (CDT),On Demand,Ben Alldis,10,Stretching,Full Body Stretch,10 min Full Body Stretch,2023-11-23 07:25 (CDT),,,,,,,28,,,
2025-02-25 05:19 (CDT),On Demand,Chelsea Jackson Roberts,10,Meditation,Morning,10 min Morning Meditation,2025-02-18 06:23 (CDT),,,,,,,,,,
2025-02-25 17:34 (-06),On Demand,Christian Vande Velde,30,Cycling,Power Zone,30 min Power Zone Rock Ride,2025-02-14 12:34 (-06),322,179,46%,84,32.02,16.00,297,120.72,,
2025-02-25 18:06 (-06),On Demand,Irene Kaymer,5,Cycling,Cool Down,5 min Cool Down Ride,2025-02-12 23:00 (-06),24,81,33%,78,22.63,1.88,31,,,
2025-02-25 18:13 (-06),On Demand,Hannah Corbin,5,Stretching,Pre & Post-Ride Stretch,5 min Post-Ride Stretch,2025-02-18 23:00 (-06),,,,,,,14,,,
2025-02-26 05:18 (CDT),On Demand,Aditi Shah,10,Meditation,Morning,10 min Morning Meditation,2025-02-25 06:24 (CDT),,,,,,,,,,
2025-02-27 05:12 (CDT),On Demand,Aditi Shah,10,Meditation,Morning,10 min Morning Meditation,2025-02-25 06:24 (CDT),,,,,,,,,,
2025-02-27 16:52 (-06),On Demand,Leanne Hainsby-Alldis,30,Cycling,Music,30 min 2000s Rock Ride,2021-03-25 05:00 (-06),320,178,47%,83,32.17,16.08,416,,,
2025-02-27 17:24 (-06),On Demand,Leanne Hainsby-Alldis,5,Cycling,Cool Down,5 min Cool Down Ride,2025-02-06 23:00 (-06),29,96,41%,71,24.96,2.08,38,,,
2025-02-27 17:30 (-06),On Demand,Mila Lazar,5,Stretching,Pre & Post-Ride Stretch,5 min Post-Ride Stretch,2025-02-26 23:00 (-06),,,,,,,14,,,
2025-02-28 05:16 (CDT),On Demand,Aditi Shah,10,Meditation,Morning,10 min Morning Meditation,2025-02-27 06:24 (CDT),,,,,,,,,,
2025-02-28 08:51 (CDT),On Demand,Aditi Shah,5,Meditation,Morning,5 min Morning Meditation,2025-01-21 06:25 (CDT),,,,,,,,,,
2025-03-01 06:18 (CDT),On Demand,Aditi Shah,10,Meditation,Morning,10 min Morning Meditation,2024-07-15 06:25 (CDT),,,,,,,,,,
2025-03-01 11:19 (CDT),On Demand,Ben Alldis,20,Strength,Full Body,20 min Full Body Strength,2025-02-23 05:55 (CDT),,,,,,,122,96.67,,
2025-03-01 11:44 (CDT),On Demand,Katie Wang,10,Strength,Core,10 min Core Strength,2025-02-21 09:00 (CDT),,,,,,,57,,,
2025-03-01 11:55 (CDT),On Demand,Ben Alldis,10,Stretching,Full Body Stretch,10 min David Bowie Full Body Stretch,2022-01-19 06:51 (CDT),,,,,,,38,81.74,,
2025-03-01 13:18 (CDT),On Demand,Kirra Michel,10,Meditation,Sleep,10 min Sleep Meditation,2025-02-02 21:00 (CDT),,,,,,,,,,
2025-03-02 16:30 (-06),On Demand,Mayla Wedekind,5,Stretching,Pre & Post-Ride Stretch,5 min Pre-Ride Warm Up,2024-08-21 22:00 (-06),,,,,,,28,,,
2025-03-02 16:42 (-06),On Demand,Mayla Wedekind,30,Cycling,Music,30 min Punk Rock Ride,2024-12-10 10:54 (-06),328,182,48%,81,32.48,16.25,336,132.42,,
2025-03-02 17:14 (-06),On Demand,Mayla Wedekind,5,Cycling,Cool Down,5 min Cool Down Ride,2025-02-05 23:00 (-06),23,78,36%,76,22.89,1.91,30,,,
2025-03-02 17:21 (-06),On Demand,Mila Lazar,5,Stretching,Pre & Post-Ride Stretch,5 min Post-Ride Stretch,2025-02-26 23:00 (-06),,,,,,,14,,,
2025-03-03 05:22 (CDT),On Demand,Aditi Shah,10,Meditation,Daily Meditation,10 min Daily Meditation,2025-03-02 23:00 (CDT),,,,,,,,,,
2025-03-04 05:23 (CDT),On Demand,Aditi Shah,10,Meditation,Morning,10 min Morning Meditation,2024-07-15 06:25 (CDT),,,,,,,,,,
2025-03-04 18:07 (CDT),On Demand,Ben Alldis,20,Strength,Full Body,20 min Full Body Strength,2025-02-23 05:55 (CDT),,,,,,,113,,,
2025-03-04 18:28 (CDT),On Demand,Hannah Corbin,10,Strength,Barre,10 min Barre: Core,2024-10-18 08:23 (CDT),,,,,,,57,,,
2025-03-04 18:42 (CDT),On Demand,Ben Alldis,10,Stretching,Full Body Stretch,10 min Full Body Stretch,2025-03-02 23:00 (CDT),,,,,,,28,,,
2025-03-05 05:20 (CDT),On Demand,Aditi Shah,10,Meditation,Morning,10 min Morning Meditation,2025-03-04 06:25 (CDT),,,,,,,,,,
2025-03-05 17:56 (-06),On Demand,Mayla Wedekind,30,Cycling,Music,30 min Rock Ride,2024-09-21 01:00 (-06),311,173,46%,86,32.07,16.03,290,115.61,,
2025-03-05 18:27 (-06),On Demand,Matt Wilpers,5,Cycling,Cool Down,5 min Cool Down Ride,2025-02-13 23:00 (-06),21,69,33%,76,21.19,1.77,27,,,
2025-03-05 18:33 (-06),On Demand,Matt Wilpers,5,Stretching,Pre & Post-Ride Stretch,5 min Post-Ride Stretch,2025-03-04 23:00 (-06),,,,,,,14,,,
2025-03-06 02:10 (CDT),On Demand,Aditi Shah,20,Meditation,Sleep,20 min Sleep Meditation,2024-03-15 22:00 (CDT),,,,,,,,,,
2025-03-06 04:56 (CDT),On Demand,Aditi Shah,10,Meditation,Morning,10 min Morning Meditation,2025-03-04 06:25 (CDT),,,,,,,,,,
2025-03-07 05:21 (CDT),On Demand,Aditi Shah,10,Meditation,Morning,10 min Morning Meditation,2025-03-04 06:25 (CDT),,,,,,,,,,
2025-03-07 20:41 (CDT),On Demand,Susie Chan,5,Stretching,Post-Run Stretch,5 min Post-Run Stretch,2024-10-09 23:00 (CDT),,,,,,,14,,,
2025-03-08 06:02 (CDT),On Demand,Aditi Shah,10,Meditation,Morning,10 min Morning Meditation,2025-03-04 06:25 (CDT),,,,,,,,,,
2025-03-08 16:05 (CDT),On Demand,Katie Wang,20,Strength,Full Body,20 min Full Body Strength,2024-11-01 08:26 (CDT),,,,,,,131,93.67,,
2025-03-08 16:33 (CDT),On Demand,Ben Alldis,10,Strength,Core,10 min Core Strength,2025-03-03 05:45 (CDT),,,,,,,58,91.33,,
2025-03-08 16:51 (CDT),On Demand,Ben Alldis,10,Stretching,Full Body Stretch,10 min Full Body Stretch,2025-03-02 23:00 (CDT),,,,,,,28,,,
2025-03-09 06:06 (CDT),On Demand,Anna Greenberg,10,Meditation,Mindfulness,10 min Breathing Meditation,2025-03-07 09:20 (CDT),,,,,,,,,,
2025-03-09 13:16 (-05),On Demand,Mayla Wedekind,30,Cycling,Music,30 min Indie Rock Ride,2025-03-08 04:25 (-05),91,148,43%,84,30.24,5.15,118,,,
2025-03-09 13:27 (-05),On Demand,Leanne Hainsby-Alldis,20,Cycling,Music,20 min 90s Rock Ride,2025-02-17 06:55 (-05),221,184,47%,84,32.78,10.92,231,130.47,,
2025-03-09 13:49 (-05),On Demand,Charlotte Weidenbach,5,Cycling,Cool Down,5 min Cool Down Ride,2025-03-06 00:00 (-05),26,87,38%,75,24.16,2.02,39,108.59,,
2025-03-09 13:58 (-05),On Demand,Leanne Hainsby-Alldis,5,Cycling,Cool Down,5 min Cool Down Ride,2023-06-16 01:00 (-05),0,0,34%,0,0.00,0,0,,,
2025-03-09 13:59 (-05),On Demand,Jenn Sherman,5,Stretching,Pre & Post-Ride Stretch,5 min Post-Ride Stretch,2021-10-18 10:00 (-05),,,,,,,14,,,
2025-03-12 08:37 (EDT),On Demand,Susie Chan,5,Stretching,Post-Run Stretch,5 min Post-Run Stretch,2025-02-27 00:00 (EDT),,,,,,,14,,,
2025-03-14 11:24 (-05),On Demand,Mayla Wedekind,5,Cycling,Warm Up,5 min Warm Up Ride,2025-02-06 00:00 (-05),31,102,34%,92,25.83,2.15,34,102.89,,
2025-03-14 11:31 (-05),On Demand,Ben Alldis,30,Cycling,Intervals,30 min HIIT & Hills Ride,2024-03-04 13:25 (-05),407,226,57%,74,35.17,17.58,399,143.32,,
2025-03-14 12:04 (-05),On Demand,Matt Wilpers,5,Cycling,Cool Down,5 min Cool Down Ride,2025-02-14 00:00 (-05),10,32,23%,77,14.93,1.25,12,,,
2025-03-14 12:15 (-05),On Demand,Jenn Sherman,5,Stretching,Pre & Post-Ride Stretch,5 min Post-Ride Stretch,2021-10-18 10:00 (-05),,,,,,,14,,,
2025-03-14 17:46 (CDT),On Demand,Aditi Shah,10,Meditation,Morning,10 min Morning Meditation,2025-03-11 06:26 (CDT),,,,,,,,,,
2025-03-15 06:40 (CDT),On Demand,Kirra Michel,10,Meditation,Morning,10 min Morning Meditation,2024-07-10 10:00 (CDT),,,,,,,,,,
2025-03-15 10:36 (CDT),On Demand,Ben Alldis,20,Strength,Full Body,20 min Full Body Strength,2025-03-09 06:55 (CDT),,,,,,,123,114.40,,
2025-03-15 10:59 (CDT),On Demand,Katie Wang,10,Strength,Core,10 min Core Strength,2025-03-13 23:00 (CDT),,,,,,,62,96.23,,
2025-03-15 11:17 (CDT),On Demand,Ben Alldis,10,Stretching,Full Body Stretch,10 min Full Body Stretch,2025-03-02 23:00 (CDT),,,,,,,28,,,
2025-03-15 11:29 (CDT),On Demand,Aditi Shah,5,Yoga,Restorative,5 min Restorative,2025-02-11 23:00 (CDT),,,,,,,11,,,
2025-03-16 08:38 (CDT),On Demand,Anna Greenberg,10,Meditation,Mindfulness,10 min Focus Meditation,2025-03-07 09:25 (CDT),,,,,,,,,,
2025-03-16 12:31 (-05),On Demand,Christian Vande Velde,45,Cycling,Power Zone,45 min Power Zone Endurance Ride,2025-02-18 06:25 (-05),487,180,43%,93,32.79,24.58,548,134.79,,
2025-03-16 13:17 (-05),On Demand,Mayla Wedekind,5,Cycling,Cool Down,5 min Cool Down Ride,2025-02-06 00:00 (-05),25,85,35%,81,24.01,2.00,33,,,
2025-03-16 13:24 (-05),On Demand,Charlotte Weidenbach,5,Stretching,Pre & Post-Ride Stretch,5 min Post-Ride Stretch,2025-03-13 00:00 (-05),,,,,,,14,,,
2025-03-16 16:04 (CDT),On Demand,Anna Greenberg,15,Meditation,Sleep,15 min Sleep Meditation,2025-03-13 23:00 (CDT),,,,,,,,,,
2025-03-16 20:11 (CDT),On Demand,Matty Maggiacomo,5,Stretching,Full Body Stretch,5 min Evening Stretch,2025-02-27 23:00 (CDT),,,,,,,14,,,
2025-03-17 05:25 (CDT),On Demand,Kirra Michel,10,Meditation,Morning,10 min Morning Meditation,2023-09-14 10:00 (CDT),,,,,,,,,,
2025-03-17 17:44 (CDT),On Demand,Ben Alldis,20,Strength,Full Body,20 min Full Body Strength,2025-03-09 06:55 (CDT),,,,,,,113,,,
2025-03-17 18:07 (CDT),On Demand,Ben Alldis,10,Strength,Core,10 min Core Strength,2025-03-03 05:45 (CDT),,,,,,,57,,,
2025-03-17 18:18 (CDT),On Demand,Ben Alldis,10,Stretching,Full Body Stretch,10 min Full Body Stretch,2025-03-02 23:00 (CDT),,,,,,,28,,,
2025-03-18 05:20 (CDT),On Demand,Aditi Shah,10,Meditation,Daily Meditation,10 min Daily Meditation,2024-12-01 23:00 (CDT),,,,,,,,,,
2025-03-18 21:25 (CDT),On Demand,Nico Sarani,10,Meditation,Sleep,10 min Sleep Meditation,2025-01-13 23:00 (CDT),,,,,,,,,,
2025-03-19 05:17 (CDT),On Demand,Kirra Michel,10,Meditation,Emotions,10 min Kindness Meditation,2025-02-25 23:00 (CDT),,,,,,,,,,
2025-03-19 12:44 (CDT),On Demand,Ross Rayburn,5,Meditation,Mindfulness,5 min Body Scan Meditation,2024-03-20 10:00 (CDT),,,,,,,,,,
2025-03-19 18:01 (-05),On Demand,Denis Morton,30,Cycling,Power Zone,30 min Power Zone Rock Ride,2025-03-08 11:55 (-05),311,173,46%,82,31.50,15.74,297,120.83,,
2025-03-19 18:32 (-05),On Demand,Jenn Sherman,5,Cycling,Cool Down,5 min Cool Down Ride,2024-08-20 23:00 (-05),25,82,35%,77,23.14,1.92,42,113.82,,
2025-03-19 18:40 (-05),On Demand,Alex Toussaint,5,Stretching,Pre & Post-Ride Stretch,5 min Post-Ride Stretch,2025-03-18 23:00 (-05),,,,,,,14,,,
2025-03-19 20:35 (CDT),On Demand,Matty Maggiacomo,5,Stretching,Full Body Stretch,5 min Evening Stretch,2025-02-27 23:00 (CDT),,,,,,,14,,,
2025-03-20 05:22 (CDT),On Demand,Chelsea Jackson Roberts,10,Meditation,Morning,10 min Morning Meditation,2025-02-18 06:23 (CDT),,,,,,,,,,
2025-03-21 05:17 (CDT),On Demand,Kirra Michel,10,Meditation,Daily Meditation,10 min Daily Meditation,2025-03-09 23:00 (CDT),,,,,,,,,,
2025-03-21 16:54 (-05),On Demand,Bradley Rose,30,Cycling,Music,30 min 90s Rock Ride,2025-03-07 12:54 (-05),304,169,47%,83,31.78,15.89,276,116.75,,
2025-03-21 17:25 (-05),On Demand,Camila Ramon,5,Cycling,Cool Down,5 min Cool Down Ride,2025-03-11 23:00 (-05),31,103,37%,85,25.88,2.15,40,,,
2025-03-21 17:32 (-05),On Demand,Matt Wilpers,5,Stretching,Pre & Post-Ride Stretch,5 min Post-Ride Stretch,2025-03-05 00:00 (-05),,,,,,,14,,,
2025-03-22 05:46 (CDT),On Demand,Kirra Michel,10,Meditation,Daily Meditation,10 min Daily Meditation,2025-03-09 23:00 (CDT),,,,,,,,,,
2025-03-22 12:14 (CDT),On Demand,Callie Gullickson,20,Strength,Full Body,20 min Full Body Strength,2025-02-16 11:24 (CDT),,,,,,,130,94.36,,
2025-03-22 12:38 (CDT),On Demand,Hannah Corbin,10,Strength,Barre,10 min Barre: Core,2023-10-16 09:00 (CDT),,,,,,,57,87.12,,
2025-03-22 12:50 (CDT),On Demand,Irene Kaymer,10,Stretching,Full Body Stretch,10 min Full Body Stretch,2025-02-25 23:00 (CDT),,,,,,,28,70.49,,
2025-03-23 06:40 (CDT),On Demand,Kirra Michel,10,Meditation,Daily Meditation,10 min Daily Meditation,2025-03-09 23:00 (CDT),,,,,,,,,,
2025-03-23 16:20 (-05),On Demand,Ben Alldis,30,Cycling,Intervals,30 min HIIT & Hills Ride,2025-02-18 07:54 (-05),425,236,56%,77,36.10,18.06,413,135.10,,
2025-03-23 16:51 (-05),On Demand,Sam Yo,5,Cycling,Cool Down,5 min Cool Down Ride,2025-03-21 00:00 (-05),25,81,38%,71,22.96,1.93,45,119.83,,
2025-03-23 16:58 (-05),On Demand,Sam Yo,5,Stretching,Pre & Post-Ride Stretch,5 min Post-Ride Stretch: Imagine Dragons,2021-07-02 07:00 (-05),,,,,,,14,,,
2025-03-23 19:46 (CDT),On Demand,Matty Maggiacomo,5,Stretching,Full Body Stretch,5 min Evening Stretch,2025-02-27 23:00 (CDT),,,,,,,14,,,
2025-03-23 21:16 (CDT),On Demand,Anna Greenberg,15,Meditation,Sleep,15 min Sleep Meditation,2025-03-13 23:00 (CDT),,,,,,,,,,
2025-03-24 05:21 (CDT),On Demand,Aditi Shah,10,Meditation,Daily Meditation,10 min Daily Meditation,2025-03-23 23:00 (CDT),,,,,,,,,,
2025-03-24 11:29 (CDT),On Demand,Ben Alldis,20,Strength,Full Body,20 min Full Body Strength,2025-03-24 06:25 (CDT),,,,,,,113,84.03,,
2025-03-24 11:59 (CDT),On Demand,Hannah Corbin,10,Strength,Barre,10 min Barre: Core,2023-10-16 09:00 (CDT),,,,,,,57,,,
2025-03-24 12:11 (CDT),On Demand,Irene Kaymer,10,Stretching,Full Body Stretch,10 min Full Body Stretch,2025-02-25 23:00 (CDT),,,,,,,28,70.82,,
2025-03-24 20:55 (CDT),On Demand,Matty Maggiacomo,5,Stretching,Full Body Stretch,5 min Evening Stretch,2025-02-27 23:00 (CDT),,,,,,,14,,,
2025-03-25 05:22 (CDT),On Demand,Kirra Michel,10,Meditation,Daily Meditation,10 min Daily Meditation,2025-03-09 23:00 (CDT),,,,,,,,,,
2025-03-26 05:20 (CDT),On Demand,Aditi Shah,10,Meditation,Morning,10 min Morning Meditation,2025-03-25 06:25 (CDT),,,,,,,,,,
2025-03-26 16:38 (-05),On Demand,Christian Vande Velde,30,Cycling,Power Zone,30 min Power Zone Rock Ride,2025-02-14 13:34 (-05),319,177,45%,88,31.98,16.00,297,120.59,,
2025-03-26 17:09 (-05),On Demand,Hannah Corbin,5,Cycling,Cool Down,5 min Cool Down Ride,2025-03-25 23:00 (-05),29,97,43%,65,25.46,2.12,43,92.70,,
2025-03-26 17:17 (-05),On Demand,Benny Adami,5,Stretching,Pre & Post-Ride Stretch,5 min Post-Ride Stretch,2025-02-13 00:00 (-05),,,,,,,14,,,
2025-03-27 05:23 (CDT),On Demand,Aditi Shah,10,Meditation,Morning,10 min Morning Meditation,2025-03-25 06:25 (CDT),,,,,,,,,,
2025-03-28 04:45 (CDT),On Demand,Aditi Shah,10,Meditation,Morning,10 min Morning Meditation,2024-07-15 06:25 (CDT),,,,,,,,,,
2025-03-28 04:56 (CDT),On Demand,Aditi Shah,10,Meditation,Morning,10 min Morning Meditation,2024-07-15 06:25 (CDT),,,,,,,,,,
2025-03-28 16:49 (CDT),On Demand,Ben Alldis,20,Strength,Full Body,20 min Full Body Strength,2025-03-24 06:25 (CDT),,,,,,,113,,,
2025-03-28 17:14 (CDT),On Demand,Kirra Michel,10,Yoga,Flow,10 min Yoga Flow,2024-12-10 17:10 (CDT),,,,,,,11,97.00,,
2025-03-28 17:21 (CDT),On Demand,Chelsea Jackson Roberts,10,Yoga,Focus Flow,10 min Focus Flow: Core,2025-02-23 23:00 (CDT),,,,,,,34,,,
2025-03-28 17:31 (CDT),On Demand,Hannah Corbin,10,Stretching,Full Body Stretch,10 min Full Body Stretch,2025-03-20 23:00 (CDT),,,,,,,28,,,
2025-03-29 05:21 (CDT),On Demand,Kirra Michel,10,Meditation,Daily Meditation,10 min Daily Meditation,2025-03-09 23:00 (CDT),,,,,,,,,,
2025-03-29 10:56 (-05),On Demand,Olivia Amato,20,Cycling,Scenic Ride,20 min Dublin Ride,,211,176,48%,80,32.11,10.70,274,,,
2025-03-29 11:18 (-05),On Demand,Charlotte Weidenbach,10,Cycling,Intervals,Extra 10: HIIT Ride,2024-12-23 00:00 (-05),109,181,43%,94,32.58,5.43,141,,,
2025-03-29 11:30 (-05),On Demand,Hannah Corbin,5,Cycling,Cool Down,5 min Cool Down Ride,2025-03-25 23:00 (-05),36,119,43%,73,27.53,2.29,46,,,
2025-03-29 11:36 (-05),On Demand,Mayla Wedekind,5,Stretching,Pre & Post-Ride Stretch,5 min Post-Ride Stretch,2025-03-27 00:00 (-05),,,,,,,14,,,
2025-03-30 10:20 (CDT),On Demand,Ben Alldis,30,Strength,Full Body,30 min Full Body Strength,2024-02-28 05:25 (CDT),,,,,,,187,92.11,,
2025-03-30 10:55 (CDT),On Demand,Ben Alldis,10,Stretching,Full Body Stretch,10 min Full Body Stretch,2025-03-02 23:00 (CDT),,,,,,,28,,,
2025-03-30 11:07 (CDT),On Demand,Aditi Shah,10,Meditation,Theme,10 min Flow & Let Go Meditation,2025-03-29 09:07 (CDT),,,,,,,,,,
2025-03-30 14:07 (CDT),On Demand,Matty Maggiacomo,5,Stretching,Full Body Stretch,5 min Evening Stretch,2025-02-27 23:00 (CDT),,,,,,,14,,,
2025-03-31 05:20 (CDT),On Demand,Chelsea Jackson Roberts,10,Meditation,Daily Meditation,10 min Daily Meditation,2025-03-30 23:00 (CDT),,,,,,,,,,
2025-03-31 17:59 (-05),On Demand,Matt Wilpers,30,Cycling,Power Zone,30 min Power Zone Endurance Ride,2025-03-11 23:00 (-05),305,170,45%,87,31.83,15.92,266,113.49,,
2025-03-31 18:29 (-05),On Demand,Matt Wilpers,5,Cycling,Cool Down,5 min Cool Down Ride,2024-04-17 10:00 (-05),16,53,26%,91,19.49,1.62,30,87.28,,
2025-03-31 18:36 (-05),On Demand,Ben Alldis,5,Stretching,Pre & Post-Ride Stretch,5 min Post-Ride Stretch,2023-08-11 03:00 (-05),,,,,,,14,,,
2025-04-01 05:20 (CDT),On Demand,Aditi Shah,10,Meditation,Morning,10 min Morning Meditation,2024-07-15 06:25 (CDT),,,,,,,,,,
2025-04-02 05:25 (CDT),On Demand,Chelsea Jackson Roberts,10,Meditation,Morning,10 min Morning Meditation,2025-04-01 07:05 (CDT),,,,,,,,,,
2025-04-03 05:21 (CDT),On Demand,Chelsea Jackson Roberts,10,Meditation,Morning,10 min Morning Meditation,2025-04-01 07:05 (CDT),,,,,,,,,,
2025-04-03 17:26 (-05),On Demand,Emma Lovewell,30,Cycling,Music,30 min Rock Ride,2025-03-16 07:53 (-05),318,176,51%,72,31.85,15.93,413,,,
2025-04-03 17:57 (-05),On Demand,Emma Lovewell,5,Cycling,Cool Down,5 min Cool Down Ride,2024-10-29 23:00 (-05),15,50,29%,74,18.31,1.52,19,,,
2025-04-03 18:03 (-05),On Demand,Emma Lovewell,5,Stretching,Pre & Post-Ride Stretch,5 min Post-Ride Stretch,2022-05-11 10:00 (-05),,,,,,,14,,,
2025-04-04 05:20 (CDT),On Demand,Chelsea Jackson Roberts,10,Meditation,Morning,10 min Morning Meditation,2025-04-03 06:49 (CDT),,,,,,,,,,
2025-04-04 17:32 (CDT),On Demand,Ben Alldis,20,Strength,Full Body,20 min Full Body Strength,2025-02-23 05:55 (CDT),,,,,,,120,89.59,,
2025-04-04 17:54 (CDT),On Demand,Kristin McGee,10,Yoga,Focus Flow,10 min Focus Flow: Balancing Poses,2024-04-10 11:27 (CDT),,,,,,,47,84.13,,
2025-04-04 18:08 (CDT),On Demand,Ben Alldis,10,Stretching,Full Body Stretch,10 min Backstreet Boys Holiday Stretch,2024-12-11 23:00 (CDT),,,,,,,28,,,
2025-04-05 05:39 (CDT),On Demand,Chelsea Jackson Roberts,10,Meditation,Morning,10 min Morning Meditation,2025-04-03 06:49 (CDT),,,,,,,,,,
2025-04-05 12:44 (-05),On Demand,Leanne Hainsby-Alldis,20,Cycling,Music,20 min 2000s Rock Ride,2025-04-01 23:00 (-05),0,0,0%,0,0,0,0,,,
2025-04-05 12:50 (-05),On Demand,Charlotte Weidenbach,30,Cycling,Music,30 min Rock Ride,2025-04-01 00:00 (-05),402,224,57%,73,35.05,17.52,364,135.80,,
2025-04-05 13:22 (-05),On Demand,Hannah Corbin,5,Cycling,Cool Down,5 min Cool Down Ride,2025-03-25 23:00 (-05),30,101,47%,59,25.15,2.09,39,,,
2025-04-05 13:28 (-05),On Demand,Bradley Rose,5,Stretching,Pre & Post-Ride Stretch,5 min Lady Gaga Post-Ride Stretch,2025-03-27 00:00 (-05),,,,,,,44,114.50,,
2025-04-06 11:26 (CDT),On Demand,Adrian Williams,20,Strength,Full Body,20 min Full Body Strength,2025-02-12 23:00 (CDT),,,,,,,122,99.42,,
2025-04-06 11:50 (CDT),On Demand,Denis Morton,10,Yoga,Focus Flow,10 min Focus Flow: For Riders,2025-02-25 23:00 (CDT),,,,,,,41,,,
2025-04-06 12:02 (CDT),On Demand,Assal Arian,5,Stretching,Upper Body Stretch,5 min Upper Body Stretch,2024-08-27 23:00 (CDT),,,,,,,14,,,
2025-04-06 12:10 (CDT),On Demand,Aditi Shah,5,Meditation,Emotions,5 min Meditation for Anxiety,2025-02-18 23:00 (CDT),,,,,,,,,,
2025-04-07 05:22 (CDT),On Demand,Chelsea Jackson Roberts,10,Meditation,Daily Meditation,10 min Daily Meditation,2025-03-16 23:00 (CDT),,,,,,,,,,
2025-04-07 19:57 (CDT),On Demand,Matty Maggiacomo,5,Stretching,Full Body Stretch,5 min Evening Stretch,2025-02-27 23:00 (CDT),,,,,,,14,,,
2025-04-08 05:18 (CDT),On Demand,Kirra Michel,10,Meditation,Daily Meditation,10 min Daily Meditation,2025-04-06 23:00 (CDT),,,,,,,,,,
2025-04-08 17:47 (-05),On Demand,Christian Vande Velde,30,Cycling,Pro Cyclist,30 min Pro Cyclist: Technique,2025-04-01 23:00 (-05),318,177,50%,78,32.39,16.20,356,131.64,,
2025-04-08 18:19 (-05),On Demand,Hannah Corbin,5,Cycling,Cool Down,5 min Cool Down Ride,2025-03-25 23:00 (-05),28,95,47%,56,24.00,1.99,35,104.63,,
2025-04-08 18:26 (-05),On Demand,Jess King,5,Stretching,Pre & Post-Ride Stretch,5 min Post-Ride Stretch,2025-03-07 00:00 (-05),,,,,,,14,,,
2025-04-09 05:21 (CDT),On Demand,Kirra Michel,10,Meditation,Daily Meditation,10 min Daily Meditation,2025-04-06 23:00 (CDT),,,,,,,,,,
2025-04-09 21:15 (CDT),On Demand,Matty Maggiacomo,5,Stretching,Full Body Stretch,5 min Evening Stretch,2025-02-27 23:00 (CDT),,,,,,,14,,,
2025-04-10 05:22 (CDT),On Demand,Kirra Michel,10,Meditation,Daily Meditation,10 min Daily Meditation,2025-04-06 23:00 (CDT),,,,,,,,,,
2025-04-11 05:18 (CDT),On Demand,Aditi Shah,10,Meditation,Morning,10 min Morning Meditation,2025-03-25 06:25 (CDT),,,,,,,,,,
2025-04-11 16:28 (-05),On Demand,Charlotte Weidenbach,30,Cycling,Power Zone,30 min Power Zone Endurance Rock Ride,2025-04-11 01:25 (-05),303,168,43%,92,31.76,15.88,301,122.78,,
2025-04-11 16:58 (-05),On Demand,Hannah Corbin,5,Cycling,Cool Down,5 min Cool Down Ride,2025-03-25 23:00 (-05),35,115,47%,64,27.05,2.26,45,,,
2025-04-11 17:07 (-05),On Demand,Ben Alldis,5,Stretching,Pre & Post-Ride Stretch,5 min Post-Ride Stretch,2025-04-01 23:00 (-05),,,,,,,14,,,
2025-04-12 05:32 (CDT),On Demand,Anna Greenberg,10,Meditation,Mindfulness,10 min Body Scan Meditation,2025-03-07 09:15 (CDT),,,,,,,,,,
2025-04-12 12:21 (CDT),On Demand,Ben Alldis,20,Strength,Full Body,20 min Tropical House Full Body Strength,2024-08-25 05:55 (CDT),,,,,,,134,97.36,,
2025-04-12 12:46 (CDT),On Demand,Kristin McGee,10,Yoga,Focus Flow,10 min Focus Flow: Balancing Poses,2024-04-10 11:27 (CDT),,,,,,,44,80.44,,
2025-04-12 12:57 (CDT),On Demand,Ben Alldis,10,Stretching,Full Body Stretch,10 min Full Body Stretch,2025-04-06 23:00 (CDT),,,,,,,28,,,
2025-04-12 15:07 (CDT),On Demand,Anna Greenberg,15,Meditation,Sleep,15 min Sleep Meditation,2025-03-13 23:00 (CDT),,,,,,,,,,
2025-04-13 06:03 (CDT),On Demand,Aditi Shah,10,Meditation,Morning,10 min Morning Meditation,2025-03-25 06:25 (CDT),,,,,,,,,,
2025-04-13 06:03 (CDT),On Demand,Anna Greenberg,10,Meditation,Mindfulness,10 min Body Scan Meditation,2025-03-07 09:26 (CDT),,,,,,,,,,
2025-04-13 17:04 (-05),On Demand,Christian Vande Velde,30,Cycling,Power Zone,30 min Power Zone Rock Ride,2025-02-14 13:34 (-05),338,188,47%,85,32.85,16.43,323,126.93,,
2025-04-13 17:36 (-05),On Demand,Hannah Corbin,5,Cycling,Cool Down,5 min Cool Down Ride,2024-07-10 10:00 (-05),29,95,43%,67,25.26,2.10,46,117.91,,
2025-04-13 17:43 (-05),On Demand,Mayla Wedekind,5,Stretching,Pre & Post-Ride Stretch,5 min Post-Ride Stretch,2025-03-27 00:00 (-05),,,,,,,33,101.33,,
2025-04-13 19:29 (CDT),On Demand,Emma Lovewell,5,Stretching,Core Stretch,5 min Core Stretch,2022-01-07 09:00 (CDT),,,,,,,14,,,
2025-04-14 05:21 (CDT),On Demand,Aditi Shah,10,Meditation,Daily Meditation,10 min Daily Meditation,2025-04-13 23:00 (CDT),,,,,,,,,,
2025-04-14 12:19 (CDT),On Demand,Ben Alldis,20,Strength,Full Body,20 min Full Body Strength,2025-03-24 06:25 (CDT),,,,,,,113,,,
2025-04-14 12:46 (CDT),On Demand,Hannah Corbin,10,Strength,Barre,10 min Barre,2021-06-09 09:00 (CDT),,,,,,,57,,,
2025-04-14 12:59 (CDT),On Demand,Ben Alldis,10,Stretching,Full Body Stretch,10 min Full Body Stretch,2025-04-06 23:00 (CDT),,,,,,,28,,,
2025-04-15 05:07 (CDT),On Demand,Anna Greenberg,10,Meditation,Mindfulness,10 min Body Scan Meditation,2025-03-07 09:26 (CDT),,,,,,,,,,
2025-04-16 05:24 (CDT),On Demand,Aditi Shah,10,Meditation,Morning,10 min Morning Meditation,2025-04-15 06:25 (CDT),,,,,,,,,,
2025-04-16 12:36 (CDT),On Demand,Chelsea Jackson Roberts,5,Meditation,Morning,5 min Morning Meditation,2025-03-20 06:54 (CDT),,,,,,,,,,
2025-04-16 17:19 (-05),On Demand,Mila Lazar,30,Cycling,Music,30 min 90s Dance Ride,2025-04-04 10:00 (-05),309,172,49%,78,31.79,15.90,265,113.58,,
2025-04-16 17:49 (-05),On Demand,Leanne Hainsby-Alldis,5,Cycling,Cool Down,5 min Cool Down Ride,2023-10-06 01:00 (-05),27,90,38%,72,23.79,1.98,35,,,
2025-04-17 05:25 (CDT),On Demand,Aditi Shah,10,Meditation,Morning,10 min Morning Meditation,2025-04-15 06:25 (CDT),,,,,,,,,,
2025-04-18 05:44 (CDT),On Demand,Chelsea Jackson Roberts,10,Meditation,Morning,10 min Morning Meditation,2025-04-17 06:49 (CDT),,,,,,,,,,
2025-04-18 11:57 (CDT),On Demand,Ben Alldis,20,Strength,Full Body,20 min Mental Health Full Body Strength,2024-05-24 01:00 (CDT),,,,,,,119,93.76,,
2025-04-18 12:20 (CDT),On Demand,Hannah Corbin,10,Strength,Barre,10 min Barre,2021-06-09 09:00 (CDT),,,,,,,57,,,
2025-04-18 12:32 (CDT),On Demand,Ben Alldis,10,Stretching,Full Body Stretch,10 min Full Body Stretch,2025-03-02 23:00 (CDT),,,,,,,28,,,
2025-04-19 13:36 (CDT),On Demand,Susie Chan,5,Stretching,Post-Run Stretch,5 min Post-Run Stretch,2025-02-26 23:00 (CDT),,,,,,,14,,,
2025-04-21 12:52 (-05),On Demand,Matt Wilpers,30,Cycling,Power Zone,30 min Power Zone Ride,2025-04-15 23:00 (-05),343,191,46%,88,32.85,16.43,322,122.17,,
2025-04-21 13:23 (-05),On Demand,Mila Lazar,5,Cycling,Cool Down,5 min Cool Down Ride,2025-04-16 23:00 (-05),27,91,40%,71,24.07,2.00,35,,,
2025-04-21 13:30 (-05),On Demand,Hannah Corbin,5,Stretching,Pre & Post-Ride Stretch,5 min Post-Ride Stretch,2025-04-17 23:00 (-05),,,,,,,14,,,
2025-04-22 05:22 (CDT),On Demand,Chelsea Jackson Roberts,10,Meditation,Daily Meditation,10 min Daily Meditation,2025-04-20 23:00 (CDT),,,,,,,,,,
2025-04-22 12:19 (CDT),On Demand,Aditi Shah,5,Meditation,Emotions,5 min Meditation for Anxiety,2025-02-18 23:00 (CDT),,,,,,,,,,
2025-04-22 17:28 (CDT),On Demand,Adrian Williams,20,Strength,Full Body,20 min Full Body Strength,2025-02-12 23:00 (CDT),,,,,,,114,67.00,,
2025-04-22 17:53 (CDT),On Demand,Kristin McGee,10,Yoga,Focus Flow,10 min Focus Flow: Balancing Poses,2024-04-10 11:27 (CDT),,,,,,,44,67.54,,
2025-04-22 18:08 (CDT),On Demand,Ben Alldis,10,Stretching,Full Body Stretch,10 min Backstreet Boys Holiday Stretch,2024-12-11 23:00 (CDT),,,,,,,28,,,
2025-04-23 05:14 (CDT),On Demand,Aditi Shah,10,Meditation,Morning,10 min Morning Meditation,2025-04-22 06:25 (CDT),,,,,,,,,,
2025-04-23 17:43 (-05),On Demand,Charlotte Weidenbach,30,Cycling,Power Zone,30 min Power Zone Endurance Ride,2025-04-04 01:30 (-05),285,159,45%,83,30.97,15.49,261,111.09,,
2025-04-23 18:13 (-05),On Demand,Christine D'Ercole,5,Cycling,Cool Down,5 min Cool Down Ride,2025-04-17 23:00 (-05),13,44,26%,83,17.98,1.50,26,92.63,,
2025-04-23 18:20 (-05),On Demand,Hannah Frankson,5,Stretching,Pre & Post-Ride Stretch,5 min Post-Ride Stretch,2025-04-15 23:00 (-05),,,,,,,14,,,
2025-04-24 05:21 (CDT),On Demand,Aditi Shah,10,Meditation,Morning,10 min Morning Meditation,2025-04-22 06:25 (CDT),,,,,,,,,,
2025-04-25 05:17 (CDT),On Demand,Aditi Shah,10,Meditation,Morning,10 min Morning Meditation,2025-04-22 06:25 (CDT),,,,,,,,,,
2025-04-25 17:46 (CDT),On Demand,Callie Gullickson,20,Strength,Full Body,20 min Full Body Strength,2023-12-22 09:00 (CDT),,,,,,,113,,,
2025-04-25 18:07 (CDT),On Demand,Hannah Corbin,10,Strength,Barre,10 min Barre: Lower Body,2023-10-23 08:30 (CDT),,,,,,,57,,,
2025-04-25 18:20 (CDT),On Demand,Adrian Williams,10,Stretching,Full Body Stretch,10 min Full Body Stretch,2025-04-18 09:00 (CDT),,,,,,,28,,,
2025-04-26 04:52 (CDT),On Demand,Chelsea Jackson Roberts,10,Meditation,Daily Meditation,10 min Daily Meditation,2025-04-20 23:00 (CDT),,,,,,,,,,
2025-04-26 14:07 (CDT),On Demand,Kirra Michel,10,Meditation,Sleep,10 min Sleep Meditation,2025-04-20 21:00 (CDT),,,,,,,,,,
2025-04-26 16:50 (-05),On Demand,Mayla Wedekind,30,Cycling,Music,30 min Rock Ride,2024-09-21 02:00 (-05),315,175,46%,86,31.61,15.81,409,,,
2025-04-26 17:21 (-05),On Demand,Sam Yo,5,Cycling,Cool Down,5 min Cool Down Ride,2025-04-24 23:00 (-05),27,88,41%,68,23.74,1.98,35,,,
2025-04-26 17:30 (-05),On Demand,Hannah Frankson,5,Stretching,Pre & Post-Ride Stretch,5 min Post-Ride Stretch,2025-04-15 23:00 (-05),,,,,,,14,,,
2025-04-27 05:52 (CDT),On Demand,Chelsea Jackson Roberts,10,Meditation,Morning,10 min Morning Meditation,2025-04-24 06:55 (CDT),,,,,,,,,,
2025-04-27 13:25 (CDT),On Demand,Kirra Michel,10,Meditation,Sleep,10 min Sleep Meditation,2025-04-20 21:00 (CDT),,,,,,,,,,
2025-04-27 13:55 (CDT),On Demand,Adrian Williams,20,Strength,Full Body,20 min Full Body Strength,2024-01-20 06:56 (CDT),,,,,,,113,,,
2025-04-27 14:17 (CDT),On Demand,Katie Wang,10,Strength,Core,10 min Core Strength,2024-12-20 08:59 (CDT),,,,,,,57,,,
2025-04-27 14:29 (CDT),On Demand,Ben Alldis,10,Stretching,Full Body Stretch,10 min Full Body Stretch,2025-04-06 23:00 (CDT),,,,,,,28,,,
2025-04-27 15:45 (CDT),On Demand,Chelsea Jackson Roberts,10,Meditation,Sleep,10 min Sleep Meditation,2025-03-13 23:00 (CDT),,,,,,,,,,
2025-04-28 05:10 (CDT),On Demand,Chelsea Jackson Roberts,10,Meditation,Morning,10 min Morning Meditation,2025-04-17 06:49 (CDT),,,,,,,,,,
2025-04-28 05:22 (CDT),On Demand,Chelsea Jackson Roberts,5,Meditation,Morning,5 min Morning Meditation,2025-03-20 06:54 (CDT),,,,,,,,,,
2025-04-29 05:21 (CDT),On Demand,Kirra Michel,10,Meditation,Daily Meditation,10 min Daily Meditation,2025-04-27 23:00 (CDT),,,,,,,,,,
2025-04-29 12:42 (-05),On Demand,Jenn Sherman,30,Cycling,Music,30 min 90s Rock Ride,2025-04-27 08:55 (-05),325,181,47%,84,32.34,16.17,322,129.89,,
2025-04-29 13:13 (-05),On Demand,Emma Lovewell,5,Cycling,Cool Down,5 min Cool Down Ride,2025-04-22 23:00 (-05),20,67,32%,79,21.63,1.80,33,106.70,,
2025-04-29 13:20 (-05),On Demand,Hannah Frankson,5,Stretching,Pre & Post-Ride Stretch,5 min Post-Ride Stretch,2025-04-15 23:00 (-05),,,,,,,14,,,
2025-04-30 05:01 (CDT),On Demand,Aditi Shah,10,Meditation,Daily Meditation,10 min Daily Meditation,2024-12-01 23:00 (CDT),,,,,,,,,,
2025-05-01 05:23 (CDT),On Demand,Kirra Michel,10,Meditation,Daily Meditation,10 min Daily Meditation,2025-02-16 23:00 (CDT),,,,,,,,,,
2025-05-01 17:51 (CDT),On Demand,Katie Wang,20,Strength,Full Body,20 min Full Body Strength,2025-04-30 23:00 (CDT),,,,,,,113,,,
2025-05-01 18:15 (CDT),On Demand,Katie Wang,10,Strength,Core,10 min Core Strength,2025-04-10 23:00 (CDT),,,,,,,57,,,
2025-05-01 18:29 (CDT),On Demand,Ben Alldis,10,Stretching,Full Body Stretch,10 min Full Body Stretch,2025-04-06 23:00 (CDT),,,,,,,28,,,
2025-05-02 05:06 (CDT),On Demand,Aditi Shah,10,Meditation,Morning,10 min Morning Meditation,2025-04-22 06:25 (CDT),,,,,,,,,,
2025-05-03 06:26 (CDT),On Demand,Aditi Shah,10,Meditation,Emotions,10 min Happiness Meditation,2025-04-29 23:00 (CDT),,,,,,,,,,
2025-05-03 19:01 (CDT),On Demand,Susie Chan,5,Stretching,Post-Run Stretch,5 min Post-Run Stretch,2024-10-09 23:00 (CDT),,,,,,,15,,,
2025-05-04 11:47 (CDT),On Demand,Ben Alldis,20,Strength,Full Body,20 min Full Body Strength,2025-04-28 05:25 (CDT),,,,,,,112,,,
2025-05-04 12:14 (CDT),On Demand,Kirra Michel,10,Yoga,Focus Flow,10 min Focus Flow: Floor Poses,2024-11-19 17:41 (CDT),,,,,,,45,,,
2025-05-04 12:26 (CDT),On Demand,Selena Samuela,10,Stretching,Full Body Stretch,10 min Miranda Lambert Full Body Stretch,2025-04-16 23:00 (CDT),,,,,,,28,,,
2025-05-05 05:21 (CDT),On Demand,Chelsea Jackson Roberts,10,Meditation,Daily Meditation,10 min Daily Meditation,2025-05-04 23:00 (CDT),,,,,,,,,,
2025-05-05 18:50 (CDT),On Demand,Susie Chan,5,Stretching,Post-Run Stretch,5 min Post-Run Stretch,2022-01-25 03:12 (CDT),,,,,,,14,,,
2025-05-06 05:22 (CDT),On Demand,Aditi Shah,10,Meditation,Morning,10 min Morning Meditation,2024-07-15 06:25 (CDT),,,,,,,,,,
2025-05-07 05:02 (CDT),On Demand,Ally Love,30,Cycling,Music,30 min 2000s Pop Ride,2025-05-04 12:53 (CDT),0,0,0%,0,0,0,0,,,
2025-05-07 05:03 (CDT),On Demand,Anna Greenberg,10,Meditation,Mindfulness,10 min Breathing Meditation,2025-03-07 09:20 (CDT),,,,,,,,,,
2025-05-07 18:15 (CDT),On Demand,Ben Alldis,20,Strength,Full Body,20 min Full Body Strength,2025-04-28 05:25 (CDT),,,,,,,,,,
2025-05-07 18:16 (CDT),On Demand,Ben Alldis,20,Strength,Full Body,20 min Full Body Strength,2025-04-28 05:25 (CDT),,,,,,,112,,,
2025-05-07 18:39 (CDT),On Demand,Hannah Corbin,10,Strength,Barre,10 min Barre,2021-06-09 09:00 (CDT),,,,,,,56,,,
2025-05-07 18:52 (CDT),On Demand,Selena Samuela,10,Stretching,Full Body Stretch,10 min Miranda Lambert Full Body Stretch,2025-04-16 23:00 (CDT),,,,,,,28,,,
2025-05-08 05:22 (CDT),On Demand,Nico Sarani,10,Meditation,Morning,10 min Morning Meditation,2025-05-01 06:50 (CDT),,,,,,,,,,
2025-05-08 22:18 (CDT),On Demand,Nico Sarani,15,Meditation,Sleep,15 min Sleep Meditation,2025-04-20 23:00 (CDT),,,,,,,,,,
2025-05-09 05:56 (CDT),On Demand,Nico Sarani,10,Meditation,Morning,10 min Morning Meditation,2025-05-01 06:50 (CDT),,,,,,,,,,
2025-05-09 09:06 (CDT),On Demand,Alex Karwoski,5,Stretching,Post-Run Stretch,5 min Post-Run Stretch,2025-02-24 08:30 (CDT),,,,,,,14,,,
2025-05-10 05:46 (CDT),On Demand,Denis Morton,10,Meditation,Morning,10 min Morning Meditation,2025-05-09 07:06 (CDT),,,,,,,,,,
2025-05-10 05:47 (CDT),On Demand,Denis Morton,10,Meditation,Morning,10 min Morning Meditation,2025-05-09 07:06 (CDT),,,,,,,,,,
2025-05-10 09:57 (CDT),On Demand,Selena Samuela,20,Strength,Full Body,20 min Full Body Strength,2025-03-11 23:00 (CDT),,,,,,,112,,,
2025-05-10 10:24 (CDT),On Demand,Matty Maggiacomo,10,Strength,Core,10 min Core Strength,2025-05-01 08:56 (CDT),,,,,,,56,,,
2025-05-10 10:39 (CDT),On Demand,Ben Alldis,10,Stretching,Full Body Stretch,10 min Full Body Stretch,2025-04-06 23:00 (CDT),,,,,,,28,,,
2025-05-11 05:17 (CDT),On Demand,Denis Morton,10,Meditation,Morning,10 min Morning Meditation,2025-05-09 07:06 (CDT),,,,,,,,,,
2025-05-11 13:53 (CDT),On Demand,Becs Gentry,5,Stretching,Post-Run Stretch,5 min Post-Run Stretch,2025-04-09 23:00 (CDT),,,,,,,14,,,
2025-05-12 05:27 (CDT),On Demand,Aditi Shah,10,Meditation,Daily Meditation,10 min Daily Meditation,2025-05-11 23:00 (CDT),,,,,,,,,,
2025-05-13 05:11 (CDT),On Demand,Nico Sarani,10,Meditation,Breath,10 min Breathing Meditation,2025-04-29 07:06 (CDT),,,,,,,,,,
2025-05-13 17:46 (-05),On Demand,Charlotte Weidenbach,30,Cycling,Power Zone,30 min Power Zone Ride,2025-03-07 02:25 (-05),299,166,43%,89,30.54,15.27,387,,,
2025-05-13 18:19 (-05),On Demand,Bradley Rose,5,Cycling,Cool Down,5 min Cool Down Ride,2025-05-08 23:00 (-05),32,107,40%,77,25.62,2.13,41,,,
2025-05-14 05:07 (CDT),On Demand,Denis Morton,10,Meditation,Breath,10 min Breathing Meditation,2025-05-13 23:00 (CDT),,,,,,,,,,
2025-05-15 05:15 (CDT),On Demand,Aditi Shah,10,Meditation,Morning,10 min Morning Meditation,2025-05-13 06:27 (CDT),,,,,,,,,,
2025-05-15 12:37 (CDT),On Demand,Nico Sarani,5,Meditation,Morning,5 min Morning Meditation,2025-04-06 23:00 (CDT),,,,,,,,,,
2025-05-15 17:50 (CDT),On Demand,Callie Gullickson,20,Strength,Full Body,20 min Full Body Strength,2025-05-13 23:00 (CDT),,,,,,,113,,,
2025-05-15 18:11 (CDT),On Demand,Jermaine Johnson,10,Strength,Core,10 min Core Strength,2025-05-02 07:15 (CDT),,,,,,,57,80.59,,
2025-05-15 18:24 (CDT),On Demand,Matty Maggiacomo,10,Stretching,Full Body Stretch,10 min Mother's Day Full Body Stretch,2025-05-10 23:00 (CDT),,,,,,,28,,,
2025-05-16 05:03 (CDT),On Demand,Chelsea Jackson Roberts,10,Meditation,Morning,10 min Morning Meditation,2025-05-15 06:48 (CDT),,,,,,,,,,
2025-05-16 16:26 (-05),On Demand,Christian Vande Velde,30,Cycling,Power Zone,30 min Power Zone Rock Ride,2025-02-14 13:34 (-05),326,181,46%,87,32.22,16.11,318,125.73,,
2025-05-16 16:57 (-05),On Demand,Benny Adami,5,Cycling,Cool Down,5 min Cool Down Ride,2025-05-14 23:00 (-05),28,92,41%,70,24.39,2.03,44,111.28,,
2025-05-16 17:07 (-05),On Demand,Mayla Wedekind,5,Stretching,Pre & Post-Ride Stretch,5 min Post-Ride Stretch,2025-04-22 23:00 (-05),,,,,,,14,,,
2025-05-17 05:27 (CDT),On Demand,Chelsea Jackson Roberts,10,Meditation,Morning,10 min Morning Meditation,2025-05-08 06:54 (CDT),,,,,,,,,,
2025-05-17 17:02 (CDT),On Demand,Jermaine Johnson,20,Strength,Full Body,20 min Full Body Strength,2025-05-16 06:54 (CDT),,,,,,,112,,,
2025-05-17 17:27 (CDT),On Demand,Denis Morton,10,Yoga,Flow,10 min Yoga Flow,2025-04-15 23:00 (CDT),,,,,,,41,,,
2025-05-17 17:39 (CDT),On Demand,Selena Samuela,10,Stretching,Full Body Stretch,10 min Full Body Stretch,2025-02-23 23:00 (CDT),,,,,,,28,,,
2025-05-18 12:05 (-05),On Demand,Matt Wilpers,5,Cycling,Warm Up,5 min Get to Know Me Warm Up Ride,2025-02-10 00:00 (-05),34,112,36%,94,27.41,2.29,43,105.49,,
2025-05-18 12:15 (-05),On Demand,Ben Alldis,30,Cycling,Intervals,30 min HIIT & Hills Ride,2022-08-30 00:55 (-05),402,223,54%,80,35.21,17.61,391,140.97,,
2025-05-18 12:46 (-05),On Demand,Ben Alldis,5,Cycling,Cool Down,5 min Cool Down Ride,2023-06-09 01:00 (-05),22,73,37%,72,21.90,1.82,28,,,
2025-05-18 12:54 (-05),On Demand,Mayla Wedekind,5,Stretching,Pre & Post-Ride Stretch,5 min Post-Ride Stretch,2025-04-22 23:00 (-05),,,,,,,14,,,
2025-05-18 14:50 (CDT),On Demand,Nico Sarani,15,Meditation,Sleep,15 min Sleep Meditation,2025-04-20 23:00 (CDT),,,,,,,,,,
2025-05-18 15:07 (CDT),On Demand,Aditi Shah,20,Meditation,Sleep,20 min Sleep Meditation,2025-04-27 21:00 (CDT),,,,,,,,,,
2025-05-19 05:17 (CDT),On Demand,Chelsea Jackson Roberts,10,Meditation,Morning,10 min Morning Meditation,2025-05-15 06:48 (CDT),,,,,,,,,,
2025-05-20 05:21 (CDT),On Demand,Chelsea Jackson Roberts,10,Meditation,Morning,10 min Morning Meditation,2025-05-08 06:54 (CDT),,,,,,,,,,
2025-05-20 17:51 (-05),On Demand,Sam Yo,30,Cycling,Power Zone,30 min Power Zone Endurance Ride,2025-04-22 23:00 (-05),261,145,45%,79,29.63,14.82,223,103.98,,
2025-05-20 18:22 (-05),On Demand,Denis Morton,5,Cycling,Cool Down,5 min Cool Down Ride,2025-05-13 23:00 (-05),21,70,32%,81,21.73,1.81,27,,,
2025-05-20 18:32 (-05),On Demand,Jess King,5,Stretching,Pre & Post-Ride Stretch,5 min Post-Ride Stretch,2025-05-15 23:00 (-05),,,,,,,14,,,
2025-05-21 05:21 (CDT),On Demand,Aditi Shah,10,Meditation,Theme,10 min Morning Commute Meditation,2025-05-20 23:00 (CDT),,,,,,,,,,
2025-05-22 05:20 (CDT),On Demand,Chelsea Jackson Roberts,10,Meditation,Morning,10 min Morning Meditation,2025-05-15 06:48 (CDT),,,,,,,,,,
2025-05-22 17:55 (CDT),On Demand,Jermaine Johnson,20,Strength,Full Body,20 min Full Body Strength,2025-05-16 06:54 (CDT),,,,,,,100,,,
2025-05-22 18:19 (CDT),On Demand,Emma Lovewell,10,Strength,Core,10 min Core Strength,2025-05-20 23:00 (CDT),,,,,,,50,,,
2025-05-22 18:32 (CDT),On Demand,Selena Samuela,10,Stretching,Full Body Stretch,10 min Full Body Stretch,2025-05-18 23:00 (CDT),,,,,,,25,,,
2025-05-23 05:25 (CDT),On Demand,Kirra Michel,10,Meditation,Daily Meditation,10 min Daily Meditation,2025-05-18 23:00 (CDT),,,,,,,,,,
2025-05-23 17:08 (-05),On Demand,Benny Adami,30,Cycling,Music,30 min 90s Rock Ride,2025-05-18 09:25 (-05),328,182,47%,84,32.34,16.17,235,121.45,,
2025-05-23 17:39 (-05),On Demand,Benny Adami,5,Cycling,Cool Down,5 min Cool Down Ride,2025-05-14 23:00 (-05),26,86,43%,62,23.26,1.93,34,,,
2025-05-23 17:46 (-05),On Demand,Jess King,5,Stretching,Pre & Post-Ride Stretch,5 min Post-Ride Stretch,2025-05-15 23:00 (-05),,,,,,,12,,,
2025-05-24 05:30 (CDT),On Demand,Chelsea Jackson Roberts,10,Meditation,Morning,10 min Morning Meditation,2025-05-22 06:54 (CDT),,,,,,,,,,
2025-05-24 16:16 (CDT),On Demand,Jermaine Johnson,20,Strength,Full Body,20 min Full Body Strength,2025-05-16 06:54 (CDT),,,,,,,101,,,
2025-05-24 16:38 (CDT),On Demand,Emma Lovewell,10,Strength,Core,10 min Core Strength,2025-05-20 23:00 (CDT),,,,,,,50,,,
2025-05-24 17:31 (CDT),On Demand,Selena Samuela,10,Stretching,Full Body Stretch,10 min Full Body Stretch,2025-05-18 23:00 (CDT),,,,,,,25,,,
2025-05-24 18:45 (CDT),On Demand,Emma Lovewell,5,Stretching,Core Stretch,5 min Core Stretch,2022-01-07 09:00 (CDT),,,,,,,12,,,
2025-05-26 05:45 (CDT),On Demand,Chelsea Jackson Roberts,10,Meditation,Morning,10 min Morning Meditation,2025-05-15 06:48 (CDT),,,,,,,,,,
2025-05-26 10:54 (-05),On Demand,Mila Lazar,5,Stretching,Pre & Post-Ride Stretch,5 min Pre-Ride Warm Up,2025-04-16 23:00 (-05),,,,,,,12,,,
2025-05-26 11:04 (-05),On Demand,Christian Vande Velde,45,Cycling,Theme,45 min Real Routes: Road to Hana,2024-11-17 13:54 (-05),490,181,46%,88,32.81,24.60,354,121.88,,
2025-05-26 11:51 (-05),On Demand,Matt Wilpers,5,Cycling,Cool Down,5 min Cool Down Ride,2025-05-06 23:00 (-05),18,59,27%,91,20.49,1.70,30,97.33,,
2025-05-26 11:57 (-05),On Demand,Hannah Corbin,5,Cycling,Cool Down,5 min Cool Down Ride,2025-04-29 23:00 (-05),0,0,22%,0,0.00,0,0,,,
2025-05-26 11:58 (-05),On Demand,Emma Lovewell,5,Stretching,Pre & Post-Ride Stretch,5 min Post-Ride Stretch,2025-05-22 23:00 (-05),,,,,,,12,,,
2025-05-27 05:21 (CDT),On Demand,Chelsea Jackson Roberts,10,Meditation,Morning,10 min Morning Meditation,2025-05-15 06:48 (CDT),,,,,,,,,,
2025-05-27 17:34 (CDT),On Demand,Jermaine Johnson,20,Strength,Full Body,20 min Full Body Strength,2025-05-16 06:54 (CDT),,,,,,,100,,,
2025-05-27 17:55 (CDT),On Demand,Emma Lovewell,10,Strength,Core,10 min Core Strength,2025-05-20 23:00 (CDT),,,,,,,50,,,
2025-05-27 18:07 (CDT),On Demand,Selena Samuela,10,Stretching,Full Body Stretch,10 min Full Body Stretch,2025-05-18 23:00 (CDT),,,,,,,25,,,
2025-05-28 05:21 (CDT),On Demand,Chelsea Jackson Roberts,10,Meditation,Morning,10 min Morning Meditation,2025-05-15 06:48 (CDT),,,,,,,,,,
2025-05-28 17:37 (-05),On Demand,Leanne Hainsby-Alldis,30,Cycling,Music,30 min 2000s Rock Ride,2024-10-21 05:24 (-05),357,198,48%,86,33.90,16.95,235,121.20,,
2025-05-28 18:07 (-05),On Demand,Hannah Corbin,5,Cycling,Cool Down,5 min Cool Down Ride,2025-04-29 23:00 (-05),20,65,36%,66,20.62,1.72,30,106.84,,
2025-05-28 18:14 (-05),On Demand,Jess King,5,Stretching,Pre & Post-Ride Stretch,5 min Post-Ride Stretch,2025-05-15 23:00 (-05),,,,,,,12,,,
2025-05-29 05:19 (CDT),On Demand,Aditi Shah,10,Meditation,Morning,10 min Morning Meditation,2023-12-04 06:24 (CDT),,,,,,,,,,
2025-05-30 16:03 (-05),On Demand,Christian Vande Velde,30,Cycling,Power Zone,30 min Power Zone Rock Ride,2025-02-14 13:34 (-05),344,191,46%,89,33.14,16.57,229,120.66,,
2025-05-30 16:34 (-05),On Demand,Hannah Corbin,5,Cycling,Cool Down,5 min Cool Down Ride,2024-04-03 10:00 (-05),29,97,44%,64,25.36,2.11,34,95.93,,
2025-05-30 17:39 (-05),On Demand,Jenn Sherman,5,Stretching,Pre & Post-Ride Stretch,5 min Post-Ride Stretch,2021-10-18 10:00 (-05),,,,,,,12,,,
2025-05-31 16:15 (CDT),On Demand,Katie Wang,20,Strength,Full Body,20 min Full Body Strength,2024-11-01 08:26 (CDT),,,,,,,101,,,
2025-05-31 16:40 (CDT),On Demand,Emma Lovewell,10,Strength,Core,10 min Core Strength,2025-04-09 23:00 (CDT),,,,,,,50,,,
2025-05-31 16:53 (CDT),On Demand,Selena Samuela,10,Stretching,Full Body Stretch,10 min Miranda Lambert Full Body Stretch,2025-04-16 23:00 (CDT),,,,,,,25,,,
2025-05-31 17:10 (CDT),On Demand,Chelsea Jackson Roberts,10,Meditation,Morning,10 min Morning Meditation,2025-05-15 06:48 (CDT),,,,,,,,,,
2025-06-01 15:48 (-05),On Demand,Christian Vande Velde,45,Cycling,Power Zone,45 min Power Zone Endurance Ride,2025-05-06 23:00 (-05),485,180,44%,90,32.60,24.45,377,107.74,,
2025-06-01 16:33 (-05),On Demand,Denis Morton,5,Cycling,Cool Down,5 min Cool Down Ride,2025-05-13 23:00 (-05),19,63,32%,73,20.03,1.67,25,,,
2025-06-01 16:40 (-05),On Demand,Hannah Frankson,5,Stretching,Pre & Post-Ride Stretch,5 min Post-Ride Stretch,2025-04-15 23:00 (-05),,,,,,,12,,,
2025-06-01 17:40 (CDT),On Demand,Mariana Fernandez,10,Meditation,Relaxation,10 min Calming Meditation,2023-01-14 08:10 (CDT),,,,,,,,,,
2025-06-02 05:20 (CDT),On Demand,Chelsea Jackson Roberts,10,Meditation,Morning,10 min Morning Meditation,2025-05-15 06:48 (CDT),,,,,,,,,,
2025-06-03 05:33 (CDT),On Demand,Aditi Shah,10,Meditation,Daily Meditation,10 min Daily Meditation,2025-06-01 23:00 (CDT),,,,,,,,,,
2025-06-03 17:47 (CDT),On Demand,Jermaine Johnson,20,Strength,Full Body,20 min Full Body Strength,2025-01-17 06:55 (CDT),,,,,,,100,,,
2025-06-03 18:11 (CDT),On Demand,Emma Lovewell,10,Strength,Core,10 min Core Strength,2025-04-09 23:00 (CDT),,,,,,,50,,,
2025-06-03 18:22 (CDT),On Demand,Selena Samuela,10,Stretching,Full Body Stretch,10 min Full Body Stretch,2024-12-08 23:00 (CDT),,,,,,,25,,,
2025-06-04 05:30 (CDT),On Demand,Nico Sarani,10,Meditation,Morning,10 min Morning Meditation,2025-05-01 06:50 (CDT),,,,,,,,,,
2025-06-04 12:34 (-05),On Demand,Sam Yo,30,Cycling,Power Zone,30 min Power Zone Endurance Ride,2025-05-11 23:00 (-05),267,149,43%,85,29.85,14.93,357,,,
2025-06-04 13:05 (-05),On Demand,Bradley Rose,5,Cycling,Cool Down,5 min Cool Down Ride,2025-05-08 23:00 (-05),28,93,40%,72,24.37,2.03,37,,,
2025-06-04 13:14 (-05),On Demand,Leanne Hainsby-Alldis,5,Stretching,Pre & Post-Ride Stretch,5 min Post-Ride Stretch,2025-05-29 23:00 (-05),,,,,,,12,,,
2025-06-05 13:56 (CDT),On Demand,Chelsea Jackson Roberts,5,Meditation,Morning,5 min Morning Meditation,2025-03-20 06:54 (CDT),,,,,,,,,,
2025-06-06 05:58 (CDT),On Demand,Nico Sarani,10,Meditation,Morning,10 min Morning Meditation,2025-05-01 06:50 (CDT),,,,,,,,,,
2025-06-06 16:43 (-05),On Demand,Christian Vande Velde,30,Cycling,Power Zone,30 min Power Zone Ride,2025-01-08 00:00 (-05),314,174,51%,75,32.13,16.07,273,120.12,,
2025-06-06 17:14 (-05),On Demand,Matt Wilpers,5,Cycling,Cool Down,5 min Cool Down Ride,2025-05-06 23:00 (-05),18,59,27%,91,20.33,1.70,24,,,
2025-06-06 17:30 (-05),On Demand,Matt Wilpers,5,Stretching,Pre & Post-Ride Stretch,5 min Post-Ride Stretch,2024-01-19 02:00 (-05),,,,,,,12,,,
2025-06-06 17:57 (CDT),On Demand,Emma Lovewell,5,Stretching,Core Stretch,5 min Core Stretch,2022-01-07 09:00 (CDT),,,,,,,12,,,
2025-06-07 05:40 (CDT),On Demand,Nico Sarani,10,Meditation,Morning,10 min Morning Meditation,2025-05-01 06:50 (CDT),,,,,,,,,,
2025-06-07 11:52 (CDT),On Demand,Jermaine Johnson,20,Strength,Full Body,20 min Full Body Strength,2025-01-17 06:55 (CDT),,,,,,,104,88.39,,
2025-06-07 12:15 (CDT),On Demand,Katie Wang,10,Strength,Core,10 min Core Strength,2025-05-14 23:00 (CDT),,,,,,,49,81.15,,
2025-06-07 12:29 (CDT),On Demand,Selena Samuela,10,Stretching,Full Body Stretch,10 min Full Body Stretch,2024-12-08 23:00 (CDT),,,,,,,25,,,
2025-06-08 05:55 (CDT),On Demand,Anna Greenberg,10,Meditation,Morning,10 min Morning Meditation,2025-06-03 06:54 (CDT),,,,,,,,,,
2025-06-08 14:33 (CDT),On Demand,Aditi Shah,20,Meditation,Sleep,20 min Sleep Meditation,2025-03-13 23:00 (CDT),,,,,,,,,,
2025-06-08 16:37 (-05),On Demand,Ben Alldis,30,Cycling,Power Zone,30 min Power Zone Rock Ride,2023-08-30 03:00 (-05),0,0,0%,0,0,0,0,,,
2025-06-08 16:38 (-05),On Demand,Mayla Wedekind,30,Cycling,Music,30 min Rock Ride,2024-09-21 02:00 (-05),309,172,46%,84,31.92,15.97,262,121.68,,
2025-06-08 17:11 (-05),On Demand,Charlotte Weidenbach,10,Cycling,Cool Down,10 min Cool Down Ride,2025-05-08 23:00 (-05),72,120,39%,87,27.97,4.66,96,,,
2025-06-08 17:27 (-05),On Demand,Jess King,5,Stretching,Pre & Post-Ride Stretch,5 min Post-Ride Stretch,2025-05-15 23:00 (-05),,,,,,,12,,,
2025-06-09 05:18 (CDT),On Demand,Chelsea Jackson Roberts,10,Meditation,Morning,10 min Morning Meditation,2025-05-15 06:48 (CDT),,,,,,,,,,
2025-06-09 17:42 (CDT),On Demand,Jermaine Johnson,20,Strength,Full Body,20 min Full Body Strength,2024-09-24 05:25 (CDT),,,,,,,100,,,
2025-06-09 18:06 (CDT),On Demand,Katie Wang,10,Strength,Core,10 min Core Strength,2025-03-13 23:00 (CDT),,,,,,,50,,,
2025-06-09 18:19 (CDT),On Demand,Selena Samuela,10,Stretching,Full Body Stretch,10 min Full Body Stretch,2025-05-18 23:00 (CDT),,,,,,,25,,,
2025-06-09 20:00 (CDT),On Demand,Matty Maggiacomo,5,Stretching,Full Body Stretch,5 min Evening Stretch,2025-02-27 23:00 (CDT),,,,,,,12,,,
2025-06-10 05:27 (CDT),On Demand,Chelsea Jackson Roberts,10,Meditation,Morning,10 min Morning Meditation,2025-05-15 06:48 (CDT),,,,,,,,,,
2025-06-11 05:18 (CDT),On Demand,Aditi Shah,10,Meditation,Morning,10 min Morning Meditation,2025-06-10 06:25 (CDT),,,,,,,,,,
2025-06-11 16:59 (-05),On Demand,Emma Lovewell,30,Cycling,Music,30 min 90s Rock Ride,2025-06-08 06:53 (-05),304,169,45%,84,31.37,15.69,239,117.10,,
2025-06-11 17:29 (-05),On Demand,Mayla Wedekind,5,Cycling,Warm Up,5 min Get to Know Me Warm Up Ride,2025-06-08 23:00 (-05),17,56,29%,82,19.77,1.65,23,,,
2025-06-11 17:38 (-05),On Demand,Matt Wilpers,5,Stretching,Pre & Post-Ride Stretch,5 min Post-Ride Stretch,2025-03-05 00:00 (-05),,,,,,,12,,,
2025-06-12 05:22 (CDT),On Demand,Chelsea Jackson Roberts,10,Meditation,Morning,10 min Morning Meditation,2025-05-29 06:48 (CDT),,,,,,,,,,
2025-06-13 05:23 (CDT),On Demand,Denis Morton,10,Meditation,Morning,10 min Morning Meditation,2025-05-09 07:06 (CDT),,,,,,,,,,
2025-06-13 16:05 (-05),On Demand,Charlotte Weidenbach,5,Cycling,Warm Up,5 min Warm Up Ride,2025-05-28 23:00 (-05),5,40,29%,62,15.10,0.52,7,,,
2025-06-13 16:08 (-05),On Demand,Jess King,30,Cycling,Progression,30 min Sweat Steady Ride,2025-03-31 08:25 (-05),362,201,47%,88,34.04,17.02,253,125.12,,
2025-06-13 16:39 (-05),On Demand,Alex Toussaint,5,Cycling,Cool Down,5 min Cool Down Ride,2025-05-27 23:00 (-05),22,73,36%,72,22.67,1.88,29,,,
2025-06-13 16:45 (-05),On Demand,Cliff Dwenger,5,Stretching,Pre & Post-Ride Stretch,5 min Post-Ride Stretch,2025-04-23 23:00 (-05),,,,,,,12,,,
2025-06-14 05:24 (CDT),On Demand,Aditi Shah,10,Meditation,Morning,10 min Morning Meditation,2025-05-20 06:24 (CDT),,,,,,,,,,
2025-06-14 11:04 (CDT),On Demand,Selena Samuela,20,Strength,Full Body,20 min Full Body Strength,2025-06-03 23:00 (CDT),,,,,,,101,,,
2025-06-14 11:30 (CDT),On Demand,Kirra Michel,10,Yoga,Focus Flow,10 min Focus Flow: For Riders,2025-05-27 17:28 (CDT),,,,,,,39,,,
2025-06-14 11:42 (CDT),On Demand,Selena Samuela,10,Stretching,Full Body Stretch,10 min Full Body Stretch,2025-05-18 23:00 (CDT),,,,,,,25,,,
2025-06-15 09:52 (-05),On Demand,Christian Vande Velde,45,Cycling,Theme,45 min Real Routes: Las Palmas,2025-06-13 16:24 (-05),531,197,50%,82,33.77,25.30,703,144.16,,
2025-06-15 10:38 (-05),On Demand,Camila Ramon,5,Cycling,Cool Down,5 min Cool Down Ride,2025-03-11 23:00 (-05),29,96,36%,83,25.38,2.12,39,,,
2025-06-15 10:45 (-05),On Demand,Camila Ramon,5,Cycling,Cool Down,5 min Cool Down Ride,2024-09-03 23:00 (-05),0,0,34%,0,0.00,0,0,,,
2025-06-15 10:46 (-05),On Demand,Camila Ramon,5,Stretching,Pre & Post-Ride Stretch,5 min Post-Ride Stretch,2024-03-22 02:00 (-05),,,,,,,12,,,
2025-06-15 14:44 (CDT),On Demand,Nico Sarani,20,Meditation,Sleep,20 min Sleep Meditation,2025-06-01 23:00 (CDT),,,,,,,,,,
2025-06-16 05:35 (CDT),On Demand,Nico Sarani,10,Meditation,Morning,10 min Morning Meditation,2025-05-01 06:50 (CDT),,,,,,,,,,
2025-06-16 12:01 (CDT),On Demand,Chelsea Jackson Roberts,5,Meditation,Morning,5 min Morning Meditation,2025-02-13 06:55 (CDT),,,,,,,,,,
2025-06-16 17:30 (CDT),On Demand,Jermaine Johnson,10,Strength,Upper Body,10 min Upper Body Strength,2025-03-07 06:55 (CDT),,,,,,,50,,,
2025-06-16 17:41 (CDT),On Demand,Katie Wang,10,Strength,Lower Body,10 min Glutes & Legs Strength,2025-04-17 09:07 (CDT),,,,,,,50,,,
2025-06-16 17:55 (CDT),On Demand,Matty Maggiacomo,10,Strength,Core,10 min Core Strength,2025-03-25 23:00 (CDT),,,,,,,50,,,
2025-06-16 18:08 (CDT),On Demand,Selena Samuela,10,Stretching,Full Body Stretch,10 min Miranda Lambert Full Body Stretch,2025-04-16 23:00 (CDT),,,,,,,25,,,
2025-06-17 05:26 (CDT),On Demand,Chelsea Jackson Roberts,10,Meditation,Morning,10 min Morning Meditation,2025-06-12 06:51 (CDT),,,,,,,,,,
2025-06-18 05:30 (CDT),On Demand,Chelsea Jackson Roberts,10,Meditation,Morning,10 min Morning Meditation,2025-06-12 06:51 (CDT),,,,,,,,,,
2025-06-18 17:32 (-05),On Demand,Charlotte Weidenbach,30,Cycling,Power Zone,30 min Power Zone Endurance Ride,2025-05-23 01:30 (-05),279,155,43%,84,30.21,15.11,236,111.74,,
2025-06-18 18:02 (-05),On Demand,Matt Wilpers,5,Cycling,Cool Down,5 min Cool Down Ride,2025-05-06 23:00 (-05),19,65,27%,96,21.35,1.78,25,96.95,,
2025-06-18 18:09 (-05),On Demand,Jess King,5,Stretching,Pre & Post-Ride Stretch,5 min Post-Ride Stretch,2025-05-15 23:00 (-05),,,,,,,12,,,
2025-06-19 17:37 (CDT),On Demand,Ben Alldis,30,Strength,Full Body,30 min Full Body Strength,2025-05-24 23:00 (CDT),,,,,,,150,,,
2025-06-19 18:10 (CDT),On Demand,Selena Samuela,10,Stretching,Full Body Stretch,10 min Miranda Lambert Full Body Stretch,2025-04-16 23:00 (CDT),,,,,,,25,,,
2025-06-20 06:36 (CDT),On Demand,Nico Sarani,10,Meditation,Morning,10 min Morning Meditation,2025-06-17 06:24 (CDT),,,,,,,,,,
2025-06-21 05:54 (CDT),On Demand,Nico Sarani,10,Meditation,Morning,10 min Morning Meditation,2025-06-17 06:24 (CDT),,,,,,,,,,
2025-06-22 06:52 (CDT),On Demand,Chelsea Jackson Roberts,10,Meditation,Theme,10 min Meditation: Reconnect,2025-06-19 23:00 (CDT),,,,,,,,,,
2025-06-22 16:35 (-05),On Demand,Denis Morton,30,Cycling,Power Zone,30 min Power Zone Endurance Ride,2025-04-27 23:00 (-05),302,168,48%,78,31.25,15.62,306,121.67,,
2025-06-22 17:06 (-05),On Demand,Jess King,5,Cycling,Cool Down,5 min Cool Down Ride,2025-06-17 23:00 (-05),26,86,35%,82,23.92,1.99,29,98.04,,
2025-06-22 17:13 (-05),On Demand,Matt Wilpers,5,Stretching,Pre & Post-Ride Stretch,5 min Post-Ride Stretch,2025-06-12 23:00 (-05),,,,,,,12,,,
2025-06-23 05:29 (CDT),On Demand,Chelsea Jackson Roberts,10,Meditation,Theme,10 min Meditation: Reconnect,2025-06-19 23:00 (CDT),,,,,,,,,,
2025-06-23 11:29 (CDT),On Demand,Anna Greenberg,5,Meditation,Emotions,5 min Happiness Meditation,2025-05-27 23:00 (CDT),,,,,,,,,,
2025-06-23 17:53 (CDT),On Demand,Anna Greenberg,30,Yoga,Slow Flow,30 min Slow Flow,2025-04-19 12:55 (CDT),,,,,,,107,,,
2025-06-24 05:11 (CDT),On Demand,Nico Sarani,10,Meditation,Morning,10 min Morning Meditation,2025-06-17 06:24 (CDT),,,,,,,,,,
2025-06-24 17:46 (-05),On Demand,Matt Wilpers,5,Cycling,Warm Up,5 min Warm Up Ride,2024-12-03 00:00 (-05),37,123,37%,94,28.19,2.34,26,95.23,,
2025-06-24 17:52 (-05),On Demand,Christian Vande Velde,30,Cycling,Power Zone,30 min Power Zone Rock Ride,2025-02-14 13:34 (-05),347,193,46%,88,33.15,16.57,230,116.34,,
2025-06-24 18:24 (-05),On Demand,Jess King,5,Cycling,Cool Down,5 min Cool Down Ride,2025-06-17 23:00 (-05),25,83,35%,82,23.73,1.96,27,101.70,,
2025-06-24 18:33 (-05),On Demand,Bradley Rose,5,Stretching,Pre & Post-Ride Stretch,5 min Post-Ride Stretch,2025-06-19 23:00 (-05),,,,,,,14,83.04,,
2025-06-25 05:23 (CDT),On Demand,Chelsea Jackson Roberts,10,Meditation,Theme,10 min Meditation: Reconnect,2025-06-19 23:00 (CDT),,,,,,,,,,
2025-06-25 17:25 (CDT),On Demand,Jermaine Johnson,20,Strength,Full Body,20 min Father's Day Full Body Strength,2025-06-14 23:00 (CDT),,,,,,,101,,,
2025-06-25 17:50 (CDT),On Demand,Assal Arian,10,Strength,Core,10 min Britney Spears Core Strength,2025-06-24 23:00 (CDT),,,,,,,50,,,
2025-06-25 18:02 (CDT),On Demand,Ben Alldis,10,Stretching,Full Body Stretch,10 min Full Body Stretch,2025-03-02 23:00 (CDT),,,,,,,25,,,
2025-06-26 05:27 (CDT),On Demand,Nico Sarani,10,Meditation,Morning,10 min Morning Meditation,2025-06-17 06:24 (CDT),,,,,,,,,,
2025-06-27 05:18 (CDT),On Demand,Chelsea Jackson Roberts,10,Meditation,Morning,10 min Morning Meditation,2025-06-26 06:48 (CDT),,,,,,,,,,
2025-06-27 16:32 (-05),On Demand,Emma Lovewell,30,Cycling,Music,30 min 2000s Ride,2023-11-10 11:25 (-05),327,182,50%,78,32.32,16.17,302,127.62,,
2025-06-27 17:05 (-05),On Demand,Erik Jager,5,Cycling,Cool Down,5 min Cool Down Ride,2025-06-25 23:00 (-05),26,86,37%,76,23.68,1.97,28,103.24,,
2025-06-27 17:11 (-05),On Demand,Jenn Sherman,5,Stretching,Pre & Post-Ride Stretch,5 min Post-Ride Stretch,2025-06-26 23:00 (-05),,,,,,,12,,,
2025-06-28 05:15 (CDT),On Demand,Nico Sarani,10,Meditation,Morning,10 min Morning Meditation,2025-06-17 06:24 (CDT),,,,,,,,,,
2025-06-28 13:44 (CDT),On Demand,Ben Alldis,20,Strength,Full Body,20 min Full Body Strength,2025-03-24 06:25 (CDT),,,,,,,100,,,
2025-06-28 14:12 (CDT),On Demand,Kristin McGee,10,Yoga,Focus Flow,10 min Focus Flow: Balancing Poses,2024-04-10 11:27 (CDT),,,,,,,39,,,
2025-06-28 14:23 (CDT),On Demand,Ben Alldis,10,Stretching,Full Body Stretch,10 min Full Body Stretch,2022-05-09 06:18 (CDT),,,,,,,25,,,
2025-06-29 16:40 (-05),On Demand,Christian Vande Velde,10,Cycling,Power Zone,10 min FTP Warm Up Ride,2025-06-15 23:00 (-05),96,160,42%,89,31.05,5.18,128,,,
2025-06-29 16:53 (-05),On Demand,Christian Vande Velde,20,Cycling,Power Zone,20 min FTP Test Ride,2025-06-15 23:00 (-05),309,258,55%,84,37.77,12.59,413,,,
2025-06-29 17:14 (-05),On Demand,Ben Alldis,5,Cycling,Cool Down,5 min Cool Down Ride,2025-06-24 23:00 (-05),22,74,35%,78,22.66,1.88,30,,,
2025-06-29 17:25 (-05),On Demand,Matt Wilpers,5,Stretching,Pre & Post-Ride Stretch,5 min Post-Ride Stretch,2025-06-12 23:00 (-05),,,,,,,13,,,
2025-06-30 07:22 (CDT),On Demand,Chelsea Jackson Roberts,10,Meditation,Morning,10 min Morning Meditation,2025-06-12 06:51 (CDT),,,,,,,,,,
2025-06-30 11:52 (CDT),On Demand,Selena Samuela,20,Strength,Full Body,20 min Full Body Strength,2025-06-29 13:24 (CDT),,,,,,,103,,,
2025-06-30 12:22 (CDT),On Demand,Chelsea Jackson Roberts,10,Yoga,Focus Flow,10 min Focus Flow: Healthy Back,2025-06-23 16:53 (CDT),,,,,,,34,,,
2025-06-30 12:33 (CDT),On Demand,Ben Alldis,10,Stretching,Full Body Stretch,10 min Full Body Stretch,2025-04-06 23:00 (CDT),,,,,,,25,,,
2025-07-01 22:50 (IST),On Demand,Kirra Michel,30,Meditation,Sleep,30 min Sleep Meditation,2025-03-31 03:00 (IST),,,,,,,,,,
2025-07-06 08:00 (IST),On Demand,Ben Alldis,20,Strength,Full Body,20 min Full Body Strength,2025-03-24 11:25 (IST),,,,,,,103,,,
2025-07-06 08:26 (IST),On Demand,Ben Alldis,10,Stretching,Full Body Stretch,10 min Full Body Stretch,2025-03-03 05:00 (IST),,,,,,,25,,,
2025-07-10 10:21 (IST),On Demand,Rebecca Kennedy,5,Stretching,Post-Run Stretch,5 min Post-Run Stretch,2025-05-15 05:00 (IST),,,,,,,13,,,
2025-07-11 10:40 (IST),On Demand,Chelsea Jackson Roberts,5,Meditation,Morning,5 min Morning Meditation,2025-03-20 11:54 (IST),,,,,,,,,,
2025-07-11 20:18 (IST),On Demand,Mayla Wedekind,5,Stretching,Post-Run Stretch,5 min Post-Run Stretch,2025-06-26 05:00 (IST),,,,,,,13,,,
2025-07-12 10:39 (IST),On Demand,Matt Wilpers,5,Stretching,Post-Run Stretch,5 min Post-Run Stretch,2025-06-19 05:00 (IST),,,,,,,13,,,
2025-07-13 09:13 (IST),On Demand,Nico Sarani,10,Meditation,Morning,10 min Morning Meditation,2025-07-08 12:24 (IST),,,,,,,,,,
2025-07-14 04:56 (CDT),On Demand,Chelsea Jackson Roberts,10,Meditation,Morning,10 min Morning Meditation,2025-05-15 06:48 (CDT),,,,,,,,,,
2025-07-14 17:12 (CDT),On Demand,Katie Wang,20,Strength,Full Body,20 min Full Body Strength,2025-06-26 08:25 (CDT),,,,,,,102,,,
2025-07-14 17:43 (CDT),On Demand,Joslyn Thompson Rule,10,Strength,Core,10 min Britney Spears Core Strength,2025-06-22 23:00 (CDT),,,,,,,51,,,
2025-07-14 17:55 (CDT),On Demand,Joslyn Thompson Rule,10,Stretching,Full Body Stretch,10 min Eid al-Fitr Full Body Stretch,2025-03-28 23:00 (CDT),,,,,,,25,,,
2025-07-15 04:56 (CDT),On Demand,Kirra Michel,10,Meditation,Daily Meditation,10 min Daily Meditation,2025-07-13 23:00 (CDT),,,,,,,,,,
2025-07-15 17:55 (-05),On Demand,Sam Yo,30,Cycling,Power Zone,30 min Power Zone Endurance,2025-07-13 03:26 (-05),295,164,45%,84,31.30,15.66,213,111.88,,
2025-07-15 18:26 (-05),On Demand,Hannah Corbin,5,Cycling,Cool Down,5 min Cool Down Ride,2025-04-29 23:00 (-05),20,66,35%,70,21.35,1.77,27,102.46,,
2025-07-15 18:33 (-05),On Demand,Emma Lovewell,5,Stretching,Pre & Post-Ride Stretch,5 min Post-Ride Stretch,2025-05-22 23:00 (-05),,,,,,,20,90.09,,
2025-07-16 04:46 (CDT),On Demand,Kirra Michel,10,Meditation,Daily Meditation,10 min Daily Meditation,2025-07-13 23:00 (CDT),,,,,,,,,,
2025-07-16 11:12 (CDT),On Demand,Aditi Shah,5,Meditation,Relaxation,5 min Calming Meditation,2025-03-18 23:00 (CDT),,,,,,,,,,
2025-07-17 04:55 (CDT),On Demand,Kirra Michel,10,Meditation,Daily Meditation,10 min Daily Meditation,2025-07-13 23:00 (CDT),,,,,,,,,,
2025-07-17 17:55 (-05),On Demand,Matt Wilpers,30,Cycling,Power Zone,30 min Power Zone Endurance Ride,2025-04-20 23:00 (-05),0,0,0%,0,0,0,0,,,
2025-07-17 17:57 (-05),On Demand,Charlotte Weidenbach,30,Cycling,Power Zone,30 min Power Zone Endurance Ride,2024-09-06 01:25 (-05),292,162,43%,88,31.40,15.70,220,115.98,,
2025-07-17 18:29 (-05),On Demand,Hannah Frankson,5,Cycling,Cool Down,5 min Cool Down Ride,2025-05-29 23:00 (-05),28,95,40%,74,24.86,2.07,38,108.94,,
2025-07-17 18:35 (-05),On Demand,Ben Alldis,5,Stretching,Pre & Post-Ride Stretch,5 min Post-Ride Stretch,2025-07-03 23:00 (-05),,,,,,,24,95.71,,
2025-07-17 18:35 (-05),On Demand,Ben Alldis,5,Stretching,Pre & Post-Ride Stretch,5 min Post-Ride Stretch,2025-07-03 23:00 (-05),,,,,,,,,,
2025-07-17 21:18 (CDT),On Demand,Chelsea Jackson Roberts,15,Meditation,Sleep,15 min Sleep Meditation,2025-06-14 23:00 (CDT),,,,,,,,,,
2025-07-18 04:46 (CDT),On Demand,Chelsea Jackson Roberts,10,Meditation,Morning,10 min Morning Meditation,2025-06-12 06:51 (CDT),,,,,,,,,,
2025-07-18 11:46 (CDT),On Demand,Chelsea Jackson Roberts,5,Meditation,Morning,5 min Morning Meditation,2025-01-23 07:05 (CDT),,,,,,,,,,
2025-07-18 17:22 (CDT),On Demand,Ben Alldis,20,Strength,Full Body,20 min Full Body Strength,2025-07-06 05:55 (CDT),,,,,,,33,,,
2025-07-18 17:46 (CDT),On Demand,Chelsea Jackson Roberts,10,Yoga,Flow,10 min Yoga Flow,2025-03-31 16:53 (CDT),,,,,,,37,,,
2025-07-18 17:59 (CDT),On Demand,Selena Samuela,10,Stretching,Full Body Stretch,10 min Full Body Stretch,2025-07-17 23:00 (CDT),,,,,,,25,,,
2025-07-19 16:24 (-05),On Demand,Christian Vande Velde,30,Cycling,Power Zone,30 min Power Zone Rock Ride,2025-02-14 13:34 (-05),335,186,46%,86,32.62,16.32,243,124.42,,
2025-07-19 16:56 (-05),On Demand,Jess King,5,Cycling,Cool Down,5 min Cool Down Ride,2024-12-11 00:00 (-05),24,80,36%,77,23.17,1.93,32,109.45,,
2025-07-19 17:15 (-05),On Demand,Christine D'Ercole,5,Stretching,Pre & Post-Ride Stretch,5 min Post-Ride Stretch,2025-07-17 23:00 (-05),,,,,,,13,,,
2025-07-21 05:08 (CDT),On Demand,Aditi Shah,10,Meditation,Morning,10 min Morning Meditation,2025-07-15 06:23 (CDT),,,,,,,,,,
2025-07-21 17:20 (-05),On Demand,Jess King,30,Cycling,Progression,30 min Sweat Steady Ride,2025-07-20 23:00 (-05),285,158,45%,81,30.28,15.15,389,,,
2025-07-21 17:55 (-05),On Demand,Denis Morton,5,Cycling,Cool Down,5 min Cool Down Ride,2025-07-15 23:00 (-05),18,61,29%,85,20.70,1.73,25,,,
2025-07-21 18:05 (-05),On Demand,Alex Toussaint,5,Stretching,Pre & Post-Ride Stretch,5 min Post-Ride Stretch,2025-04-10 23:00 (-05),,,,,,,13,,,
2025-07-22 05:18 (CDT),On Demand,Kirra Michel,10,Meditation,Morning,10 min Morning Meditation,2024-07-10 10:00 (CDT),,,,,,,,,,
2025-07-22 17:41 (CDT),On Demand,Ben Alldis,10,Strength,Upper Body,10 min Upper Body Strength,2025-06-30 05:24 (CDT),,,,,,,51,,,
2025-07-22 17:57 (CDT),On Demand,Ben Alldis,10,Strength,Core,10 min Core Strength,2025-06-08 06:14 (CDT),,,,,,,50,76.14,,
2025-07-22 18:09 (CDT),On Demand,Kristin McGee,10,Yoga,Focus Flow,10 min Focus Flow: Balancing Poses,2024-04-10 11:27 (CDT),,,,,,,40,65.36,,
2025-07-22 18:19 (CDT),On Demand,Joslyn Thompson Rule,10,Stretching,Full Body Stretch,10 min Full Body Stretch,2025-06-01 23:00 (CDT),,,,,,,25,58.35,,
2025-07-23 05:10 (CDT),On Demand,Kirra Michel,10,Meditation,Breath,10 min Breathing Meditation,2025-07-22 23:00 (CDT),,,,,,,,,,
2025-07-23 12:40 (CDT),On Demand,Anna Greenberg,5,Meditation,Mindfulness,5 min Body Scan Meditation,2024-07-09 11:29 (CDT),,,,,,,,,,
2025-07-23 17:22 (-05),On Demand,Matt Wilpers,5,Cycling,Warm Up,5 min Warm Up Ride,2025-06-30 23:00 (-05),16,55,29%,73,18.48,1.54,22,,,
2025-07-23 17:29 (-05),On Demand,Emma Lovewell,30,Cycling,Music,30 min 90s Rock Ride,2025-07-09 16:26 (-05),316,176,50%,76,31.84,15.91,233,119.60,,
2025-07-23 18:00 (-05),On Demand,Matt Wilpers,5,Cycling,Cool Down,5 min Cool Down Ride,2025-05-06 23:00 (-05),18,60,28%,89,20.51,1.71,25,,,
2025-07-23 18:07 (-05),On Demand,Hannah Frankson,5,Stretching,Pre & Post-Ride Stretch,5 min Post-Ride Stretch,2025-04-15 23:00 (-05),,,,,,,13,,,
2025-07-24 05:09 (CDT),On Demand,Kirra Michel,10,Meditation,Breath,10 min Breathing Meditation,2025-07-22 23:00 (CDT),,,,,,,,,,
2025-07-24 17:42 (CDT),On Demand,Ben Alldis,20,Strength,Full Body,20 min Full Body Strength,2023-11-13 05:30 (CDT),,,,,,,55,71.98,,
2025-07-24 17:58 (CDT),On Demand,Ben Alldis,10,Strength,Core,10 min Core Strength,2025-06-08 06:14 (CDT),,,,,,,51,78.67,,
2025-07-24 18:10 (CDT),On Demand,Hannah Corbin,10,Strength,Barre,10 min Barre,2021-06-09 09:00 (CDT),,,,,,,51,67.43,,
2025-07-24 18:22 (CDT),On Demand,Joslyn Thompson Rule,10,Stretching,Full Body Stretch,10 min Full Body Stretch,2025-06-01 23:00 (CDT),,,,,,,25,63.10,,
2025-07-25 05:34 (CDT),On Demand,Kirra Michel,10,Meditation,Breath,10 min Breathing Meditation,2025-07-22 23:00 (CDT),,,,,,,,,,
2025-07-26 05:22 (CDT),On Demand,Kirra Michel,10,Meditation,Breath,10 min Breathing Meditation,2025-07-22 23:00 (CDT),,,,,,,,,,
2025-07-26 12:07 (-05),On Demand,Christian Vande Velde,45,Cycling,Power Zone,45 min Power Zone Ride,2025-04-18 13:53 (-05),485,180,45%,88,32.30,24.22,397,129.08,,
2025-07-26 12:53 (-05),On Demand,Mayla Wedekind,5,Cycling,Cool Down,5 min Cool Down Ride,2025-07-23 23:00 (-05),21,71,36%,73,22.21,1.85,37,120.19,,
2025-07-26 13:01 (-05),On Demand,Hannah Frankson,5,Stretching,Pre & Post-Ride Stretch,5 min Post-Ride Stretch,2025-01-01 00:00 (-05),,,,,,,13,,,
2025-07-26 14:45 (CDT),On Demand,Anna Greenberg,10,Meditation,Sleep,10 min Sleep Meditation,2025-07-19 23:00 (CDT),,,,,,,,,,
2025-07-27 05:36 (CDT),On Demand,Kirra Michel,10,Meditation,Breath,10 min Breathing Meditation,2025-07-22 23:00 (CDT),,,,,,,,,,
2025-07-28 05:25 (CDT),On Demand,Aditi Shah,10,Meditation,Daily Meditation,10 min Daily Meditation,2025-07-20 23:00 (CDT),,,,,,,,,,
2025-07-28 17:03 (CDT),On Demand,Ben Alldis,20,Strength,Full Body,20 min Tropical House Full Body Strength,2025-07-28 05:24 (CDT),,,,,,,103,,,
2025-07-28 17:25 (CDT),On Demand,Katie Wang,5,Strength,Core,5 min Core Strength,2025-07-02 23:00 (CDT),,,,,,,26,,,
2025-07-28 17:31 (CDT),On Demand,Ben Alldis,10,Stretching,Full Body Stretch,10 min Full Body Stretch,2025-07-27 23:00 (CDT),,,,,,,25,,,
2025-07-29 05:08 (CDT),On Demand,Aditi Shah,10,Meditation,Daily Meditation,10 min Daily Meditation,2025-07-20 23:00 (CDT),,,,,,,,,,
2025-07-29 17:42 (-05),On Demand,Leanne Hainsby-Alldis,30,Cycling,Music,30 min 2000s Rock Ride,2024-10-21 05:24 (-05),345,192,48%,83,33.30,16.66,251,125.23,,
2025-07-29 18:13 (-05),On Demand,Hannah Corbin,5,Cycling,Cool Down,5 min Cool Down Ride,2025-04-29 23:00 (-05),20,67,36%,68,21.40,1.79,31,102.90,,
2025-07-29 18:20 (-05),On Demand,Jenn Sherman,5,Stretching,Pre & Post-Ride Stretch,5 min Post-Ride Stretch,2021-10-18 10:00 (-05),,,,,,,13,,,
2025-07-30 05:08 (CDT),On Demand,Aditi Shah,10,Meditation,Morning,10 min Morning Meditation,2024-07-15 06:25 (CDT),,,,,,,,,,
2025-07-30 11:22 (CDT),On Demand,Adrian Williams,20,Strength,Full Body,20 min Full Body Strength,2024-01-20 06:56 (CDT),,,,,,,103,,,
2025-07-30 11:44 (CDT),On Demand,Ben Alldis,10,Strength,Core,10 min Core Strength,2025-07-24 23:00 (CDT),,,,,,,51,78.71,,
2025-07-30 12:04 (CDT),On Demand,Ben Alldis,10,Stretching,Full Body Stretch,10 min Full Body Stretch,2025-07-27 23:00 (CDT),,,,,,,25,,,
2025-07-31 05:09 (CDT),On Demand,Aditi Shah,10,Meditation,Morning,10 min Morning Meditation,2024-07-15 06:25 (CDT),,,,,,,,,,
2025-08-01 04:52 (CDT),On Demand,Aditi Shah,10,Meditation,Morning,10 min Morning Meditation,2024-07-15 06:25 (CDT),,,,,,,,,,
2025-08-01 16:52 (-05),On Demand,Hannah Frankson,30,Cycling,Power Zone,30 min Power Zone 2000s Ride,2025-06-06 11:55 (-05),0,0,0%,0,0,0,0,,,
2025-08-01 16:55 (-05),On Demand,Denis Morton,30,Cycling,Power Zone,30 min Power Zone Endurance Classic Rock,2025-06-28 10:56 (-05),305,170,44%,88,31.72,15.86,417,,,
2025-08-01 17:25 (-05),On Demand,Matt Wilpers,5,Cycling,Cool Down,5 min Cool Down Ride,2024-11-20 00:00 (-05),25,83,33%,87,23.67,1.97,34,,,
2025-08-01 17:32 (-05),On Demand,Matt Wilpers,5,Stretching,Pre & Post-Ride Stretch,5 min Post-Ride Stretch,2024-11-22 00:00 (-05),,,,,,,13,,,
2025-08-02 05:13 (CDT),On Demand,Aditi Shah,10,Meditation,Morning,10 min Morning Meditation,2024-07-15 06:25 (CDT),,,,,,,,,,
2025-08-02 15:36 (CDT),On Demand,Nico Sarani,20,Meditation,Sleep,20 min Sleep Meditation,2025-06-01 23:00 (CDT),,,,,,,,,,
2025-08-03 05:29 (CDT),On Demand,Aditi Shah,10,Meditation,Morning,10 min Morning Meditation,2024-07-15 06:25 (CDT),,,,,,,,,,
2025-08-03 10:35 (CDT),On Demand,Matt Wilpers,5,Stretching,Post-Run Stretch,5 min Post-Run Stretch,2025-06-18 23:00 (CDT),,,,,,,13,,,
2025-08-04 05:49 (CDT),On Demand,Chelsea Jackson Roberts,10,Meditation,Morning,10 min Morning Meditation,2025-05-15 06:48 (CDT),,,,,,,,,,
2025-08-04 12:06 (CDT),On Demand,Adrian Williams,20,Strength,Full Body,20 min Full Body Strength,2025-07-15 08:26 (CDT),,,,,,,102,,,
2025-08-04 12:34 (CDT),On Demand,Katie Wang,10,Strength,Core,10 min Core Strength,2025-06-23 06:59 (CDT),,,,,,,51,,,
2025-08-04 12:48 (CDT),On Demand,Ben Alldis,10,Stretching,Full Body Stretch,10 min Full Body Stretch,2025-07-27 23:00 (CDT),,,,,,,28,75.96,,
2025-08-05 05:17 (CDT),On Demand,Chelsea Jackson Roberts,10,Meditation,Morning,10 min Morning Meditation,2025-05-15 06:48 (CDT),,,,,,,,,,
2025-08-05 17:46 (-05),On Demand,Emma Lovewell,30,Cycling,Music,30 min Pop Punk Ride,2025-06-17 08:26 (-05),263,146,43%,83,29.64,14.82,203,111.85,,
2025-08-05 18:18 (-05),On Demand,Bradley Rose,5,Cycling,Cool Down,5 min Cool Down Ride,2025-05-08 23:00 (-05),33,111,41%,77,26.85,2.23,45,,,
2025-08-05 18:24 (-05),On Demand,Denis Morton,5,Stretching,Pre & Post-Ride Stretch,5 min Post-Ride Stretch,2025-07-31 23:00 (-05),,,,,,,13,,,
2025-08-06 05:05 (CDT),On Demand,Chelsea Jackson Roberts,10,Meditation,Morning,10 min Morning Meditation,2025-05-15 06:48 (CDT),,,,,,,,,,
2025-08-06 17:47 (CDT),On Demand,Ben Alldis,10,Strength,Upper Body,10 min Upper Body Strength,2025-06-30 05:24 (CDT),,,,,,,51,,,
2025-08-06 18:00 (CDT),On Demand,Ben Alldis,10,Strength,Core,10 min Core Strength,2025-07-13 23:00 (CDT),,,,,,,51,,,
2025-08-06 18:11 (CDT),On Demand,Hannah Corbin,10,Strength,Barre,10 min Barre,2021-06-09 09:00 (CDT),,,,,,,51,69.70,,
2025-08-06 18:26 (CDT),On Demand,Ben Alldis,10,Stretching,Full Body Stretch,10 min Full Body Stretch,2025-07-27 23:00 (CDT),,,,,,,25,62.52,,
2025-08-07 05:24 (CDT),On Demand,Chelsea Jackson Roberts,10,Meditation,Morning,10 min Morning Meditation,2025-05-15 06:48 (CDT),,,,,,,,,,
2025-08-08 05:31 (CDT),On Demand,Chelsea Jackson Roberts,10,Meditation,Morning,10 min Morning Meditation,2025-05-15 06:48 (CDT),,,,,,,,,,
2025-08-09 04:55 (CDT),On Demand,Chelsea Jackson Roberts,10,Meditation,Morning,10 min Morning Meditation,2025-05-15 06:48 (CDT),,,,,,,,,,
2025-08-09 12:49 (-05),On Demand,Mayla Wedekind,30,Cycling,Music,30 min Oasis Ride,2025-08-07 11:30 (-05),294,163,45%,84,31.10,15.55,401,,,
2025-08-09 13:20 (-05),On Demand,Benny Adami,5,Cycling,Cool Down,5 min Summer Break Cool Down Ride,2025-08-03 23:00 (-05),40,133,45%,76,28.70,2.39,54,,,
2025-08-09 13:30 (-05),On Demand,Ben Alldis,5,Stretching,Pre & Post-Ride Stretch,5 min Post-Ride Stretch,2025-07-03 23:00 (-05),,,,,,,13,,,
2025-08-10 05:47 (CDT),On Demand,Chelsea Jackson Roberts,10,Meditation,Morning,10 min Morning Meditation,2025-05-15 06:48 (CDT),,,,,,,,,,
2025-08-11 05:21 (CDT),On Demand,Kirra Michel,10,Meditation,Daily Meditation,10 min Daily Meditation,2025-08-10 23:00 (CDT),,,,,,,,,,
2025-08-11 18:08 (-05),On Demand,Denis Morton,30,Cycling,Music,30 min 90s Rock Ride,2025-07-15 23:00 (-05),263,146,43%,85,29.90,14.96,359,,,
2025-08-11 18:39 (-05),On Demand,Hannah Corbin,5,Cycling,Cool Down,5 min Cool Down Ride,2025-04-29 23:00 (-05),30,101,36%,88,26.13,2.18,42,,,
2025-08-11 18:48 (-05),On Demand,Ben Alldis,5,Stretching,Pre & Post-Ride Stretch,5 min Post-Ride Stretch,2025-07-03 23:00 (-05),,,,,,,13,,,
2025-08-12 04:53 (CDT),On Demand,Kirra Michel,10,Meditation,Daily Meditation,10 min Daily Meditation,2025-08-10 23:00 (CDT),,,,,,,,,,
2025-08-12 17:23 (CDT),On Demand,Anna Greenberg,5,Meditation,Relaxation,5 min Calming Meditation,2025-05-06 23:00 (CDT),,,,,,,,,,
2025-08-12 17:30 (CDT),On Demand,Anna Greenberg,5,Meditation,Relaxation,5 min Calming Meditation,2025-05-06 23:00 (CDT),,,,,,,,,,
2025-08-12 18:38 (CDT),On Demand,Katie Wang,20,Strength,Full Body,20 min Full Body Strength,2025-08-06 23:00 (CDT),,,,,,,102,,,
2025-08-12 19:06 (CDT),On Demand,Selena Samuela,5,Strength,Core,5 min Core Strength,2025-08-03 23:00 (CDT),,,,,,,26,,,
2025-08-12 19:13 (CDT),On Demand,Ben Alldis,10,Stretching,Full Body Stretch,10 min Full Body Stretch,2025-07-27 23:00 (CDT),,,,,,,25,,,
2025-08-13 05:11 (CDT),On Demand,Kirra Michel,10,Meditation,Morning,10 min Morning Meditation,2024-07-10 10:00 (CDT),,,,,,,,,,
2025-08-13 13:11 (CDT),On Demand,Anna Greenberg,5,Meditation,Relaxation,5 min Calming Meditation,2025-05-06 23:00 (CDT),,,,,,,,,,
2025-08-13 17:29 (CDT),On Demand,Anna Greenberg,5,Meditation,Relaxation,5 min Calming Meditation,2025-05-06 23:00 (CDT),,,,,,,,,,
2025-08-14 17:40 (CDT),On Demand,Ben Alldis,10,Strength,Upper Body,10 min Arms & Shoulder Strength,2025-06-15 05:56 (CDT),,,,,,,51,,,
2025-08-14 17:55 (-05),On Demand,Charlotte Weidenbach,30,Cycling,Power Zone,30 min Power Zone Endurance Ride,2025-07-11 01:25 (-05),285,157,43%,89,30.69,15.37,389,,,
2025-08-14 18:29 (-05),On Demand,Mayla Wedekind,5,Cycling,Cool Down,5 min Cool Down Ride,2025-07-23 23:00 (-05),32,107,37%,88,26.52,2.20,44,,,
2025-08-14 18:42 (CDT),On Demand,Emma Lovewell,5,Strength,Core,5 min Core Strength,2024-02-01 09:00 (CDT),,,,,,,26,,,
2025-08-14 18:49 (CDT),On Demand,Ben Alldis,10,Stretching,Full Body Stretch,10 min Full Body Stretch,2024-02-14 06:05 (CDT),,,,,,,25,,,
2025-08-15 04:56 (CDT),On Demand,Kirra Michel,10,Meditation,Daily Meditation,10 min Daily Meditation,2025-08-10 23:00 (CDT),,,,,,,,,,
2025-08-16 05:08 (CDT),On Demand,Kirra Michel,10,Meditation,Daily Meditation,10 min Daily Meditation,2025-08-10 23:00 (CDT),,,,,,,,,,
2025-08-16 17:12 (CDT),On Demand,Katie Wang,5,Strength,Core,5 min Core Strength,2025-07-02 23:00 (CDT),,,,,,,26,,,
2025-08-16 17:19 (CDT),On Demand,Jermaine Johnson,10,Strength,Lower Body,10 min Glutes & Legs Strength,2025-02-28 07:15 (CDT),,,,,,,51,,,
2025-08-16 17:35 (-05),On Demand,Jess King,30,Cycling,Music,30 min 90s Rock Ride,2025-08-05 08:26 (-05),308,171,46%,85,31.88,15.94,420,,,
2025-08-16 18:05 (-05),On Demand,Denis Morton,5,Cycling,Cool Down,5 min Cool Down Ride,2025-07-15 23:00 (-05),18,60,29%,84,20.38,1.69,25,,,
2025-08-16 18:13 (CDT),On Demand,Ben Alldis,10,Stretching,Full Body Stretch,10 min Full Body Stretch,2023-11-23 07:25 (CDT),,,,,,,26,,,
2025-08-17 06:09 (CDT),On Demand,Kirra Michel,10,Meditation,Daily Meditation,10 min Daily Meditation,2025-08-10 23:00 (CDT),,,,,,,,,,
2025-08-18 04:51 (CDT),On Demand,Anna Greenberg,10,Meditation,Meditation Basics,10 min Basics: Mantra,2023-08-30 09:00 (CDT),,,,,,,,,,
2025-08-18 12:24 (-05),On Demand,Denis Morton,30,Cycling,Power Zone,30 min Power Zone Ride,2025-08-17 14:56 (-05),324,180,44%,89,32.19,16.09,443,,,
2025-08-18 12:54 (-05),On Demand,Denis Morton,5,Cycling,Cool Down,5 min Cool Down Ride,2025-07-15 23:00 (-05),19,64,29%,89,21.17,1.76,26,,,
2025-08-18 13:02 (-05),On Demand,Camila Ramon,5,Stretching,Pre & Post-Ride Stretch,5 min Post-Ride Stretch,2025-08-07 23:00 (-05),,,,,,,13,,,
2025-08-19 11:33 (CDT),On Demand,Anna Greenberg,10,Meditation,Meditation Basics,10 min Basics: Mantra,2023-08-30 09:00 (CDT),,,,,,,,,,
2025-08-19 17:25 (CDT),On Demand,Chelsea Jackson Roberts,5,Meditation,Morning,5 min Morning Meditation,2025-07-31 06:55 (CDT),,,,,,,,,,
2025-08-19 17:46 (CDT),On Demand,Ben Alldis,30,Strength,Full Body,30 min Full Body Strength,2025-06-09 05:24 (CDT),,,,,,,151,,,
2025-08-19 18:24 (CDT),On Demand,Ben Alldis,10,Stretching,Full Body Stretch,10 min MOS Ibiza Chillout Full Body,2021-08-16 00:00 (CDT),,,,,,,25,,,
2025-08-20 05:15 (CDT),On Demand,Anna Greenberg,10,Meditation,Meditation Basics,10 min Basics: Mantra,2023-08-30 09:00 (CDT),,,,,,,,,,
2025-08-20 21:34 (CDT),On Demand,Sam Yo,30,Cycling,Power Zone,30 min Power Zone Endurance,2025-07-13 03:26 (CDT),0,0,0%,0,0,0,0,,,
2025-08-21 05:16 (CDT),On Demand,Anna Greenberg,10,Meditation,Meditation Basics,10 min Basics: Mantra,2023-08-30 09:00 (CDT),,,,,,,,,,
2025-08-21 11:54 (CDT),On Demand,Selena Samuela,5,Strength,Core,5 min Core Strength,2025-08-03 23:00 (CDT),,,,,,,25,,,
2025-08-21 12:01 (CDT),On Demand,Ben Alldis,10,Strength,Upper Body,10 min Upper Body Strength,2025-02-24 04:00 (CDT),,,,,,,51,,,
2025-08-21 12:21 (-05),On Demand,Denis Morton,30,Cycling,Power Zone,30 min Power Zone Endurance Ride,2025-08-21 05:25 (-05),302,168,46%,83,31.54,15.77,218,115.77,,
2025-08-21 12:52 (-05),On Demand,Matt Wilpers,5,Cycling,Cool Down,5 min Cool Down Ride,2025-02-14 00:00 (-05),30,99,35%,91,25.51,2.13,31,104.75,,
2025-08-21 13:05 (CDT),On Demand,Ben Alldis,10,Stretching,Full Body Stretch,10 min MOS Ibiza Chillout Full Body,2021-08-16 00:00 (CDT),,,,,,,25,,,
2025-08-22 04:55 (CDT),On Demand,Anna Greenberg,10,Meditation,Meditation Basics,10 min Basics: Mantra,2023-08-30 09:00 (CDT),,,,,,,,58.35,,
2025-08-22 16:49 (CDT),On Demand,Chelsea Jackson Roberts,5,Meditation,Mindfulness,5 min Witness Meditation,2025-04-15 23:00 (CDT),,,,,,,,,,
2025-08-23 04:39 (CDT),On Demand,Ross Rayburn,10,Meditation,Mindfulness,10 min Body Scan Meditation,2023-08-24 10:00 (CDT),,,,,,,,,,
2025-08-23 11:56 (CDT),On Demand,Katie Wang,5,Strength,Core,5 min Core Strength,2025-07-02 23:00 (CDT),,,,,,,25,,,
2025-08-23 12:04 (CDT),On Demand,Jermaine Johnson,10,Strength,Lower Body,10 min Glutes & Legs Strength,2025-02-28 07:15 (CDT),,,,,,,51,87.07,,
2025-08-23 12:30 (-05),On Demand,Hannah Corbin,30,Cycling,Music,30 min Alternative Rock Ride,2025-08-22 10:56 (-05),326,181,47%,83,32.47,16.24,242,123.66,,
2025-08-23 13:02 (-05),On Demand,Charlotte Weidenbach,5,Cycling,Cool Down,5 min Cool Down Ride,2025-08-20 23:00 (-05),27,91,37%,79,24.87,2.07,36,110.34,,
2025-08-23 13:10 (CDT),On Demand,Ben Alldis,10,Stretching,Full Body Stretch,10 min Full Body Stretch,2024-01-15 05:59 (CDT),,,,,,,25,,,
2025-08-23 15:24 (CDT),On Demand,Chelsea Jackson Roberts,10,Meditation,Sleep,10 min Sleep Meditation,2025-05-25 21:00 (CDT),,,,,,,,,,
2025-08-24 05:00 (CDT),On Demand,Ross Rayburn,10,Meditation,Mindfulness,10 min Body Scan Meditation,2024-05-01 13:00 (CDT),,,,,,,,,,
2025-08-25 05:19 (CDT),On Demand,Ross Rayburn,10,Meditation,Mindfulness,10 min Body Scan Meditation,2023-08-24 10:00 (CDT),,,,,,,,,,
2025-08-25 11:58 (CDT),On Demand,Ross Rayburn,5,Meditation,Mindfulness,5 min Body Scan Meditation,2024-03-20 10:00 (CDT),,,,,,,,,,
2025-08-25 12:04 (CDT),On Demand,Ross Rayburn,5,Meditation,Mindfulness,5 min Body Scan Meditation,2024-03-20 10:00 (CDT),,,,,,,,,,
2025-08-25 16:51 (CDT),On Demand,Ross Rayburn,5,Meditation,Mindfulness,5 min Body Scan Meditation,2024-03-20 10:00 (CDT),,,,,,,,,,
2025-08-25 17:37 (-05),On Demand,Charlotte Weidenbach,30,Cycling,Power Zone,30 min Power Zone Ride,2025-08-15 01:30 (-05),324,180,45%,88,31.96,15.98,248,125.13,,
2025-08-25 18:08 (-05),On Demand,Denis Morton,5,Cycling,Cool Down,5 min Cool Down Ride,2025-07-15 23:00 (-05),16,55,28%,81,19.09,1.59,28,102.80,,
2025-08-25 18:14 (-05),On Demand,Ben Alldis,5,Stretching,Pre & Post-Ride Stretch,5 min Post-Ride Stretch,2025-07-03 23:00 (-05),,,,,,,21,91.77,,
2025-08-26 05:25 (CDT),On Demand,Ross Rayburn,10,Meditation,Mindfulness,10 min Body Scan Meditation,2023-08-24 10:00 (CDT),,,,,,,,,,
2025-08-26 11:46 (CDT),On Demand,Ben Alldis,30,Strength,Full Body,30 min Full Body Strength,2025-08-17 05:54 (CDT),,,,,,,151,,,
2025-08-26 12:17 (CDT),On Demand,Ben Alldis,10,Stretching,Full Body Stretch,10 min Full Body Stretch,2024-01-15 05:59 (CDT),,,,,,,25,,,
2025-08-27 05:02 (CDT),On Demand,Ross Rayburn,10,Meditation,Mindfulness,10 min Body Scan Meditation,2023-08-24 10:00 (CDT),,,,,,,,,,
2025-08-27 17:34 (CDT),On Demand,Ross Rayburn,5,Meditation,Mindfulness,5 min Body Scan Meditation,2022-02-15 10:00 (CDT),,,,,,,,,,
2025-08-28 05:22 (CDT),On Demand,Ross Rayburn,10,Meditation,Mindfulness,10 min Body Scan Meditation,2023-08-24 10:00 (CDT),,,,,,,,,,
2025-08-28 11:30 (CDT),On Demand,Ross Rayburn,5,Meditation,Mindfulness,5 min Body Scan Meditation,2022-02-15 10:00 (CDT),,,,,,,,,,
2025-08-28 17:00 (CDT),On Demand,Ross Rayburn,5,Meditation,Mindfulness,5 min Body Scan Meditation,2022-02-15 10:00 (CDT),,,,,,,,,,
2025-08-28 17:24 (CDT),On Demand,Adrian Williams,10,Strength,Upper Body,10 min Arms & Shoulders Strength,2024-11-22 11:39 (CDT),,,,,,,50,,,
2025-08-28 17:36 (CDT),On Demand,Katie Wang,5,Strength,Core,5 min Core Strength,2025-08-20 23:00 (CDT),,,,,,,25,,,
2025-08-28 17:52 (-05),On Demand,Charlotte Weidenbach,30,Cycling,Power Zone,30 min Power Zone Endurance Ride,2025-05-02 01:25 (-05),306,170,50%,76,31.84,15.92,220,117.74,,
2025-08-28 18:22 (-05),On Demand,Matt Wilpers,5,Cycling,Cool Down,5 min Cool Down Ride,2025-02-14 00:00 (-05),14,46,24%,91,18.13,1.51,25,96.85,,
2025-08-28 18:29 (CDT),On Demand,Ben Alldis,10,Stretching,Full Body Stretch,10 min Lewis Capaldi Full Body Stretch,2023-05-22 13:05 (CDT),,,,,,,25,,,
2025-08-29 05:15 (CDT),On Demand,Ross Rayburn,10,Meditation,Mindfulness,10 min Body Scan Meditation,2023-08-24 10:00 (CDT),,,,,,,,,,
2025-08-30 05:37 (CDT),On Demand,Ross Rayburn,10,Meditation,Mindfulness,10 min Body Scan Meditation,2023-08-24 10:00 (CDT),,,,,,,,,,
2025-08-30 16:50 (CDT),On Demand,Selena Samuela,5,Strength,Core,5 min Core Strength,2025-08-03 23:00 (CDT),,,,,,,25,82.29,,
2025-08-30 16:57 (CDT),On Demand,Jermaine Johnson,10,Strength,Lower Body,10 min Glutes & Legs Strength,2025-02-28 07:15 (CDT),,,,,,,51,,,
2025-08-30 23:15 (+01),On Demand,Erik Jager,30,Cycling,Power Zone,30 min Power Zone Endurance Classic Rock,2025-05-27 18:24 (+01),294,163,45%,86,31.33,15.67,230,120.14,,
2025-08-30 23:45 (+01),On Demand,Hannah Corbin,5,Cycling,Cool Down,5 min Cool Down Ride,2024-04-03 16:00 (+01),32,106,45%,67,26.48,2.20,34,112.77,,
2025-08-30 17:54 (CDT),On Demand,Ben Alldis,10,Stretching,Full Body Stretch,10 min Full Body Stretch,2024-01-15 05:59 (CDT),,,,,,,25,,,
2025-08-31 06:05 (CDT),On Demand,Ross Rayburn,10,Meditation,Mindfulness,10 min Body Scan Meditation,2023-08-24 10:00 (CDT),,,,,,,,,,
2025-09-01 05:15 (CDT),On Demand,Ross Rayburn,10,Meditation,Mindfulness,10 min Body Scan Meditation,2023-08-24 10:00 (CDT),,,,,,,,,,
2025-09-01 05:25 (CDT),On Demand,Ross Rayburn,5,Meditation,Mindfulness,5 min Body Scan Meditation,2022-02-15 10:00 (CDT),,,,,,,,,,
2025-09-01 17:18 (+01),On Demand,Christian Vande Velde,45,Cycling,Power Zone,45 min Power Zone Ride,2025-04-18 19:53 (+01),501,186,45%,88,32.57,24.43,401,121.28,,
2025-09-01 18:04 (+01),On Demand,Hannah Corbin,5,Cycling,Cool Down,5 min Cool Down Ride,2024-04-03 16:00 (+01),27,91,43%,63,24.74,2.06,39,120.77,,
2025-09-01 18:14 (+01),On Demand,Camila Ramon,5,Stretching,Pre & Post-Ride Stretch,5 min Post-Ride Stretch,2025-08-08 05:00 (+01),,,,,,,17,38.01,,
2025-09-02 05:10 (CDT),On Demand,Ross Rayburn,10,Meditation,Mindfulness,10 min Body Scan Meditation,2023-08-24 10:00 (CDT),,,,,,,,,,
2025-09-02 17:31 (CDT),On Demand,Ben Alldis,30,Strength,Full Body,30 min Full Body Strength,2025-08-17 05:54 (CDT),,,,,,,151,,,
2025-09-02 18:03 (CDT),On Demand,Ben Alldis,10,Stretching,Full Body Stretch,10 min MOS Ibiza Chillout Full Body,2021-08-16 00:00 (CDT),,,,,,,25,,,
2025-09-03 05:20 (CDT),On Demand,Ross Rayburn,10,Meditation,Mindfulness,10 min Body Scan Meditation,2023-08-24 10:00 (CDT),,,,,,,,,,
2025-09-03 11:40 (CDT),On Demand,Ross Rayburn,5,Meditation,Mindfulness,5 min Body Scan Meditation,2022-02-15 10:00 (CDT),,,,,,,,,,
2025-09-03 17:36 (CDT),On Demand,Ross Rayburn,5,Meditation,Mindfulness,5 min Body Scan Meditation,2022-02-15 10:00 (CDT),,,,,,,,,,
2025-09-04 04:53 (CDT),On Demand,Ross Rayburn,10,Meditation,Mindfulness,10 min Body Scan Meditation,2023-08-24 10:00 (CDT),,,,,,,,,,
2025-09-04 12:20 (CDT),On Demand,Emma Lovewell,5,Strength,Core,5 min Core Strength,2025-08-27 23:00 (CDT),,,,,,,25,,,
2025-09-04 12:27 (CDT),On Demand,Adrian Williams,10,Strength,Upper Body,10 min Arms & Shoulders Strength,2024-11-22 11:39 (CDT),,,,,,,50,,,
2025-09-04 18:52 (+01),On Demand,Ben Alldis,30,Cycling,Power Zone,30 min Power Zone Endurance 90s Ride,2025-08-03 13:55 (+01),289,160,44%,84,30.54,15.27,209,114.06,,
2025-09-04 19:23 (+01),On Demand,Leanne Hainsby-Alldis,5,Cycling,Cool Down,5 min Cool Down Ride,2025-09-03 05:00 (+01),35,118,40%,83,27.52,2.29,47,,,
2025-09-04 13:35 (CDT),On Demand,Ben Alldis,10,Stretching,Full Body Stretch,10 min Full Body Stretch,2025-07-27 23:00 (CDT),,,,,,,25,,,
2025-09-05 05:25 (CDT),On Demand,Ross Rayburn,5,Meditation,Mindfulness,5 min Body Scan Meditation,2022-02-15 10:00 (CDT),,,,,,,,,,
2025-09-05 05:31 (CDT),On Demand,Ross Rayburn,5,Meditation,Emotions,5 min Energizing Meditation,2022-02-23 07:34 (CDT),,,,,,,,,,
2025-09-05 12:47 (CDT),On Demand,Ross Rayburn,5,Meditation,Mindfulness,5 min Body Scan Meditation,2022-02-15 10:00 (CDT),,,,,,,,,,
2025-09-05 12:52 (CDT),On Demand,Ross Rayburn,5,Meditation,Mindfulness,5 min Body Scan Meditation,2022-02-15 10:00 (CDT),,,,,,,,,,
2025-09-06 15:50 (CDT),On Demand,Emma Lovewell,5,Strength,Core,5 min Core Strength,2025-08-27 23:00 (CDT),,,,,,,25,,,
2025-09-06 15:56 (CDT),On Demand,Jermaine Johnson,10,Strength,Lower Body,10 min Glutes & Legs Strength,2025-02-28 07:15 (CDT),,,,,,,50,,,
2025-09-06 22:12 (+01),On Demand,Denis Morton,30,Cycling,Power Zone,30 min Power Zone Endurance Ride,2025-08-21 11:25 (+01),289,160,45%,83,30.60,15.30,386,,,
2025-09-06 22:43 (+01),On Demand,Hannah Corbin,5,Cycling,Cool Down,5 min Cool Down Ride,2025-04-30 05:00 (+01),25,82,36%,79,24.03,2.00,33,,,
2025-09-06 22:50 (+01),On Demand,Camila Ramon,5,Stretching,Pre & Post-Ride Stretch,5 min Post-Ride Stretch,2025-08-08 05:00 (+01),,,,,,,12,,,
2025-09-07 07:14 (CDT),On Demand,Denis Morton,10,Meditation,Daily Meditation,10 min Daily Meditation,2025-08-17 23:00 (CDT),,,,,,,,,,
2025-09-08 05:20 (CDT),On Demand,Denis Morton,10,Meditation,Daily Meditation,10 min Daily Meditation,2025-08-17 23:00 (CDT),,,,,,,,,,
2025-09-08 11:23 (CDT),On Demand,Denis Morton,10,Meditation,Walking Meditation,10 min Body Scan Walking Meditation,2025-08-19 23:00 (CDT),,,,,,,,,,
2025-09-08 23:40 (+01),On Demand,Camila Ramon,30,Cycling,Music,30 min Pop Punk Ride,2025-09-07 16:55 (+01),298,165,48%,79,31.28,15.64,224,117.85,,
2025-09-09 00:10 (+01),On Demand,Bradley Rose,5,Cycling,Cool Down,5 min Cool Down Ride,2025-05-09 05:00 (+01),29,98,40%,72,24.92,2.08,36,101.52,,
2025-09-09 00:18 (+01),On Demand,Camila Ramon,5,Stretching,Pre & Post-Ride Stretch,5 min Post-Ride Stretch,2025-08-08 05:00 (+01),,,,,,,12,,,
2025-09-09 05:22 (CDT),On Demand,Denis Morton,10,Meditation,Daily Meditation,10 min Daily Meditation,2025-08-17 23:00 (CDT),,,,,,,,,,
2025-09-09 12:09 (CDT),On Demand,Ben Alldis,30,Strength,Full Body,30 min Full Body Strength,2025-08-30 23:00 (CDT),,,,,,,140,82.96,,
2025-09-09 12:45 (CDT),On Demand,Ben Alldis,10,Stretching,Full Body Stretch,10 min Full Body Stretch,2022-09-12 06:27 (CDT),,,,,,,25,69.33,,
2025-09-10 05:07 (CDT),On Demand,Denis Morton,10,Meditation,Daily Meditation,10 min Daily Meditation,2025-08-17 23:00 (CDT),,,,,,,,,,
2025-09-10 11:36 (CDT),On Demand,Ross Rayburn,5,Meditation,Mindfulness,5 min Body Scan Meditation,2022-02-15 10:00 (CDT),,,,,,,,,,
2025-09-11 05:48 (CDT),On Demand,Selena Samuela,5,Strength,Core,5 min Core Strength,2025-09-01 23:00 (CDT),,,,,,,25,,,
2025-09-11 05:55 (CDT),On Demand,Ben Alldis,10,Strength,Lower Body,10 min Glutes & Legs Strength,2025-08-10 23:00 (CDT),,,,,,,50,,,
2025-09-11 12:12 (+01),On Demand,Ben Alldis,30,Cycling,Power Zone,30 min Power Zone Endurance Ride,2025-07-06 13:54 (+01),298,165,45%,83,31.34,15.68,239,123.38,,
2025-09-11 12:43 (+01),On Demand,Hannah Corbin,5,Cycling,Cool Down,5 min Cool Down Ride,2025-04-30 05:00 (+01),24,81,35%,79,23.78,1.97,32,107.22,,
2025-09-11 06:57 (CDT),On Demand,Ben Alldis,10,Stretching,Full Body Stretch,10 min Full Body Stretch,2024-05-06 01:00 (CDT),,,,,,,25,,,
2025-09-12 15:56 (MDT),On Demand,Leanne Hainsby-Alldis,5,Stretching,Pre & Post-Ride Stretch,5 min Post-Ride Stretch,2025-07-24 22:00 (MDT),,,,,,,12,,,
2025-09-13 08:05 (MDT),On Demand,Susie Chan,5,Stretching,Post-Run Stretch,5 min Post-Run Stretch,2025-08-20 22:00 (MDT),,,,,,,13,,,
2025-09-15 05:19 (CDT),On Demand,Nico Sarani,10,Meditation,Morning,10 min Morning Meditation,2025-09-09 06:56 (CDT),,,,,,,,,,
2025-09-15 11:22 (CDT),On Demand,Denis Morton,10,Meditation,Walking Meditation,10 min Body Scan Walking Meditation,2025-08-19 23:00 (CDT),,,,,,,,,,
2025-09-15 23:36 (+01),On Demand,Mayla Wedekind,30,Cycling,Music,30 min Rock Ride,2024-09-21 08:00 (+01),310,172,46%,85,31.93,15.96,210,113.89,,
2025-09-16 00:07 (+01),On Demand,Hannah Corbin,5,Cycling,Cool Down,5 min Cool Down Ride,2024-04-03 16:00 (+01),36,120,47%,67,27.78,2.32,35,91.31,,
2025-09-16 00:14 (+01),On Demand,Alex Toussaint,5,Stretching,Pre & Post-Ride Stretch,5 min Post-Ride Stretch,2025-08-29 05:00 (+01),,,,,,,17,86.23,,
2025-09-16 05:09 (CDT),On Demand,Nico Sarani,10,Meditation,Morning,10 min Morning Meditation,2025-09-09 06:56 (CDT),,,,,,,,,,
2025-09-16 11:17 (CDT),On Demand,Denis Morton,10,Meditation,Walking Meditation,10 min Body Scan Walking Meditation,2025-08-19 23:00 (CDT),,,,,,,,,,
2025-09-16 17:44 (CDT),On Demand,Ben Alldis,30,Strength,Full Body,30 min Full Body Strength,2024-10-14 05:24 (CDT),,,,,,,152,86.67,,
2025-09-16 18:22 (CDT),On Demand,Ben Alldis,10,Stretching,Full Body Stretch,10 min Full Body Stretch,2022-11-02 07:55 (CDT),,,,,,,26,71.47,,
2025-09-16 18:35 (CDT),On Demand,Kristin McGee,5,Yoga,Restorative,5 min Savasana,2023-12-20 09:00 (CDT),,,,,,,5,,,
2025-09-17 05:21 (CDT),On Demand,Nico Sarani,10,Meditation,Morning,10 min Morning Meditation,2025-09-09 06:56 (CDT),,,,,,,,,,
2025-09-18 05:21 (CDT),On Demand,Nico Sarani,10,Meditation,Morning,10 min Morning Meditation,2025-09-09 06:56 (CDT),,,,,,,,,,
2025-09-18 17:18 (CDT),On Demand,Emma Lovewell,5,Strength,Core,5 min Core Strength,2025-08-27 23:00 (CDT),,,,,,,25,,,
2025-09-18 17:25 (CDT),On Demand,Ben Alldis,10,Strength,Upper Body,10 min Arms & Shoulders Strength,2025-09-06 23:00 (CDT),,,,,,,50,,,
2025-09-18 23:45 (+01),On Demand,Emma Lovewell,30,Cycling,Music,30 min 2000s Rock Ride,2025-09-15 14:24 (+01),307,171,47%,80,31.04,15.52,410,,,
2025-09-19 00:16 (+01),On Demand,Emma Lovewell,5,Cycling,Cool Down,5 min Cool Down Ride,2025-09-10 05:00 (+01),24,79,36%,75,22.72,1.89,32,,,
2025-09-18 18:25 (CDT),On Demand,Ben Alldis,10,Stretching,Full Body Stretch,10 min Full Body Stretch,2024-05-06 01:00 (CDT),,,,,,,25,,,
2025-09-18 22:02 (CDT),On Demand,Aditi Shah,10,Meditation,Sleep,10 min Sleep Meditation,2025-09-14 21:00 (CDT),,,,,,,,,,
2025-09-20 05:03 (CDT),On Demand,Ross Rayburn,10,Meditation,Morning,10 min Morning Meditation,2024-03-16 08:00 (CDT),,,,,,,,,,
2025-09-20 12:35 (CDT),On Demand,Katie Wang,5,Strength,Core,5 min Core Strength,2025-08-20 23:00 (CDT),,,,,,,25,,,
2025-09-20 12:43 (CDT),On Demand,Ben Alldis,10,Strength,Lower Body,10 min Glutes & Legs Strength,2025-08-10 23:00 (CDT),,,,,,,50,,,
2025-09-20 19:03 (+01),On Demand,Ben Alldis,30,Cycling,Power Zone,30 min Power Zone Endurance Ride,2025-09-14 13:55 (+01),306,170,45%,85,31.74,15.87,232,121.82,,
2025-09-20 19:34 (+01),On Demand,Emma Lovewell,5,Cycling,Cool Down,5 min Cool Down Ride,2025-09-10 05:00 (+01),22,78,35%,78,23.35,1.87,29,,,
2025-09-20 13:44 (CDT),On Demand,Ben Alldis,10,Stretching,Full Body Stretch,10 min Full Body Stretch,2024-05-06 01:00 (CDT),,,,,,,25,,,
2025-09-21 06:46 (CDT),On Demand,Ross Rayburn,10,Meditation,Morning,10 min Morning Meditation,2024-03-16 08:00 (CDT),,,,,,,,,,
2025-09-22 05:27 (CDT),On Demand,Ross Rayburn,10,Meditation,Morning,10 min Morning Meditation,2024-03-16 08:00 (CDT),,,,,,,,,,
2025-09-22 18:17 (+01),On Demand,Denis Morton,5,Cycling,Warm Up,5 min Get to Know Me Warm Up Ride,2025-09-22 05:00 (+01),25,83,33%,86,23.83,1.98,33,,,
2025-09-22 18:24 (+01),On Demand,Ben Alldis,30,Cycling,Intervals,30 min HIIT & Hills Ride,2025-09-09 11:24 (+01),431,239,59%,75,36.13,18.06,281,136.29,,
2025-09-22 18:56 (+01),On Demand,Emma Lovewell,5,Cycling,Cool Down,5 min Cool Down Ride,2025-09-10 05:00 (+01),21,71,37%,70,22.10,1.84,32,97.39,,
2025-09-22 19:03 (+01),On Demand,Emma Lovewell,5,Stretching,Pre & Post-Ride Stretch,5 min Post-Ride Stretch,2022-05-11 16:00 (+01),,,,,,,12,,,
2025-09-23 05:24 (CDT),On Demand,Ross Rayburn,10,Meditation,Morning,10 min Morning Meditation,2024-03-16 08:00 (CDT),,,,,,,,,,
2025-09-23 11:56 (CDT),On Demand,Adrian Williams,30,Strength,Full Body,30 min Full Body Strength,2025-09-12 08:24 (CDT),,,,,,,150,,,
2025-09-23 12:31 (CDT),On Demand,Ben Alldis,10,Stretching,Full Body Stretch,10 min Full Body Stretch,2022-03-30 06:59 (CDT),,,,,,,25,,,
2025-09-24 05:16 (CDT),On Demand,Ross Rayburn,10,Meditation,Morning,10 min Morning Meditation,2024-03-16 08:00 (CDT),,,,,,,,,,
2025-09-24 12:07 (CDT),On Demand,Ross Rayburn,5,Meditation,Mindfulness,5 min Body Scan Meditation,2024-03-20 10:00 (CDT),,,,,,,,,,
2025-09-24 12:12 (CDT),On Demand,Ross Rayburn,5,Meditation,Mindfulness,5 min Body Scan Meditation,2024-03-20 10:00 (CDT),,,,,,,,,,
2025-09-25 05:16 (CDT),On Demand,Ross Rayburn,10,Meditation,Morning,10 min Morning Meditation,2024-03-16 08:00 (CDT),,,,,,,,,,
2025-09-25 12:07 (CDT),On Demand,Ross Rayburn,5,Meditation,Mindfulness,5 min Body Scan Meditation,2022-02-15 10:00 (CDT),,,,,,,,,,
2025-09-25 12:12 (CDT),On Demand,Ross Rayburn,5,Meditation,Mindfulness,5 min Body Scan Meditation,2022-02-15 10:00 (CDT),,,,,,,,,,
2025-09-25 17:24 (CDT),On Demand,Callie Gullickson,5,Strength,Core,5 min Core Strength,2025-09-08 23:00 (CDT),,,,,,,25,,,
2025-09-25 17:31 (CDT),On Demand,Ben Alldis,10,Strength,Upper Body,10 min Upper Body Strength,2025-09-22 05:26 (CDT),,,,,,,50,,,
2025-09-25 23:49 (+01),On Demand,Denis Morton,30,Cycling,Power Zone,30 min Power Zone Endurance Ride,2025-09-24 01:25 (+01),310,172,48%,80,32.02,16.01,210,113.57,,
2025-09-25 18:23 (-05),On Demand,Emma Lovewell,5,Cycling,Cool Down,5 min Cool Down Ride,2025-09-09 23:00 (-05),25,84,35%,83,24.27,2.02,34,,,
2025-09-25 18:36 (CDT),On Demand,Ben Alldis,10,Stretching,Full Body Stretch,10 min Tropical House Full Body Stretch,2022-07-27 06:05 (CDT),,,,,,,25,,,
2025-09-26 05:01 (CDT),On Demand,Ross Rayburn,10,Meditation,Morning,10 min Morning Meditation,2024-03-16 08:00 (CDT),,,,,,,,,,
2025-09-26 11:39 (CDT),On Demand,Ross Rayburn,5,Meditation,Mindfulness,5 min Body Scan Meditation,2022-02-15 10:00 (CDT),,,,,,,,,,
2025-09-27 05:18 (CDT),On Demand,Kirra Michel,10,Meditation,Daily Meditation,10 min Daily Meditation,2025-09-21 23:00 (CDT),,,,,,,,,,
2025-09-27 11:27 (CDT),On Demand,Rebecca Kennedy,5,Strength,Core,5 min Core Strength,2022-04-13 09:00 (CDT),,,,,,,25,,,
2025-09-27 11:34 (CDT),On Demand,Jermaine Johnson,10,Strength,Lower Body,10 min Glutes & Legs Strength,2025-09-16 05:55 (CDT),,,,,,,50,,,
2025-09-27 11:52 (-05),On Demand,Sam Yo,30,Cycling,Power Zone,30 min Power Zone Endurance 2000s Rock,2025-09-21 03:25 (-05),302,168,43%,90,31.66,15.83,228,120.62,,
2025-09-27 12:22 (-05),On Demand,Emma Lovewell,5,Cycling,Cool Down,5 min Cool Down Ride,2025-09-09 23:00 (-05),25,84,36%,80,23.90,1.99,32,104.60,,
2025-09-27 12:31 (CDT),On Demand,Ben Alldis,10,Stretching,Full Body Stretch,10 min Tropical House Full Body Stretch,2022-07-27 06:05 (CDT),,,,,,,26,75.32,,
2025-09-28 05:38 (CDT),On Demand,Kirra Michel,10,Meditation,Daily Meditation,10 min Daily Meditation,2025-09-21 23:00 (CDT),,,,,,,,,,
2025-09-29 05:05 (CDT),On Demand,Kirra Michel,10,Meditation,Daily Meditation,10 min Daily Meditation,2025-09-21 23:00 (CDT),,,,,,,,,,
2025-09-29 12:24 (-05),On Demand,Bradley Rose,5,Cycling,Warm Up,5 min Warm Up Ride,2025-09-22 23:00 (-05),34,114,36%,93,27.13,2.26,26,94.01,,
2025-09-29 12:31 (-05),On Demand,Ben Alldis,30,Cycling,Intervals,30 min HIIT & Hills Ride,2025-09-09 05:24 (-05),439,244,59%,74,36.43,18.22,293,139.58,,
2025-09-29 13:04 (-05),On Demand,Emma Lovewell,5,Cycling,Cool Down,5 min Cool Down Ride,2025-09-09 23:00 (-05),21,69,34%,76,21.64,1.80,32,108.33,,
2025-09-29 13:11 (-05),On Demand,Emma Lovewell,5,Stretching,Pre & Post-Ride Stretch,5 min Post-Ride Stretch,2022-05-11 10:00 (-05),,,,,,,12,,,
2025-09-30 05:09 (CDT),On Demand,Kirra Michel,10,Meditation,Daily Meditation,10 min Daily Meditation,2025-09-21 23:00 (CDT),,,,,,,,,,
2025-09-30 12:07 (CDT),On Demand,Ross Rayburn,5,Meditation,Mindfulness,5 min Body Scan Meditation,2022-02-15 10:00 (CDT),,,,,,,,,,
2025-09-30 17:31 (CDT),On Demand,Jermaine Johnson,30,Strength,Full Body,30 min Full Body Strength,2025-07-29 05:24 (CDT),,,,,,,150,,,
2025-09-30 18:11 (CDT),On Demand,Ben Alldis,10,Stretching,Full Body Stretch,10 min Red (Taylor's Version) Stretch,2021-12-25 04:00 (CDT),,,,,,,25,,,
2025-10-01 05:20 (CDT),On Demand,Kirra Michel,10,Meditation,Daily Meditation,10 min Daily Meditation,2025-09-21 23:00 (CDT),,,,,,,,,,
2025-10-01 11:49 (CDT),On Demand,Ross Rayburn,5,Meditation,Mindfulness,5 min Body Scan Meditation,2022-02-15 10:00 (CDT),,,,,,,,,,
2025-10-01 11:54 (CDT),On Demand,Ross Rayburn,5,Meditation,Mindfulness,5 min Body Scan Meditation,2022-02-15 10:00 (CDT),,,,,,,,,,
2025-10-02 05:15 (CDT),On Demand,Kirra Michel,10,Meditation,Daily Meditation,10 min Daily Meditation,2025-09-21 23:00 (CDT),,,,,,,,,,
2025-10-02 11:35 (CDT),On Demand,Rebecca Kennedy,5,Strength,Core,5 min Core Strength,2022-04-13 09:00 (CDT),,,,,,,25,,,
2025-10-02 11:42 (CDT),On Demand,Ben Alldis,10,Strength,Upper Body,10 min Upper Body Strength,2025-09-22 05:26 (CDT),,,,,,,50,,,
2025-10-02 11:59 (-05),On Demand,Sam Yo,30,Cycling,Power Zone,30 min Power Zone Endurance 2000s Rock,2025-09-21 03:25 (-05),301,167,44%,88,31.57,15.78,222,117.84,,
2025-10-02 12:30 (-05),On Demand,Emma Lovewell,5,Cycling,Cool Down,5 min Cool Down Ride,2025-04-22 23:00 (-05),23,76,33%,85,23.05,1.92,29,96.00,,
2025-10-02 12:38 (CDT),On Demand,Ben Alldis,10,Stretching,Full Body Stretch,10 min Red (Taylor's Version) Stretch,2021-12-25 04:00 (CDT),,,,,,,25,,,
2025-10-03 05:09 (CDT),On Demand,Kirra Michel,10,Meditation,Daily Meditation,10 min Daily Meditation,2025-09-21 23:00 (CDT),,,,,,,,,,
2025-10-04 09:37 (PDT),On Demand,Ben Alldis,5,Strength,Core,5 min Core Strength,2025-09-28 21:00 (PDT),,,,,,,25,,,
2025-10-04 09:43 (PDT),On Demand,Susie Chan,5,Stretching,Post-Run Stretch,5 min Post-Run Stretch,2022-01-25 01:12 (PDT),,,,,,,12,,,
2025-10-06 08:38 (PDT),On Demand,Susie Chan,5,Stretching,Post-Run Stretch,5 min Post-Run Stretch,2022-01-25 01:12 (PDT),,,,,,,12,,,
2025-10-07 05:22 (CDT),On Demand,Aditi Shah,10,Meditation,Morning,10 min Morning Meditation,2023-12-04 06:24 (CDT),,,,,,,,,,
2025-10-08 05:16 (CDT),On Demand,Aditi Shah,10,Meditation,Morning,10 min Morning Meditation,2023-12-04 06:24 (CDT),,,,,,,,,,
2025-10-10 06:06 (CDT),On Demand,Aditi Shah,10,Meditation,Morning,10 min Morning Meditation,2023-12-04 06:24 (CDT),,,,,,,,,,
2025-10-11 06:23 (CDT),On Demand,Mariana Fernandez,10,Meditation,Theme,10 min Community Meditation,2025-10-05 11:25 (CDT),,,,,,,,,,
2025-10-11 13:53 (CDT),On Demand,Aditi Shah,10,Meditation,Sleep,10 min Sleep Meditation,2025-09-14 21:00 (CDT),,,,,,,,,,
2025-10-12 15:30 (CDT),On Demand,Chelsea Jackson Roberts,10,Meditation,Morning,10 min Morning Meditation,2025-06-12 06:51 (CDT),,,,,,,,,,
2025-10-13 06:11 (CDT),On Demand,Chelsea Jackson Roberts,10,Meditation,Morning,10 min Morning Meditation,2025-06-12 06:51 (CDT),,,,,,,,,,
2025-10-13 08:32 (CDT),On Demand,Chelsea Jackson Roberts,5,Yoga,Yoga Anywhere,5 min Chair Yoga,2021-03-29 09:00 (CDT),,,,,,,20,,,
2025-10-14 06:29 (CDT),On Demand,Chelsea Jackson Roberts,10,Meditation,Morning,10 min Morning Meditation,2025-06-12 06:51 (CDT),,,,,,,,,,
2025-10-15 06:21 (CDT),On Demand,Chelsea Jackson Roberts,10,Meditation,Morning,10 min Morning Meditation,2025-06-12 06:51 (CDT),,,,,,,,,,
2025-10-16 05:49 (CDT),On Demand,Chelsea Jackson Roberts,10,Meditation,Morning,10 min Morning Meditation,2025-06-12 06:51 (CDT),,,,,,,,,,
2025-10-18 12:26 (-05),On Demand,Bradley Rose,30,Cycling,Low Impact,30 min Low Impact Ride,2025-09-26 11:54 (-05),210,117,39%,85,27.52,13.76,182,104.15,,
2025-10-18 12:58 (-05),On Demand,Matt Wilpers,5,Cycling,Cool Down,5 min Cool Down Ride,2025-10-08 23:00 (-05),27,89,33%,92,24.65,2.06,30,105.29,,
2025-10-18 13:06 (-05),On Demand,Matt Wilpers,5,Stretching,Pre & Post-Ride Stretch,5 min Post-Ride Stretch,2025-03-05 00:00 (-05),,,,,,,12,,,
2025-10-19 05:23 (CDT),On Demand,Chelsea Jackson Roberts,10,Meditation,Morning,10 min Morning Meditation,2025-08-06 06:48 (CDT),,,,,,,,,,
2025-10-19 13:44 (CDT),On Demand,Kirra Michel,20,Meditation,Sleep,20 min Sleep Meditation,2025-10-12 21:00 (CDT),,,,,,,,,,
2025-10-19 15:40 (CDT),On Demand,Callie Gullickson,30,Strength,Full Body,30 min Pop Punk Full Body Strength,2025-09-28 08:54 (CDT),,,,,,,151,,,
2025-10-19 16:13 (CDT),On Demand,Ben Alldis,10,Stretching,Full Body Stretch,10 min Full Body Stretch,2025-07-27 23:00 (CDT),,,,,,,25,,,
2025-10-20 05:03 (CDT),On Demand,Kristin McGee,10,Meditation,Emotions,10 min Energizing Meditation,2023-02-16 10:00 (CDT),,,,,,,,,,
2025-10-20 17:38 (-05),On Demand,Ben Alldis,30,Cycling,Power Zone,30 min Power Zone Endurance 80s Ride,2025-10-19 07:54 (-05),305,169,45%,87,31.78,15.89,226,118.90,,
2025-10-20 18:09 (-05),On Demand,Emma Lovewell,5,Cycling,Cool Down,5 min Cool Down Ride,2025-09-09 23:00 (-05),22,74,36%,74,22.50,1.88,30,105.12,,
2025-10-20 18:15 (-05),On Demand,Emma Lovewell,5,Stretching,Pre & Post-Ride Stretch,5 min Post-Ride Stretch,2025-05-22 23:00 (-05),,,,,,,12,,,
2025-10-21 04:58 (CDT),On Demand,Kristin McGee,10,Meditation,Emotions,10 min Energizing Meditation,2023-02-16 10:00 (CDT),,,,,,,,,,
2025-10-22 05:10 (CDT),On Demand,Kristin McGee,10,Meditation,Emotions,10 min Energizing Meditation,2023-02-16 10:00 (CDT),,,,,,,,,,
2025-10-23 05:23 (CDT),On Demand,Kristin McGee,10,Meditation,Emotions,10 min Energizing Meditation,2023-02-16 10:00 (CDT),,,,,,,,,,
2025-10-23 17:17 (CDT),On Demand,Rebecca Kennedy,5,Strength,Core,5 min Core Strength,2022-04-13 09:00 (CDT),,,,,,,25,,,
2025-10-23 17:24 (CDT),On Demand,Ben Alldis,10,Strength,Upper Body,10 min Upper Body Strength,2025-09-22 05:26 (CDT),,,,,,,50,,,
2025-10-23 17:44 (-05),On Demand,Charlotte Weidenbach,30,Cycling,Power Zone,30 min Power Zone Endurance Ride,2025-07-11 01:25 (-05),302,168,48%,78,31.71,15.86,404,,,
2025-10-23 18:14 (-05),On Demand,Emma Lovewell,5,Cycling,Cool Down,5 min Cool Down Ride,2025-04-22 23:00 (-05),21,70,32%,82,22.24,1.85,28,,,
2025-10-23 18:25 (CDT),On Demand,Ben Alldis,10,Stretching,Full Body Stretch,10 min Full Body Stretch,2024-02-14 06:05 (CDT),,,,,,,25,,,
2025-10-24 05:22 (CDT),On Demand,Kristin McGee,10,Meditation,Emotions,10 min Energizing Meditation,2023-02-16 10:00 (CDT),,,,,,,,,,
2025-10-25 03:46 (CDT),On Demand,Kirra Michel,20,Meditation,Sleep,20 min Sleep Meditation,2025-10-12 21:00 (CDT),,,,,,,,,,
2025-10-25 12:19 (CDT),On Demand,Katie Wang,5,Strength,Core,5 min Core Strength,2025-10-17 07:25 (CDT),,,,,,,25,,,
2025-10-25 12:26 (CDT),On Demand,Ben Alldis,10,Strength,Lower Body,10 min Glutes & Legs Strength,2025-09-15 05:25 (CDT),,,,,,,50,,,
2025-10-25 12:43 (-05),On Demand,Bradley Rose,30,Cycling,Theme,30 min Halloween Ride,2025-10-25 07:54 (-05),279,155,46%,81,30.67,15.33,239,116.04,,
2025-10-25 13:14 (-05),On Demand,Emma Lovewell,5,Cycling,Cool Down,5 min Cool Down Ride,2025-02-19 00:00 (-05),21,70,33%,79,22.02,1.83,33,111.97,,
2025-10-25 13:24 (CDT),On Demand,Ben Alldis,10,Stretching,Full Body Stretch,10 min Full Body Stretch,2024-05-06 01:00 (CDT),,,,,,,25,,,
2025-10-26 05:52 (CDT),On Demand,Kristin McGee,10,Meditation,Morning,10 min Morning Meditation,2024-05-07 07:09 (CDT),,,,,,,,,,
2025-10-27 05:58 (CDT),On Demand,Kristin McGee,10,Meditation,Morning,10 min Morning Meditation,2024-05-07 07:09 (CDT),,,,,,,,,,
2025-10-27 17:00 (-05),On Demand,Ben Alldis,30,Cycling,Music,30 min 2000s Rock Ride,2025-10-13 12:25 (-05),371,206,53%,77,33.90,16.95,315,139.12,,
2025-10-27 17:32 (-05),On Demand,Bradley Rose,5,Cycling,Cool Down,5 min Cool Down Ride,2025-09-23 23:00 (-05),24,81,42%,64,22.68,1.89,35,117.71,,
2025-10-27 17:38 (-05),On Demand,Bradley Rose,5,Stretching,Pre & Post-Ride Stretch,5 min Post-Ride Stretch,2022-09-26 01:00 (-05),,,,,,,29,106.36,,
2025-10-28 05:26 (CDT),On Demand,Kristin McGee,10,Meditation,Morning,10 min Morning Meditation,2024-05-07 07:09 (CDT),,,,,,,,,,
2025-10-29 05:18 (CDT),On Demand,Kristin McGee,10,Meditation,Morning,10 min Morning Meditation,2024-05-07 07:09 (CDT),,,,,,,,,,
2025-10-29 11:45 (CDT),On Demand,Selena Samuela,5,Strength,Core,5 min Core Strength,2024-09-09 23:00 (CDT),,,,,,,25,,,
2025-10-29 11:53 (CDT),On Demand,Ben Alldis,10,Strength,Upper Body,10 min Upper Body Strength,2025-09-22 05:26 (CDT),,,,,,,50,,,
2025-10-29 12:14 (-05),On Demand,Charlotte Weidenbach,30,Cycling,Power Zone,30 min Power Zone Endurance Ride,2024-09-06 01:25 (-05),271,150,45%,80,29.68,14.84,232,121.53,,
2025-10-29 12:46 (-05),On Demand,Emma Lovewell,5,Cycling,Cool Down,5 min Cool Down Ride,2025-04-22 23:00 (-05),25,85,33%,87,23.92,1.99,34,,,
2025-10-29 12:54 (CDT),On Demand,Ben Alldis,10,Stretching,Full Body Stretch,10 min Full Body Stretch,2022-11-02 07:55 (CDT),,,,,,,25,,,
2025-10-30 12:23 (CDT),On Demand,Kristin McGee,10,Meditation,Morning,10 min Morning Meditation,2024-05-07 07:09 (CDT),,,,,,,,,,
2025-10-30 18:03 (CDT),On Demand,Callie Gullickson,5,Strength,Core,5 min Core Strength,2025-08-06 23:00 (CDT),,,,,,,25,,,
2025-10-30 18:10 (CDT),On Demand,Selena Samuela,10,Strength,Lower Body,10 min Glutes & Legs Strength,2025-10-11 13:59 (CDT),,,,,,,50,,,
2025-10-30 18:27 (-05),On Demand,Erik Jager,30,Cycling,Power Zone,30 min Power Zone Endurance 80s Ride,2025-10-21 11:55 (-05),255,142,44%,81,29.08,14.54,217,116.78,,
2025-10-30 18:57 (-05),On Demand,Benny Adami,5,Cycling,Cool Down,5 min Cool Down Ride,2025-10-30 00:00 (-05),30,99,40%,77,25.65,2.14,40,,,
2025-10-30 19:13 (CDT),On Demand,Ben Alldis,10,Stretching,Full Body Stretch,10 min Lewis Capaldi Full Body Stretch,2023-05-22 13:05 (CDT),,,,,,,20,,,
2025-10-31 05:18 (CDT),On Demand,Kristin McGee,10,Meditation,Morning,10 min Morning Meditation,2024-05-07 07:09 (CDT),,,,,,,,,,
2025-11-01 05:33 (CDT),On Demand,Kristin McGee,10,Meditation,Emotions,10 min Energizing Meditation,2024-01-09 07:07 (CDT),,,,,,,,,,
2025-11-01 07:18 (CDT),On Demand,Rebecca Kennedy,30,Strength,Full Body,30 min Full Body Strength,2025-09-28 13:24 (CDT),,,,,,,150,,,
2025-11-01 07:49 (CDT),On Demand,Ben Alldis,10,Stretching,Full Body Stretch,10 min Pete Tong Club Classical Stretch,2022-02-21 06:36 (CDT),,,,,,,25,,,
2025-11-02 04:58 (CDT),On Demand,Chelsea Jackson Roberts,5,Meditation,Morning,5 min Morning Meditation,2025-10-09 07:19 (CDT),,,,,,,,,,
2025-11-03 05:27 (CDT),On Demand,Aditi Shah,5,Meditation,Morning,5 min Morning Meditation,2025-01-21 06:25 (CDT),,,,,,,,,,
2025-11-03 12:26 (-06),On Demand,Ben Alldis,5,Cycling,Warm Up,5 min Warm Up Ride,2025-10-20 22:00 (-06),35,116,37%,91,27.35,2.28,47,,,
2025-11-03 12:37 (-06),On Demand,Ben Alldis,30,Cycling,Intervals,30 min HIIT & Hills Ride,2025-10-27 12:25 (-06),414,230,59%,72,35.47,17.73,553,,,
2025-11-03 13:09 (-06),On Demand,Hannah Corbin,5,Cycling,Cool Down,5 min Cool Down Ride,2025-04-29 22:00 (-06),17,58,36%,64,19.89,1.65,23,,,
2025-11-03 13:18 (-06),On Demand,Camila Ramon,5,Stretching,Pre & Post-Ride Stretch,5 min Post-Ride Stretch,2025-08-07 22:00 (-06),,,,,,,12,,,
2025-11-04 05:41 (CDT),On Demand,Anna Greenberg,5,Meditation,Morning,5 min Morning Meditation,2024-11-10 23:00 (CDT),,,,,,,,,,
2025-11-04 17:30 (CDT),On Demand,Rebecca Kennedy,30,Strength,Full Body,30 min Full Body Strength,2025-09-28 13:24 (CDT),,,,,,,150,,,
2025-11-04 18:03 (CDT),On Demand,Rebecca Kennedy,10,Stretching,Full Body Stretch,10 min Full Body Stretch,2025-04-13 23:00 (CDT),,,,,,,25,,,
2025-11-05 05:35 (CDT),On Demand,Anna Greenberg,5,Meditation,Morning,5 min Morning Meditation,2024-11-10 23:00 (CDT),,,,,,,,,,
2025-11-06 04:55 (CDT),On Demand,Anna Greenberg,5,Meditation,Morning,5 min Morning Meditation,2024-11-10 23:00 (CDT),,,,,,,,,,
2025-11-06 17:35 (CDT),On Demand,Rebecca Kennedy,5,Strength,Core,5 min Core Strength,2025-02-17 23:00 (CDT),,,,,,,25,,,
2025-11-06 17:43 (CDT),On Demand,Rebecca Kennedy,10,Strength,Upper Body,10 min Arms & Shoulders Strength,2025-08-26 08:26 (CDT),,,,,,,50,,,
2025-11-06 18:10 (-06),On Demand,Charlotte Weidenbach,30,Cycling,Power Zone,30 min Power Zone Endurance Rock Ride,2025-10-31 01:25 (-06),301,167,44%,88,31.58,15.80,348,135.98,,
2025-11-06 18:41 (-06),On Demand,Hannah Frankson,5,Cycling,Cool Down,5 min Cool Down Ride,2022-07-16 01:30 (-06),24,82,33%,85,23.07,1.90,32,98.48,,
2025-11-06 18:59 (CDT),On Demand,Rebecca Kennedy,10,Stretching,Full Body Stretch,10 min Full Body Stretch,2025-08-17 23:00 (CDT),,,,,,,19,,,
2025-11-07 04:26 (CDT),On Demand,Anna Greenberg,5,Meditation,Morning,5 min Morning Meditation,2024-11-10 23:00 (CDT),,,,,,,,,,
2025-11-08 05:20 (CDT),On Demand,Ross Rayburn,5,Meditation,Mindfulness,5 min Body Scan Meditation,2024-03-20 10:00 (CDT),,,,,,,,,,
2025-11-08 10:58 (CDT),On Demand,Rebecca Kennedy,5,Strength,Core,5 min Core Strength,2025-02-17 23:00 (CDT),,,,,,,25,,,
2025-11-08 11:06 (CDT),On Demand,Rebecca Kennedy,10,Strength,Lower Body,10 min Glutes & Legs Strength,2022-03-04 09:52 (CDT),,,,,,,50,,,
2025-11-08 11:28 (-06),On Demand,Sam Yo,30,Cycling,Power Zone,30 min Power Zone Endurance Ride,2025-11-04 03:24 (-06),0,0,0%,0,0,0,0,,,
2025-11-08 11:31 (-06),On Demand,Emma Lovewell,30,Cycling,Music,30 min Pop Punk Ride,2025-11-02 11:24 (-06),323,179,47%,83,32.12,16.07,264,130.88,,
2025-11-08 12:02 (-06),On Demand,Hannah Corbin,5,Cycling,Cool Down,5 min Cool Down Ride,2025-11-04 23:00 (-06),30,100,40%,76,25.76,2.13,41,122.87,,
2025-11-08 12:11 (CDT),On Demand,Ben Alldis,10,Stretching,Full Body Stretch,10 min Pete Tong Club Classical Stretch,2022-02-21 06:36 (CDT),,,,,,,25,,,
2025-11-09 05:50 (CDT),On Demand,Ross Rayburn,5,Meditation,Mindfulness,5 min Body Scan Meditation,2022-02-15 10:00 (CDT),,,,,,,,,,
2025-11-09 18:00 (CDT),On Demand,Susie Chan,5,Stretching,Post-Run Stretch,5 min Post-Run Stretch,2024-06-25 01:00 (CDT),,,,,,,13,,,
2025-11-10 05:02 (CDT),On Demand,Ross Rayburn,5,Meditation,Mindfulness,5 min Body Scan Meditation,2022-02-15 10:00 (CDT),,,,,,,,,,
2025-11-11 05:15 (CDT),On Demand,Ross Rayburn,5,Meditation,Mindfulness,5 min Body Scan Meditation,2022-02-15 10:00 (CDT),,,,,,,,,,
2025-11-11 17:50 (CDT),On Demand,Rebecca Kennedy,30,Strength,Full Body,30 min Full Body Strength,2025-11-10 23:00 (CDT),,,,,,,150,,,
2025-11-11 18:26 (CDT),On Demand,Ben Alldis,10,Stretching,Full Body Stretch,10 min Full Body Stretch,2022-05-09 06:18 (CDT),,,,,,,25,,,
2025-11-12 04:40 (CDT),On Demand,Ross Rayburn,5,Meditation,Mindfulness,5 min Body Scan Meditation,2022-02-15 10:00 (CDT),,,,,,,,,,
2025-11-13 04:51 (CDT),On Demand,Ross Rayburn,5,Meditation,Mindfulness,5 min Body Scan Meditation,2022-02-15 10:00 (CDT),,,,,,,,,,
2025-11-13 17:12 (CDT),On Demand,Rebecca Kennedy,5,Strength,Core,5 min Standing Core Strength,2025-10-07 23:00 (CDT),,,,,,,25,,,
2025-11-13 17:18 (CDT),On Demand,Rebecca Kennedy,10,Strength,Upper Body,10 min Arms & Shoulders Strength,2025-08-26 08:26 (CDT),,,,,,,50,,,
2025-11-13 17:37 (-06),On Demand,Christine D'Ercole,30,Cycling,Power Zone,30 min Power Zone Endurance Ride,2025-10-30 18:25 (-06),0,0,0%,0,0,0,0,,,
2025-11-13 17:39 (-06),On Demand,Sam Yo,30,Cycling,Power Zone,30 min Power Zone Endurance 2000s Rock,2025-09-21 02:25 (-06),300,166,45%,85,31.44,15.72,224,119.04,,
2025-11-13 18:09 (-06),On Demand,Hannah Corbin,5,Cycling,Cool Down,5 min Cool Down Ride,2025-11-04 23:00 (-06),26,85,40%,69,24.06,2.01,30,107.13,,
2025-11-13 18:22 (CDT),On Demand,Ben Alldis,10,Stretching,Full Body Stretch,10 min Full Body Stretch,2022-05-09 06:18 (CDT),,,,,,,25,,,
2025-11-14 05:24 (CDT),On Demand,Ross Rayburn,5,Meditation,Mindfulness,5 min Body Scan Meditation,2022-02-15 10:00 (CDT),,,,,,,,,,
2025-11-15 05:46 (CDT),On Demand,Aditi Shah,5,Meditation,Emotions,5 min Happiness Meditation,2024-09-17 23:00 (CDT),,,,,,,,,,
2025-11-15 05:52 (CDT),On Demand,Aditi Shah,5,Meditation,Emotions,5 min Happiness Meditation,2024-09-17 23:00 (CDT),,,,,,,,,,
2025-11-15 15:42 (CDT),On Demand,Rebecca Kennedy,5,Strength,Core,5 min Standing Core Strength,2024-11-06 23:00 (CDT),,,,,,,25,,,
2025-11-15 15:50 (CDT),On Demand,Katie Wang,10,Strength,Lower Body,10 min Glutes & Legs Strength,2025-06-05 08:57 (CDT),,,,,,,50,,,
2025-11-15 16:08 (-06),On Demand,Mila Lazar,30,Cycling,Progression,30 min Progressive Push,2025-11-15 09:30 (-06),288,160,43%,88,31.12,15.56,234,122.36,,
2025-11-15 16:39 (-06),On Demand,Hannah Corbin,5,Cycling,Cool Down,5 min Cool Down Ride,2024-11-07 23:00 (-06),28,95,47%,58,25.52,2.11,38,,,
2025-11-15 16:48 (CDT),On Demand,Ben Alldis,10,Stretching,Full Body Stretch,10 min Lewis Capaldi Full Body Stretch,2023-05-22 13:05 (CDT),,,,,,,25,,,
2025-11-16 05:56 (CDT),On Demand,Aditi Shah,5,Meditation,Emotions,5 min Happiness Meditation,2024-09-17 23:00 (CDT),,,,,,,,,,
2025-11-16 16:56 (CDT),On Demand,Susie Chan,5,Stretching,Post-Run Stretch,5 min Post-Run Stretch,2025-10-29 23:00 (CDT),,,,,,,13,,,
2025-11-17 05:14 (CDT),On Demand,Aditi Shah,5,Meditation,Emotions,5 min Happiness Meditation,2024-09-17 23:00 (CDT),,,,,,,,,,
2025-11-17 05:19 (CDT),On Demand,Aditi Shah,5,Meditation,Emotions,5 min Happiness Meditation,2024-09-17 23:00 (CDT),,,,,,,,,,
2025-11-18 05:39 (CDT),On Demand,Aditi Shah,5,Meditation,Emotions,5 min Happiness Meditation,2024-09-17 23:00 (CDT),,,,,,,,,,
2025-11-18 17:50 (CDT),On Demand,Rebecca Kennedy,30,Strength,Full Body,30 min Full Body Strength,2025-01-26 13:25 (CDT),,,,,,,150,,,
2025-11-18 18:26 (CDT),On Demand,Ben Alldis,10,Stretching,Lower Body Stretch,10 min Lower Body Stretch,2025-01-21 23:00 (CDT),,,,,,,25,,,
2025-11-19 05:36 (CDT),On Demand,Aditi Shah,5,Meditation,Emotions,5 min Happiness Meditation,2024-09-17 23:00 (CDT),,,,,,,,,,
2025-11-20 05:31 (CDT),On Demand,Aditi Shah,5,Meditation,Emotions,5 min Happiness Meditation,2024-09-17 23:00 (CDT),,,,,,,,,,
2025-11-20 18:02 (-06),On Demand,Jenn Sherman,30,Cycling,Music,30 min 90s Rock Ride,2025-11-20 11:25 (-06),285,158,46%,83,30.45,15.22,381,,,
2025-11-20 18:33 (-06),On Demand,Cody Rigsby,5,Cycling,Cool Down,5 min Cool Down Ride,2025-11-18 23:00 (-06),35,117,45%,71,26.98,2.25,47,,,
2025-11-20 18:44 (-06),On Demand,Bradley Rose,5,Stretching,Pre & Post-Ride Stretch,5 min Post-Ride Stretch,2025-11-05 23:00 (-06),,,,,,,12,,,
2025-11-21 05:15 (CDT),On Demand,Aditi Shah,5,Meditation,Emotions,5 min Happiness Meditation,2024-09-17 23:00 (CDT),,,,,,,,,,
2025-11-22 06:34 (CDT),On Demand,Kristin McGee,5,Meditation,Emotions,5 min Happiness Meditation,2024-04-17 10:00 (CDT),,,,,,,,,,
2025-11-22 11:57 (CDT),On Demand,Rebecca Kennedy,5,Strength,Core,5 min Core Strength,2025-11-12 23:00 (CDT),,,,,,,25,,,
2025-11-22 12:07 (CDT),On Demand,Rebecca Kennedy,10,Strength,Upper Body,10 min Arms & Shoulders Strength,2024-10-29 10:54 (CDT),,,,,,,50,,,
2025-11-22 12:25 (-06),On Demand,Christian Vande Velde,30,Cycling,Power Zone,30 min Power Zone Rock Ride,2025-02-14 12:34 (-06),347,193,46%,89,33.26,16.62,464,,,
2025-11-22 12:57 (-06),On Demand,Hannah Corbin,5,Cycling,Cool Down,5 min Cool Down Ride,2024-11-07 23:00 (-06),30,100,47%,60,25.66,2.15,40,,,
2025-11-22 13:04 (CDT),On Demand,Ben Alldis,10,Stretching,Full Body Stretch,10 min Lewis Capaldi Full Body Stretch,2023-05-22 13:05 (CDT),,,,,,,25,,,
2025-11-24 06:33 (CDT),On Demand,Kristin McGee,5,Meditation,Emotions,5 min Happiness Meditation,2024-04-17 10:00 (CDT),,,,,,,,,,
2025-11-24 11:37 (CDT),On Demand,Susie Chan,5,Stretching,Post-Run Stretch,5 min Post-Run Stretch,2025-10-29 23:00 (CDT),,,,,,,13,,,
2025-11-25 05:46 (CDT),On Demand,Kristin McGee,5,Meditation,Emotions,5 min Happiness Meditation,2024-04-17 10:00 (CDT),,,,,,,,,,
2025-11-25 17:40 (CDT),On Demand,Rebecca Kennedy,30,Strength,Full Body,30 min Full Body Strength,2025-01-26 13:25 (CDT),,,,,,,150,,,
2025-11-25 18:13 (CDT),On Demand,Ben Alldis,10,Stretching,Full Body Stretch,10 min Full Body Stretch,2023-11-23 07:25 (CDT),,,,,,,25,,,
2025-11-26 05:13 (-06),,,4,Meditation,,4 min 43 sec Just Meditate,,,,,,,,,,,
2025-11-26 05:23 (CDT),On Demand,Kristin McGee,5,Meditation,Emotions,5 min Happiness Meditation,2024-04-17 10:00 (CDT),,,,,,,,,,
2025-11-26 11:49 (-06),,,5,Meditation,,5 min 2 sec Just Meditate,,,,,,,,,,,
2025-11-27 05:24 (-06),,,3,Meditation,,3 min 46 sec Just Meditate,,,,,,,,,,,
2025-11-27 05:33 (CDT),On Demand,Kristin McGee,5,Meditation,Emotions,5 min Happiness Meditation,2024-04-17 10:00 (CDT),,,,,,,,,,
2025-11-27 11:26 (CDT),On Demand,Rebecca Kennedy,5,Strength,Core,5 min Core Strength,2025-11-12 23:00 (CDT),,,,,,,25,,,
2025-11-27 11:33 (CDT),On Demand,Rebecca Kennedy,10,Strength,Upper Body,10 min Arms & Shoulders Strength,2025-10-16 12:57 (CDT),,,,,,,50,,,
2025-11-27 12:01 (-06),On Demand,Bradley Rose,30,Cycling,Music,30 min 90s Rock Ride,2025-10-31 11:54 (-06),272,151,46%,79,29.87,14.93,364,,,
2025-11-27 12:32 (-06),On Demand,Hannah Corbin,5,Cycling,Cool Down,5 min Cool Down Ride,2024-11-07 23:00 (-06),28,92,45%,61,24.36,2.03,37,,,
2025-11-27 12:42 (CDT),On Demand,Ben Alldis,10,Stretching,Full Body Stretch,10 min Full Body Stretch,2024-05-06 01:00 (CDT),,,,,,,25,,,
2025-11-28 05:33 (-06),,,3,Meditation,,3 min 10 sec Just Meditate,,,,,,,,,,,
2025-11-28 05:41 (CDT),On Demand,Kristin McGee,5,Meditation,Emotions,5 min Happiness Meditation,2024-04-17 10:00 (CDT),,,,,,,,,,
2025-11-29 05:02 (-06),,,4,Meditation,,4 min 46 sec Just Meditate,,,,,,,,,,,
2025-11-29 05:14 (CDT),On Demand,Aditi Shah,5,Meditation,Emotions,5 min Gratitude Meditation,2025-10-21 23:00 (CDT),,,,,,,,,,
2025-11-29 11:26 (CDT),On Demand,Rebecca Kennedy,5,Strength,Core,5 min Standing Core Strength,2025-10-07 23:00 (CDT),,,,,,,25,,,
2025-11-29 11:32 (CDT),On Demand,Rebecca Kennedy,10,Strength,Lower Body,10 min Glutes & Legs Strength,2022-03-04 09:52 (CDT),,,,,,,50,,,
2025-11-29 11:55 (-06),On Demand,Denis Morton,30,Cycling,Power Zone,30 min Power Zone Endurance Ride,2025-04-05 09:55 (-06),297,165,45%,84,31.36,15.68,219,117.77,,
2025-11-29 12:26 (-06),On Demand,Matt Wilpers,5,Cycling,Cool Down,5 min Cool Down Ride,2025-10-08 22:00 (-06),24,81,33%,86,23.50,1.95,32,62.65,,
2025-11-29 12:32 (CDT),On Demand,Ben Alldis,10,Stretching,Full Body Stretch,10 min Full Body Stretch,2024-02-14 06:05 (CDT),,,,,,,25,,,
2025-11-30 05:40 (-06),,,0,Meditation,,6 sec Just Meditate,,,,,,,,,,,
2025-11-30 05:41 (-06),,,4,Meditation,,4 min 43 sec Just Meditate,,,,,,,,,,,
2025-11-30 05:47 (CDT),On Demand,Aditi Shah,5,Meditation,Emotions,5 min Gratitude Meditation,2025-10-21 23:00 (CDT),,,,,,,,,,
2025-12-01 05:18 (-06),,,4,Meditation,,4 min 18 sec Just Meditate,,,,,,,,,,,
2025-12-01 05:23 (CDT),On Demand,Aditi Shah,5,Meditation,Emotions,5 min Gratitude Meditation,2025-10-21 23:00 (CDT),,,,,,,,,,
2025-12-01 17:37 (-06),On Demand,Ben Alldis,30,Cycling,Power Zone,30 min Power Zone Endurance 80s Ride,2025-11-30 07:55 (-06),296,165,46%,81,31.01,15.50,396,,,
2025-12-01 18:07 (-06),On Demand,Charlotte Weidenbach,5,Cycling,Cool Down,5 min Cool Down Ride,2025-11-12 23:00 (-06),25,84,36%,78,23.58,1.97,34,,,
2025-12-01 18:14 (-06),On Demand,Sam Yo,5,Stretching,Pre & Post-Ride Stretch,5 min Post-Ride Stretch,2025-10-08 22:00 (-06),,,,,,,12,,,
2025-12-02 05:21 (-06),,,5,Meditation,,5 min 3 sec Just Meditate,,,,,,,,,,,
2025-12-02 05:28 (CDT),On Demand,Aditi Shah,5,Meditation,Emotions,5 min Gratitude Meditation,2025-10-21 23:00 (CDT),,,,,,,,,,
2025-12-02 17:24 (CDT),On Demand,Ben Alldis,30,Strength,Full Body,30 min Full Body Strength,2025-11-24 06:25 (CDT),,,,,,,151,,,
2025-12-02 17:57 (CDT),On Demand,Ben Alldis,10,Stretching,Full Body Stretch,10 min Backstreet Boys Holiday Stretch,2024-12-11 23:00 (CDT),,,,,,,25,,,
2025-12-03 05:15 (-06),,,0,Meditation,,13 sec Just Meditate,,,,,,,,,,,
2025-12-03 05:15 (-06),,,3,Meditation,,3 min 57 sec Just Meditate,,,,,,,,,,,
2025-12-03 05:21 (CDT),On Demand,Aditi Shah,5,Meditation,Emotions,5 min Gratitude Meditation,2025-10-21 23:00 (CDT),,,,,,,,,,
2025-12-03 11:53 (-06),,,5,Meditation,,5 min 3 sec Just Meditate,,,,,,,,,,,
2025-12-04 05:24 (-06),,,4,Meditation,,4 min 43 sec Just Meditate,,,,,,,,,,,
2025-12-04 05:30 (CDT),On Demand,Aditi Shah,5,Meditation,Emotions,5 min Gratitude Meditation,2025-10-21 23:00 (CDT),,,,,,,,,,
2025-12-04 17:36 (CDT),On Demand,Ben Alldis,10,Strength,Upper Body,10 min Upper Body Strength,2025-10-21 09:09 (CDT),,,,,,,50,,,
2025-12-04 17:49 (CDT),On Demand,Rebecca Kennedy,5,Strength,Core,5 min Core Strength,2025-11-12 23:00 (CDT),,,,,,,25,,,
2025-12-04 18:06 (-06),On Demand,Emma Lovewell,30,Cycling,Theme,30 min Holiday Ride,2025-12-04 11:24 (-06),304,169,46%,83,31.59,15.79,407,,,
2025-12-04 18:38 (-06),On Demand,Emma Lovewell,5,Cycling,Cool Down,5 min Cool Down Ride,2025-09-09 22:00 (-06),20,66,33%,76,21.46,1.78,26,,,
2025-12-04 18:47 (CDT),On Demand,Ben Alldis,10,Stretching,Full Body Stretch,10 min Backstreet Boys Holiday Stretch,2024-12-11 23:00 (CDT),,,,,,,25,,,
2025-12-05 05:13 (-06),,,4,Meditation,,4 min 43 sec Just Meditate,,,,,,,,,,,
2025-12-05 05:19 (CDT),On Demand,Aditi Shah,5,Meditation,Emotions,5 min Gratitude Meditation,2025-10-21 23:00 (CDT),,,,,,,,,,
2025-12-06 04:25 (CDT),On Demand,Anna Greenberg,5,Meditation,Morning,5 min Morning Meditation,2025-09-25 06:54 (CDT),,,,,,,,,,
2025-12-06 17:12 (CDT),On Demand,Rebecca Kennedy,5,Strength,Core,5 min Core Strength,2025-11-12 23:00 (CDT),,,,,,,25,,,
2025-12-06 17:19 (CDT),On Demand,Rebecca Kennedy,10,Strength,Lower Body,10 min Glutes & Legs Strength,2022-03-04 09:52 (CDT),,,,,,,50,,,
2025-12-06 17:35 (-06),On Demand,Hannah Corbin,30,Cycling,Music,30 min Alternative Rock Ride,2025-12-05 13:25 (-06),286,159,46%,81,30.69,15.35,226,119.46,,
2025-12-06 18:05 (-06),On Demand,Emma Lovewell,5,Cycling,Cool Down,5 min Cool Down Ride,2025-09-09 22:00 (-06),23,78,35%,78,23.37,1.95,34,113.89,,
2025-12-06 18:13 (CDT),On Demand,Ben Alldis,10,Stretching,Full Body Stretch,10 min Backstreet Boys Holiday Stretch,2024-12-11 23:00 (CDT),,,,,,,25,,,
2025-12-07 07:35 (MDT),On Demand,Denis Morton,10,Meditation,Daily Meditation,10 min Daily Meditation,2025-11-23 22:00 (MDT),,,,,,,,,,
2025-12-08 05:49 (-08),,,3,Meditation,,3 min 24 sec Just Meditate,,,,,,,,,,,
2025-12-08 05:54 (PDT),On Demand,Chelsea Jackson Roberts,5,Meditation,Morning,5 min Morning Meditation,2024-11-21 05:06 (PDT),,,,,,,,,,
2025-12-08 17:42 (-08),On Demand,Emma Lovewell,5,Cycling,Cool Down,5 min Cool Down Ride,2025-02-18 21:00 (-08),41,135,40%,88,29.28,2.44,54,,,
2025-12-08 17:49 (-08),On Demand,Emma Lovewell,5,Stretching,Pre & Post-Ride Stretch,5 min Post-Ride Stretch,2025-09-25 20:00 (-08),,,,,,,12,,,
2025-12-09 07:39 (-08),,,0,Meditation,,10 sec Just Meditate,,,,,,,,,,,
2025-12-09 07:41 (-08),,,3,Meditation,,3 min 56 sec Just Meditate,,,,,,,,,,,
2025-12-09 07:45 (PDT),On Demand,Ross Rayburn,5,Meditation,Mindfulness,5 min Body Scan Meditation,2021-04-13 08:00 (PDT),,,,,,,,,,
2025-12-09 07:52 (PDT),On Demand,Ross Rayburn,5,Meditation,Mindfulness,5 min Body Scan Meditation,2021-04-13 08:00 (PDT),,,,,,,,,,
2025-12-09 16:12 (PDT),On Demand,Ben Alldis,30,Strength,Full Body,30 min Full Body Strength,2025-11-24 04:25 (PDT),,,,,,,151,,,
2025-12-09 16:49 (PDT),On Demand,Ben Alldis,10,Stretching,Full Body Stretch,10 min Backstreet Boys Holiday Stretch,2024-12-11 21:00 (PDT),,,,,,,25,,,
2025-12-09 17:01 (PDT),On Demand,Ben Alldis,30,Strength,Upper Body,30 min Upper Body Strength,2025-12-01 04:25 (PDT),,,,,,,,,,
2025-12-11 05:19 (-06),,,5,Meditation,,5 min 39 sec Just Meditate,,,,,,,,,,,
2025-12-11 05:26 (CDT),On Demand,Ross Rayburn,5,Meditation,Mindfulness,5 min Body Scan Meditation,2021-04-13 10:00 (CDT),,,,,,,,,,
2025-12-12 05:36 (-06),,,3,Meditation,,3 min 27 sec Just Meditate,,,,,,,,,,,
2025-12-12 05:40 (CDT),On Demand,Ross Rayburn,5,Meditation,Mindfulness,5 min Body Scan Meditation,2021-04-13 10:00 (CDT),,,,,,,,,,
2025-12-12 12:03 (-06),,,4,Meditation,,4 min 59 sec Just Meditate,,,,,,,,,,,
2025-12-12 17:22 (CDT),On Demand,Rebecca Kennedy,5,Strength,Core,5 min Core Strength,2025-11-12 23:00 (CDT),,,,,,,25,,,
2025-12-12 17:29 (CDT),On Demand,Ben Alldis,10,Strength,Upper Body,10 min Upper Body Strength,2025-10-21 09:09 (CDT),,,,,,,50,,,
2025-12-12 17:47 (-06),On Demand,Denis Morton,30,Cycling,Power Zone,30 min Power Zone Endurance Ride,2025-09-23 18:25 (-06),314,174,47%,82,32.19,16.10,230,119.77,,
2025-12-12 18:17 (-06),On Demand,Emma Lovewell,5,Cycling,Cool Down,5 min Cool Down Ride,2025-09-09 22:00 (-06),21,71,34%,76,22.44,1.87,29,,,
2025-12-12 18:26 (CDT),On Demand,Ben Alldis,10,Stretching,Full Body Stretch,10 min Full Body Stretch,2025-07-27 23:00 (CDT),,,,,,,25,,,
2025-12-13 06:23 (-06),,,5,Meditation,,5 min 4 sec Just Meditate,,,,,,,,,,,
2025-12-13 06:31 (CDT),On Demand,Ross Rayburn,5,Meditation,Emotions,5 min Kindness Meditation,2023-07-11 10:00 (CDT),,,,,,,,,,
2025-12-14 05:53 (-06),,,4,Meditation,,4 min 42 sec Just Meditate,,,,,,,,,,,
2025-12-14 05:58 (CDT),On Demand,Ross Rayburn,5,Meditation,Emotions,5 min Kindness Meditation,2023-07-11 10:00 (CDT),,,,,,,,,,
2025-12-14 11:07 (CDT),On Demand,Rebecca Kennedy,5,Strength,Core,5 min Standing Core Strength,2025-12-03 23:00 (CDT),,,,,,,25,,,
2025-12-14 11:13 (CDT),On Demand,Rebecca Kennedy,10,Strength,Lower Body,10 min Glutes & Legs Strength,2022-03-04 09:52 (CDT),,,,,,,50,,,
2025-12-14 12:56 (CDT),On Demand,Susie Chan,5,Stretching,Post-Run Stretch,5 min Post-Run Stretch,2025-10-29 23:00 (CDT),,,,,,,13,,,
2025-12-15 05:31 (-06),,,5,Meditation,,5 min 23 sec Just Meditate,,,,,,,,,,,
2025-12-15 05:38 (CDT),On Demand,Ross Rayburn,5,Meditation,Emotions,5 min Kindness Meditation,2023-07-11 10:00 (CDT),,,,,,,,,,
2025-12-15 17:16 (CDT),On Demand,Ben Alldis,10,Strength,Upper Body,10 min Arms & Shoulders Strength,2025-12-06 23:00 (CDT),,,,,,,50,,,
2025-12-15 17:29 (CDT),On Demand,Rebecca Kennedy,5,Strength,Core,5 min Core Strength,2024-09-03 10:57 (CDT),,,,,,,25,,,
2025-12-15 17:40 (-06),On Demand,Denis Morton,30,Cycling,Power Zone,30 min Power Zone Endurance Ride,2025-11-14 13:26 (-06),299,166,46%,82,31.41,15.71,263,122.97,,
2025-12-15 18:11 (-06),On Demand,Emma Lovewell,5,Cycling,Cool Down,5 min Cool Down Ride,2025-12-11 23:00 (-06),26,86,35%,84,24.20,2.02,30,104.68,,
2025-12-15 18:19 (CDT),On Demand,Ben Alldis,10,Stretching,Full Body Stretch,10 min Full Body Stretch,2025-07-27 23:00 (CDT),,,,,,,25,,,
2025-12-16 05:26 (-06),,,0,Meditation,,14 sec Just Meditate,,,,,,,,,,,
2025-12-16 05:27 (-06),,,4,Meditation,,4 min 23 sec Just Meditate,,,,,,,,,,,
2025-12-16 05:32 (CDT),On Demand,Ross Rayburn,5,Meditation,Emotions,5 min Kindness Meditation,2023-07-11 10:00 (CDT),,,,,,,,,,
2025-12-17 05:33 (-06),,,5,Meditation,,5 min 39 sec Just Meditate,,,,,,,,,,,
2025-12-17 05:40 (CDT),On Demand,Ross Rayburn,5,Meditation,Emotions,5 min Kindness Meditation,2023-07-11 10:00 (CDT),,,,,,,,,,
2025-12-17 17:40 (CDT),On Demand,Ben Alldis,30,Strength,Full Body,30 min The Who Full Body Strength,2025-11-05 23:00 (CDT),,,,,,,150,,,
2025-12-17 18:15 (CDT),On Demand,Ben Alldis,10,Stretching,Full Body Stretch,10 min Full Body Stretch,2025-07-27 23:00 (CDT),,,,,,,25,,,
2025-12-18 05:43 (-06),,,5,Meditation,,5 min 39 sec Just Meditate,,,,,,,,,,,
2025-12-18 05:49 (CDT),On Demand,Ross Rayburn,5,Meditation,Emotions,5 min Kindness Meditation,2023-07-11 10:00 (CDT),,,,,,,,,,
2025-12-19 05:44 (-06),,,6,Meditation,,6 min 21 sec Just Meditate,,,,,,,,,,,
2025-12-19 05:53 (CDT),On Demand,Ross Rayburn,5,Meditation,Emotions,5 min Kindness Meditation,2023-07-11 10:00 (CDT),,,,,,,,,,
2025-12-19 17:38 (-06),On Demand,Bradley Rose,30,Cycling,Music,30 min 2000s Rock Ride,2025-12-06 11:23 (-06),310,172,48%,82,32.00,16.01,253,112.18,,
2025-12-19 18:09 (-06),On Demand,Emma Lovewell,5,Cycling,Cool Down,5 min Cool Down Ride,2025-09-09 22:00 (-06),21,69,34%,76,22.01,1.84,30,107.79,,
2025-12-19 18:15 (-06),On Demand,Jenn Sherman,5,Stretching,Pre & Post-Ride Stretch,5 min Post-Ride Stretch,2021-10-18 09:00 (-06),,,,,,,12,,,
2025-12-20 07:46 (-06),,,7,Meditation,,7 min 14 sec Just Meditate,,,,,,,,,,,
2025-12-20 07:55 (CDT),On Demand,Anna Greenberg,5,Meditation,Emotions,5 min Gratitude Meditation,2025-08-26 23:00 (CDT),,,,,,,,,,
2025-12-21 06:11 (CDT),On Demand,Anna Greenberg,5,Meditation,Emotions,5 min Gratitude Meditation,2025-08-26 23:00 (CDT),,,,,,,,,,
2025-12-21 15:22 (CDT),On Demand,Ben Alldis,5,Strength,Core,5 min Core Strength,2025-11-02 23:00 (CDT),,,,,,,25,,,
2025-12-21 15:28 (CDT),On Demand,Ben Alldis,10,Strength,Lower Body,10 min Glutes & Legs Strength,2025-08-10 23:00 (CDT),,,,,,,50,,,
2025-12-21 17:04 (CDT),On Demand,Ben Alldis,10,Stretching,Full Body Stretch,10 min Backstreet Boys Holiday Stretch,2024-12-11 23:00 (CDT),,,,,,,25,,,
2025-12-22 05:50 (-06),,,5,Meditation,,5 min 39 sec Just Meditate,,,,,,,,,,,
2025-12-22 05:56 (CDT),On Demand,Anna Greenberg,5,Meditation,Emotions,5 min Gratitude Meditation,2025-08-26 23:00 (CDT),,,,,,,,,,
2025-12-22 11:30 (CDT),On Demand,Aditi Shah,5,Meditation,Emotions,5 min Meditation for Anxiety,2025-02-18 23:00 (CDT),,,,,,,,,,
2025-12-22 11:36 (-06),,,5,Meditation,,5 min 2 sec Just Meditate,,,,,,,,,,,
2025-12-22 17:16 (-06),On Demand,Ben Alldis,30,Cycling,Power Zone,30 min Power Zone Rock Ride,2023-08-30 02:00 (-06),324,180,46%,85,32.37,16.19,248,123.48,,
2025-12-22 17:47 (-06),On Demand,Matt Wilpers,5,Cycling,Cool Down,5 min Cool Down Ride,2023-12-01 10:00 (-06),19,64,28%,93,21.30,1.78,30,106.12,,
2025-12-22 17:54 (CDT),On Demand,Ben Alldis,5,Strength,Core,5 min Core Strength,2025-11-02 23:00 (CDT),,,,,,,25,,,
2025-12-22 18:01 (CDT),On Demand,Jermaine Johnson,10,Strength,Upper Body,10 min Upper Body Strength,2025-11-06 23:00 (CDT),,,,,,,50,,,
2025-12-22 18:13 (CDT),On Demand,Erik Jager,10,Stretching,Full Body Stretch,10 min Hanukkah Full Body Stretch,2025-12-13 23:00 (CDT),,,,,,,40,,,
2025-12-23 05:37 (-06),,,5,Meditation,,5 min 39 sec Just Meditate,,,,,,,,,,,
2025-12-23 05:43 (CDT),On Demand,Anna Greenberg,5,Meditation,Emotions,5 min Gratitude Meditation,2025-08-26 23:00 (CDT),,,,,,,,,,
2025-12-23 12:12 (-06),,,0,Meditation,,5 sec Just Meditate,,,,,,,,,,,
2025-12-23 12:12 (-06),,,5,Meditation,,5 min 47 sec Just Meditate,,,,,,,,,,,
2025-12-23 12:20 (CDT),On Demand,Ross Rayburn,5,Meditation,Mindfulness,5 min Body Scan Meditation,2022-02-15 10:00 (CDT),,,,,,,,,,
2025-12-24 07:12 (CDT),On Demand,Anna Greenberg,5,Meditation,Emotions,5 min Gratitude Meditation,2025-08-26 23:00 (CDT),,,,,,,,,,
2025-12-25 06:13 (-06),,,5,Meditation,,5 min 32 sec Just Meditate,,,,,,,,,,,
2025-12-25 06:19 (CDT),On Demand,Anna Greenberg,5,Meditation,Emotions,5 min Gratitude Meditation,2025-08-26 23:00 (CDT),,,,,,,,,,
2025-12-25 10:36 (CDT),On Demand,Rebecca Kennedy,30,Strength,Full Body,30 min Full Body Strength,2025-09-28 13:24 (CDT),,,,,,,156,100.22,,
2025-12-25 11:10 (CDT),On Demand,Zacharias Niedzwiecki,5,Yoga,Theme,5 min Get to Know Me Yoga Warm Up,2025-12-09 23:00 (CDT),,,,,,,15,,,
2025-12-25 11:17 (CDT),On Demand,Andy Speer,10,Stretching,Full Body Stretch,10 min Full Body Stretch,2025-10-26 23:00 (CDT),,,,,,,25,,,
2025-12-26 06:28 (-06),,,3,Meditation,,3 min 8 sec Just Meditate,,,,,,,,,,,
2025-12-26 06:34 (CDT),On Demand,Anna Greenberg,5,Meditation,Emotions,5 min Gratitude Meditation,2025-08-26 23:00 (CDT),,,,,,,,,,
2025-12-26 16:45 (CDT),On Demand,Rebecca Kennedy,5,Stretching,Post-Run Stretch,5 min Post-Run Stretch,2025-05-14 23:00 (CDT),,,,,,,13,,,
2025-12-26 16:50 (CDT),On Demand,Susie Chan,5,Stretching,Post-Run Stretch,5 min Post-Run Stretch,2022-01-25 03:12 (CDT),,,,,,,12,,,
2025-12-27 05:37 (-06),,,3,Meditation,,3 min 45 sec Just Meditate,,,,,,,,,,,
2025-12-27 05:46 (CDT),On Demand,Chelsea Jackson Roberts,10,Meditation,Daily Meditation,10 min Daily Meditation,2025-11-16 23:00 (CDT),,,,,,,,,,
2025-12-27 09:03 (CDT),On Demand,Adrian Williams,10,Strength,Upper Body,10 min Arms & Shoulders Strength,2025-12-20 09:39 (CDT),,,,,,,50,,,
2025-12-27 09:15 (CDT),On Demand,Ben Alldis,10,Strength,Lower Body,10 min Glutes & Legs Strength,2025-09-15 05:25 (CDT),,,,,,,50,,,
2025-12-27 09:28 (CDT),On Demand,Ben Alldis,10,Strength,Core,10 min 80s Core Strength,2025-12-13 23:00 (CDT),,,,,,,50,,,
2025-12-27 09:39 (CDT),On Demand,Ben Alldis,10,Stretching,Full Body Stretch,10 min Full Body Stretch,2024-03-11 07:28 (CDT),,,,,,,25,,,
2025-12-28 07:38 (-06),,,4,Meditation,,4 min 45 sec Just Meditate,,,,,,,,,,,
2025-12-28 07:46 (CDT),On Demand,Chelsea Jackson Roberts,10,Meditation,Daily Meditation,10 min Daily Meditation,2025-11-16 23:00 (CDT),,,,,,,,,,
2025-12-29 06:56 (-06),,,3,Meditation,,3 min 10 sec Just Meditate,,,,,,,,,,,
2025-12-29 07:03 (CDT),On Demand,Chelsea Jackson Roberts,10,Meditation,Daily Meditation,10 min Daily Meditation,2025-11-16 23:00 (CDT),,,,,,,,,,
2025-12-29 12:41 (CDT),On Demand,Mayla Wedekind,5,Stretching,Post-Run Stretch,5 min Post-Run Stretch,2025-10-30 00:00 (CDT),,,,,,,13,,,
2025-12-30 07:36 (-06),,,4,Meditation,,4 min 15 sec Just Meditate,,,,,,,,,,,
2025-12-30 07:50 (CDT),On Demand,Chelsea Jackson Roberts,10,Meditation,Daily Meditation,10 min Daily Meditation,2025-11-16 23:00 (CDT),,,,,,,,,,
2025-12-31 06:32 (-06),,,3,Meditation,,3 min 26 sec Just Meditate,,,,,,,,,,,
2025-12-31 08:40 (CDT),On Demand,Chelsea Jackson Roberts,10,Meditation,Daily Meditation,10 min Daily Meditation,2025-11-16 23:00 (CDT),,,,,,,,,,
2025-12-31 12:06 (-06),On Demand,Christian Vande Velde,45,Cycling,Theme,45 min Real Routes: Malibu Canyons,2025-09-22 09:55 (-06),506,188,47%,85,33.00,24.75,677,,,
2025-12-31 12:51 (-06),On Demand,Emma Lovewell,5,Cycling,Cool Down,5 min Cool Down Ride,2025-12-11 23:00 (-06),19,63,33%,74,20.54,1.71,25,,,
2025-12-31 12:58 (-06),On Demand,Jenn Sherman,5,Stretching,Pre & Post-Ride Stretch,5 min Post-Ride Stretch,2025-12-18 23:00 (-06),,,,,,,12,,,
2026-01-01 08:00 (CDT),On Demand,Chelsea Jackson Roberts,10,Meditation,Daily Meditation,10 min Daily Meditation,2025-11-16 23:00 (CDT),,,,,,,,,,
2026-01-01 10:33 (CDT),On Demand,Rebecca Kennedy,30,Strength,Full Body,30 min Top 50 Music Full Body: #10-1,2025-12-29 23:30 (CDT),,,,,,,177,101.63,,
2026-01-01 11:10 (CDT),On Demand,Denis Morton,10,Yoga,Focus Flow,10 min Focus Flow: For Riders,2025-08-26 23:00 (CDT),,,,,,,30,,,
2026-01-01 11:21 (CDT),On Demand,Ben Alldis,10,Stretching,Full Body Stretch,10 min Red (Taylor's Version) Stretch,2021-12-25 04:00 (CDT),,,,,,,25,,,
2026-01-02 06:40 (-06),,,5,Meditation,,5 min 39 sec Just Meditate,,,,,,,,,,,
2026-01-02 06:47 (CDT),On Demand,Chelsea Jackson Roberts,10,Meditation,Daily Meditation,10 min Daily Meditation,2025-11-16 23:00 (CDT),,,,,,,,,,
2026-01-03 05:55 (-06),,,5,Meditation,,5 min 39 sec Just Meditate,,,,,,,,,,,
2026-01-03 06:02 (CDT),On Demand,Nico Sarani,5,Meditation,Morning,5 min Morning Meditation,2025-12-28 23:00 (CDT),,,,,,,,,,
2026-01-03 06:08 (CDT),On Demand,Nico Sarani,5,Meditation,Morning,5 min Morning Meditation,2025-12-28 23:00 (CDT),,,,,,,,,,
2026-01-03 12:25 (CDT),On Demand,Emma Lovewell,5,Strength,Core,5 min Core Strength,2025-12-21 09:25 (CDT),,,,,,,25,,,
2026-01-03 12:32 (CDT),On Demand,Ben Alldis,10,Strength,Lower Body,10 min Glutes & Legs Strength,2025-03-30 23:00 (CDT),,,,,,,50,,,
2026-01-03 12:49 (-06),On Demand,Christian Vande Velde,30,Cycling,Power Zone,30 min Power Zone Ride,2026-01-02 16:25 (-06),314,174,43%,90,31.53,15.77,372,132.79,,
2026-01-03 13:19 (-06),On Demand,Hannah Corbin,5,Cycling,Cool Down,5 min Cool Down Ride,2025-11-04 23:00 (-06),27,90,40%,71,24.76,2.06,36,115.18,,
2026-01-03 13:28 (CDT),On Demand,Callie Gullickson,10,Stretching,Full Body Stretch,10 min Full Body Stretch,2025-11-30 23:00 (CDT),,,,,,,25,,,
2026-01-04 07:09 (-06),,,5,Meditation,,5 min 41 sec Just Meditate,,,,,,,,,,,
2026-01-04 07:17 (CDT),On Demand,Nico Sarani,5,Meditation,Morning,5 min Morning Meditation,2025-12-28 23:00 (CDT),,,,,,,,,,
2026-01-05 05:41 (-06),,,0,Meditation,,7 sec Just Meditate,,,,,,,,,,,
2026-01-05 05:41 (-06),,,3,Meditation,,3 min 31 sec Just Meditate,,,,,,,,,,,
2026-01-05 05:46 (CDT),On Demand,Nico Sarani,5,Meditation,Morning,5 min Morning Meditation,2025-12-28 23:00 (CDT),,,,,,,,,,
2026-01-05 13:43 (-06),,,4,Meditation,,4 min 49 sec Just Meditate,,,,,,,,,,,
2026-01-05 17:47 (-06),On Demand,Ben Alldis,30,Cycling,Power Zone,30 min Power Zone Rock Ride,2023-08-30 02:00 (-06),328,182,48%,81,32.52,16.26,229,120.24,,
2026-01-05 18:18 (-06),On Demand,Matt Wilpers,5,Cycling,Cool Down,5 min Cool Down Ride,2025-05-06 22:00 (-06),16,52,26%,89,19.43,1.62,25,99.01,,
2026-01-05 18:24 (-06),On Demand,Jenn Sherman,5,Stretching,Pre & Post-Ride Stretch,5 min Post-Ride Stretch,2025-12-18 23:00 (-06),,,,,,,12,,,
2026-01-06 05:42 (-06),,,5,Meditation,,5 min 41 sec Just Meditate,,,,,,,,,,,
2026-01-06 05:48 (CDT),On Demand,Nico Sarani,5,Meditation,Morning,5 min Morning Meditation,2025-12-28 23:00 (CDT),,,,,,,,,,
2026-01-06 14:38 (-06),,,4,Meditation,,4 min 49 sec Just Meditate,,,,,,,,,,,
2026-01-06 17:52 (CDT),On Demand,Rebecca Kennedy,30,Strength,Full Body,30 min Top 50 Music Full Body: #10-1,2025-12-29 23:30 (CDT),,,,,,,167,97.76,,
2026-01-06 18:27 (CDT),On Demand,Denis Morton,10,Yoga,Flow,10 min Yoga Flow,2025-08-21 23:00 (CDT),,,,,,,36,75.16,,
2026-01-06 18:39 (CDT),On Demand,Callie Gullickson,10,Stretching,Full Body Stretch,10 min Full Body Stretch,2025-11-30 23:00 (CDT),,,,,,,25,,,
2026-01-07 05:54 (-06),,,5,Meditation,,5 min 41 sec Just Meditate,,,,,,,,,,,
2026-01-07 06:01 (CDT),On Demand,Nico Sarani,5,Meditation,Morning,5 min Morning Meditation,2025-12-28 23:00 (CDT),,,,,,,,,,
2026-01-07 06:08 (CDT),On Demand,Nico Sarani,5,Meditation,Morning,5 min Morning Meditation,2025-12-28 23:00 (CDT),,,,,,,,,,
2026-01-08 05:24 (-06),,,3,Meditation,,3 min 21 sec Just Meditate,,,,,,,,,,,
2026-01-08 05:28 (CDT),On Demand,Nico Sarani,5,Meditation,Morning,5 min Morning Meditation,2025-12-28 23:00 (CDT),,,,,,,,,,
2026-01-08 12:50 (-06),,,5,Meditation,,5 min 1 sec Just Meditate,,,,,,,,,,,
2026-01-08 17:30 (CDT),On Demand,Selena Samuela,5,Strength,Core,5 min Core Strength,2024-09-09 23:00 (CDT),,,,,,,25,,,
2026-01-08 17:36 (CDT),On Demand,Ben Alldis,10,Strength,Upper Body,10 min Upper Body Strength,2023-02-23 06:50 (CDT),,,,,,,50,,,
2026-01-08 17:53 (-06),On Demand,Denis Morton,30,Cycling,Power Zone,30 min Power Zone Endurance Ride,2025-12-22 23:00 (-06),301,167,46%,81,31.56,15.78,223,118.07,,
2026-01-08 18:24 (-06),On Demand,Mayla Wedekind,5,Cycling,Cool Down,5 min Cool Down Ride,2026-01-07 23:00 (-06),22,82,36%,80,23.33,1.78,30,,,
2026-01-08 18:34 (CDT),On Demand,Callie Gullickson,10,Stretching,Full Body Stretch,10 min Full Body Stretch,2025-11-30 23:00 (CDT),,,,,,,25,,,
2026-01-10 03:20 (-06),,,5,Meditation,,5 min 46 sec Just Meditate,,,,,,,,,,,
2026-01-10 03:42 (CDT),On Demand,Mariana Fernandez,20,Meditation,Sleep,20 min Sleep Meditation,2024-03-16 01:00 (CDT),,,,,,,,,,
2026-01-10 04:53 (-06),,,4,Meditation,,4 min 41 sec Just Meditate,,,,,,,,,,,
2026-01-10 04:59 (CDT),On Demand,Nico Sarani,5,Meditation,Morning,5 min Morning Meditation,2025-12-28 23:00 (CDT),,,,,,,,,,
2026-01-11 05:33 (-06),,,0,Meditation,,10 sec Just Meditate,,,,,,,,,,,
2026-01-11 05:34 (-06),,,4,Meditation,,4 min 48 sec Just Meditate,,,,,,,,,,,
2026-01-11 05:39 (CDT),On Demand,Nico Sarani,5,Meditation,Morning,5 min Morning Meditation,2025-12-28 23:00 (CDT),,,,,,,,,,
2026-01-11 16:52 (-06),On Demand,Bradley Rose,30,Cycling,Low Impact,30 min Low Impact Ride,2026-01-06 06:55 (-06),195,108,41%,76,26.26,13.13,228,87.67,,
2026-01-11 17:23 (-06),On Demand,Hannah Corbin,5,Cycling,Cool Down,5 min Cool Down Ride,2024-04-03 09:00 (-06),37,123,46%,69,27.63,2.30,49,,,
2026-01-11 17:36 (CDT),On Demand,Callie Gullickson,10,Stretching,Full Body Stretch,10 min Full Body Stretch,2025-11-30 23:00 (CDT),,,,,,,25,,,
2026-01-12 05:21 (-06),,,3,Meditation,,3 min 25 sec Just Meditate,,,,,,,,,,,
2026-01-12 05:26 (CDT),On Demand,Nico Sarani,5,Meditation,Morning,5 min Morning Meditation,2025-12-28 23:00 (CDT),,,,,,,,,,
2026-01-12 13:02 (-06),,,5,Meditation,,5 min 49 sec Just Meditate,,,,,,,,,,,
2026-01-13 05:23 (-06),,,5,Meditation,,5 min 41 sec Just Meditate,,,,,,,,,,,
2026-01-13 05:30 (CDT),On Demand,Nico Sarani,5,Meditation,Morning,5 min Morning Meditation,2025-12-28 23:00 (CDT),,,,,,,,,,
2026-01-13 14:19 (-06),,,5,Meditation,,5 min 1 sec Just Meditate,,,,,,,,,,,
2026-01-13 17:28 (-06),On Demand,Ben Alldis,30,Cycling,Power Zone,30 min Power Zone Endurance Ride,2026-01-03 23:00 (-06),307,171,46%,84,31.75,15.88,219,116.56,,
2026-01-13 17:58 (-06),On Demand,Matt Wilpers,5,Cycling,Cool Down,5 min Cool Down Ride,2025-05-06 22:00 (-06),16,55,26%,88,19.44,1.62,26,99.36,,
2026-01-13 18:05 (-06),On Demand,Jenn Sherman,5,Stretching,Pre & Post-Ride Stretch,5 min Post-Ride Stretch,2025-12-18 23:00 (-06),,,,,,,12,,,
2026-01-14 06:12 (-06),,,3,Meditation,,3 min 29 sec Just Meditate,,,,,,,,,,,
2026-01-14 06:16 (CDT),On Demand,Nico Sarani,5,Meditation,Morning,5 min Morning Meditation,2025-12-28 23:00 (CDT),,,,,,,,,,
2026-01-14 06:22 (CDT),On Demand,Nico Sarani,5,Meditation,Morning,5 min Morning Meditation,2025-12-28 23:00 (CDT),,,,,,,,,,
2026-01-14 11:28 (-06),,,5,Meditation,,5 min 1 sec Just Meditate,,,,,,,,,,,
2026-01-14 17:57 (CDT),On Demand,Rebecca Kennedy,10,Strength,Core,10 min Core Strength,2025-10-30 13:10 (CDT),,,,,,,50,,,
2026-01-14 18:11 (CDT),On Demand,Ben Alldis,10,Strength,Upper Body,10 min Arms & Shoulders Strength,2025-10-11 23:00 (CDT),,,,,,,50,,,
2026-01-14 18:23 (CDT),On Demand,Ben Alldis,10,Stretching,Full Body Stretch,10 min Full Body Stretch,2024-02-14 06:05 (CDT),,,,,,,25,,,
2026-01-15 05:20 (-06),,,5,Meditation,,5 min 41 sec Just Meditate,,,,,,,,,,,
2026-01-15 05:26 (CDT),On Demand,Nico Sarani,5,Meditation,Morning,5 min Morning Meditation,2025-12-28 23:00 (CDT),,,,,,,,,,
2026-01-15 11:29 (-06),,,0,Meditation,,2 sec Just Meditate,,,,,,,,,,,
2026-01-15 11:29 (-06),,,5,Meditation,,5 min 1 sec Just Meditate,,,,,,,,,,,
2026-01-15 19:45 (CDT),On Demand,Nico Sarani,5,Meditation,Relaxation,5 min Calming Meditation,2025-11-02 23:00 (CDT),,,,,,,,,,
2026-01-16 05:20 (-06),,,4,Meditation,,4 min 21 sec Just Meditate,,,,,,,,,,,
2026-01-16 05:26 (CDT),On Demand,Nico Sarani,5,Meditation,Morning,5 min Morning Meditation,2025-12-28 23:00 (CDT),,,,,,,,,,
2026-01-16 17:41 (-06),On Demand,Christian Vande Velde,30,Cycling,Power Zone,30 min Power Zone Ride,2026-01-02 16:25 (-06),311,173,44%,86,31.19,15.60,416,,,
2026-01-16 18:12 (-06),On Demand,Hannah Corbin,5,Cycling,Cool Down,5 min Cool Down Ride,2025-11-04 23:00 (-06),19,64,39%,57,19.43,1.61,25,,,
2026-01-16 18:18 (-06),On Demand,Camila Ramon,5,Stretching,Pre & Post-Ride Stretch,5 min Post-Ride Stretch,2025-08-07 22:00 (-06),,,,,,,12,,,
2026-01-17 06:16 (-06),,,4,Meditation,,4 min 21 sec Just Meditate,,,,,,,,,,,
2026-01-17 06:23 (CDT),On Demand,Aditi Shah,5,Meditation,Morning,5 min Morning Meditation,2024-12-03 06:25 (CDT),,,,,,,,,,
2026-01-17 16:22 (CDT),On Demand,Katie Wang,30,Strength,Full Body,30 min Full Body Strength,2026-01-02 07:54 (CDT),,,,,,,151,,,
2026-01-17 16:55 (CDT),On Demand,Callie Gullickson,10,Stretching,Full Body Stretch,10 min Full Body Stretch,2025-11-30 23:00 (CDT),,,,,,,25,,,
2026-01-18 06:12 (-06),,,5,Meditation,,5 min 41 sec Just Meditate,,,,,,,,,,,
2026-01-18 06:19 (CDT),On Demand,Chelsea Jackson Roberts,5,Meditation,Morning,5 min Morning Meditation,2025-08-27 23:00 (CDT),,,,,,,,,,
2026-01-19 05:19 (-06),,,4,Meditation,,4 min 21 sec Just Meditate,,,,,,,,,,,
2026-01-19 05:26 (CDT),On Demand,Kirra Michel,5,Meditation,Morning,5 min Morning Meditation,2024-05-28 10:00 (CDT),,,,,,,,,,
2026-01-19 15:33 (-06),On Demand,Bradley Rose,30,Cycling,Music,30 min Metal Ride,2026-01-19 05:25 (-06),282,157,44%,86,30.62,15.31,377,,,
2026-01-19 16:03 (-06),On Demand,Bradley Rose,5,Cycling,Cool Down,5 min Cool Down Ride,2023-06-30 00:00 (-06),31,103,40%,76,25.59,2.13,41,,,
2026-01-19 16:10 (-06),On Demand,Emma Lovewell,5,Stretching,Pre & Post-Ride Stretch,5 min Post-Ride Stretch,2024-09-03 22:00 (-06),,,,,,,12,,,
2026-01-20 05:31 (-06),,,0,Meditation,,2 sec Just Meditate,,,,,,,,,,,
2026-01-20 05:32 (-06),,,5,Meditation,,5 min 41 sec Just Meditate,,,,,,,,,,,
2026-01-20 05:38 (CDT),On Demand,Kirra Michel,5,Meditation,Morning,5 min Morning Meditation,2024-05-28 10:00 (CDT),,,,,,,,,,
2026-01-21 05:42 (-06),,,0,Meditation,,5 sec Just Meditate,,,,,,,,,,,
2026-01-21 05:43 (-06),,,5,Meditation,,5 min 41 sec Just Meditate,,,,,,,,,,,
2026-01-21 05:53 (CDT),On Demand,Kirra Michel,5,Meditation,Morning,5 min Morning Meditation,2024-05-28 10:00 (CDT),,,,,,,,,,
2026-01-21 11:32 (CDT),On Demand,Emma Lovewell,5,Strength,Core,5 min Core Strength,2024-02-01 09:00 (CDT),,,,,,,25,,,
2026-01-21 11:38 (CDT),On Demand,Ben Alldis,10,Strength,Upper Body,10 min Arms & Shoulders Strength,2025-10-11 23:00 (CDT),,,,,,,50,,,
2026-01-21 11:53 (-06),On Demand,Sam Yo,30,Cycling,Power Zone,30 min Power Zone Endurance 2000s Rock,2025-09-21 02:25 (-06),284,158,46%,78,29.80,14.90,380,,,
2026-01-21 12:24 (-06),On Demand,Matt Wilpers,5,Cycling,Cool Down,5 min Cool Down Ride,2026-01-18 23:00 (-06),17,57,26%,92,19.91,1.66,23,,,
2026-01-21 12:32 (CDT),On Demand,Callie Gullickson,10,Stretching,Full Body Stretch,10 min Full Body Stretch,2025-11-30 23:00 (CDT),,,,,,,25,,,
2026-01-22 05:14 (-06),,,5,Meditation,,5 min 41 sec Just Meditate,,,,,,,,,,,
2026-01-22 05:23 (CDT),On Demand,Kirra Michel,5,Meditation,Morning,5 min Morning Meditation,2024-05-28 10:00 (CDT),,,,,,,,,,
2026-01-22 12:01 (-06),,,5,Meditation,,5 min 1 sec Just Meditate,,,,,,,,,,,
2026-01-22 17:40 (CDT),On Demand,Ben Alldis,10,Strength,Core,10 min 80s Core Strength,2025-12-13 23:00 (CDT),,,,,,,50,,,
2026-01-22 17:55 (CDT),On Demand,Ben Alldis,10,Strength,Lower Body,10 min Glutes & Legs Strength,2025-02-16 06:15 (CDT),,,,,,,50,,,
2026-01-22 18:14 (CDT),On Demand,Ben Alldis,10,Strength,Upper Body,10 min Chest & Back Strength,2025-12-13 23:00 (CDT),,,,,,,50,,,
2026-01-22 18:28 (CDT),On Demand,Callie Gullickson,10,Stretching,Full Body Stretch,10 min Full Body Stretch,2025-06-29 23:00 (CDT),,,,,,,25,,,
2026-01-23 05:05 (-06),,,5,Meditation,,5 min 41 sec Just Meditate,,,,,,,,,,,
2026-01-23 05:12 (CDT),On Demand,Kirra Michel,5,Meditation,Morning,5 min Morning Meditation,2024-05-28 10:00 (CDT),,,,,,,,,,
2026-01-24 15:04 (CDT),On Demand,Nico Sarani,15,Meditation,Sleep,15 min Sleep Meditation,2025-11-16 23:00 (CDT),,,,,,,,,,
2026-01-24 16:12 (CDT),On Demand,Katie Wang,5,Strength,Core,5 min Core Strength,2026-01-23 07:56 (CDT),,,,,,,25,,,
2026-01-24 16:19 (CDT),On Demand,Jermaine Johnson,10,Strength,Lower Body,10 min Glutes & Legs Strength,2025-11-27 23:00 (CDT),,,,,,,50,,,
2026-01-24 16:36 (-06),On Demand,Matt Wilpers,30,Cycling,Power Zone,30 min Power Zone Ride,2025-10-24 04:24 (-06),309,172,46%,81,30.93,15.47,261,129.30,,
2026-01-24 17:07 (-06),On Demand,Bradley Rose,5,Cycling,Cool Down,5 min Cool Down Ride,2026-01-01 23:00 (-06),30,102,41%,72,25.51,2.12,46,79.10,,
2026-01-24 17:15 (CDT),On Demand,Ben Alldis,10,Stretching,Lower Body Stretch,10 min Lower Body Stretch,2025-12-16 23:00 (CDT),,,,,,,43,98.40,,
2026-01-25 05:58 (-06),,,5,Meditation,,5 min 41 sec Just Meditate,,,,,,,,,,,
2026-01-25 06:06 (CDT),On Demand,Ross Rayburn,5,Meditation,Morning,5 min Morning Meditation,2023-02-10 10:00 (CDT),,,,,,,,,,
2026-01-26 05:18 (-06),,,3,Meditation,,3 min 7 sec Just Meditate,,,,,,,,,,,
2026-01-26 05:24 (CDT),On Demand,Ross Rayburn,5,Meditation,Morning,5 min Morning Meditation,2023-02-10 10:00 (CDT),,,,,,,,,,
2026-01-26 17:30 (-06),On Demand,Ben Alldis,30,Cycling,Power Zone,30 min Power Zone Rock Ride,2023-08-30 02:00 (-06),327,182,47%,85,32.64,16.33,234,121.54,,
2026-01-26 18:00 (-06),On Demand,Alex Toussaint,5,Cycling,Cool Down,5 min Cool Down Ride,2025-12-20 23:00 (-06),28,94,42%,69,24.95,2.07,34,117.07,,
2026-01-26 18:06 (-06),On Demand,Sam Yo,5,Stretching,Pre & Post-Ride Stretch,5 min Post-Ride Stretch,2026-01-22 23:00 (-06),,,,,,,12,,,
2026-01-27 05:30 (-06),,,5,Meditation,,5 min 25 sec Just Meditate,,,,,,,,,,,
2026-01-27 05:37 (CDT),On Demand,Ross Rayburn,5,Meditation,Morning,5 min Morning Meditation,2023-02-10 10:00 (CDT),,,,,,,,,,
2026-01-27 17:41 (CDT),On Demand,Ben Alldis,30,Strength,Full Body,30 min Full Body Strength,2026-01-20 23:00 (CDT),,,,,,,150,,,
2026-01-27 18:11 (CDT),On Demand,Ben Alldis,10,Stretching,Full Body Stretch,10 min Full Body Stretch,2025-07-27 23:00 (CDT),,,,,,,25,,,
2026-01-28 05:14 (-06),,,5,Meditation,,5 min 25 sec Just Meditate,,,,,,,,,,,
2026-01-28 05:20 (CDT),On Demand,Ross Rayburn,5,Meditation,Morning,5 min Morning Meditation,2023-02-10 10:00 (CDT),,,,,,,,,,
2026-01-28 12:45 (-06),,,4,Meditation,,4 min 49 sec Just Meditate,,,,,,,,,,,
2026-01-29 05:27 (-06),,,5,Meditation,,5 min 1 sec Just Meditate,,,,,,,,,,,
2026-01-29 05:33 (CDT),On Demand,Ross Rayburn,5,Meditation,Morning,5 min Morning Meditation,2023-02-10 10:00 (CDT),,,,,,,,,,
2026-01-29 17:40 (CDT),On Demand,Selena Samuela,5,Strength,Core,5 min Core Strength,2024-09-09 23:00 (CDT),,,,,,,25,,,
2026-01-29 17:49 (CDT),On Demand,Ben Alldis,10,Strength,Upper Body,10 min Upper Body Strength,2023-02-23 06:50 (CDT),,,,,,,50,69.00,,
2026-01-29 18:04 (-06),On Demand,Sam Yo,30,Cycling,Power Zone,30 min Power Zone Endurance 2000s Rock,2025-09-21 02:25 (-06),303,168,45%,84,31.56,15.78,405,,,
2026-01-29 18:35 (-06),On Demand,Emma Lovewell,5,Cycling,Cool Down,5 min Cool Down Ride,2025-09-09 22:00 (-06),19,63,33%,74,20.62,1.71,25,,,
2026-01-29 18:42 (CDT),On Demand,Callie Gullickson,10,Stretching,Full Body Stretch,10 min Full Body Stretch,2025-11-30 23:00 (CDT),,,,,,,25,,,
2026-01-30 05:24 (-06),,,5,Meditation,,5 min 1 sec Just Meditate,,,,,,,,,,,
2026-01-30 05:30 (CDT),On Demand,Ross Rayburn,5,Meditation,Morning,5 min Morning Meditation,2023-02-10 10:00 (CDT),,,,,,,,,,
2026-01-30 12:07 (CDT),On Demand,Mariana Fernandez,10,Meditation,Theme,10 min Holding Space Meditation,2026-01-27 11:26 (CDT),,,,,,,,,,
2026-01-31 05:47 (-06),,,5,Meditation,,5 min 1 sec Just Meditate,,,,,,,,,,,
2026-01-31 05:53 (CDT),On Demand,Ross Rayburn,5,Meditation,Morning,5 min Morning Meditation,2023-02-10 10:00 (CDT),,,,,,,,,,
2026-01-31 17:47 (-06),On Demand,Mayla Wedekind,30,Cycling,Music,30 min 80s Rock Ride,2026-01-26 10:55 (-06),283,157,45%,83,30.84,15.41,218,116.11,,
2026-01-31 18:17 (-06),On Demand,Benny Adami,5,Cycling,Cool Down,5 min Cool Down Ride,2026-01-21 23:00 (-06),13,42,49%,22,9.69,0.81,35,79.93,,
2026-01-31 18:28 (-06),On Demand,Olivia Amato,5,Cycling,Cool Down,5 min Cool Down Ride,2026-01-27 23:00 (-06),14,79,33%,84,23.17,1.11,18,,,
2026-01-31 18:32 (-06),On Demand,Mila Lazar,5,Stretching,Pre & Post-Ride Stretch,5 min Post-Ride Stretch,2026-01-28 23:00 (-06),,,,,,,12,,,
2026-02-01 05:57 (CDT),On Demand,Aditi Shah,10,Meditation,Morning,10 min Morning Meditation,2026-01-24 06:24 (CDT),,,,,,,,,,
2026-02-02 05:26 (-06),,,0,Meditation,,2 sec Just Meditate,,,,,,,,,,,
2026-02-02 05:26 (-06),,,5,Meditation,,5 min 41 sec Just Meditate,,,,,,,,,,,
2026-02-02 05:33 (CDT),On Demand,Ross Rayburn,5,Meditation,Mindfulness,5 min Body Scan Meditation,2022-02-15 10:00 (CDT),,,,,,,,,,
2026-02-02 05:39 (CDT),On Demand,Ross Rayburn,5,Meditation,Mindfulness,5 min Body Scan Meditation,2022-02-15 10:00 (CDT),,,,,,,,,,
2026-02-03 05:31 (-06),,,5,Meditation,,5 min 1 sec Just Meditate,,,,,,,,,,,
2026-02-03 05:37 (CDT),On Demand,Ross Rayburn,5,Meditation,Mindfulness,5 min Body Scan Meditation,2022-02-15 10:00 (CDT),,,,,,,,,,
2026-02-03 17:48 (-06),On Demand,Ben Alldis,30,Cycling,Power Zone,30 min Power Zone Endurance 80s Ride,2025-11-30 07:55 (-06),296,164,45%,83,31.15,15.57,227,117.75,,
2026-02-03 18:19 (-06),On Demand,Matt Wilpers,5,Cycling,Cool Down,5 min Cool Down Ride,2026-01-18 23:00 (-06),13,43,23%,92,17.77,1.48,20,21.77,,
2026-02-03 18:26 (-06),On Demand,Sam Yo,5,Stretching,Pre & Post-Ride Stretch,5 min Post-Ride Stretch,2026-01-22 23:00 (-06),,,,,,,12,,,
2026-02-04 05:37 (-06),,,5,Meditation,,5 min 1 sec Just Meditate,,,,,,,,,,,
2026-02-04 05:43 (CDT),On Demand,Ross Rayburn,5,Meditation,Mindfulness,5 min Body Scan Meditation,2022-02-15 10:00 (CDT),,,,,,,,,,
2026-02-04 12:33 (-06),,,5,Meditation,,5 min 1 sec Just Meditate,,,,,,,,,,,
2026-02-05 05:33 (-06),,,0,Meditation,,4 sec Just Meditate,,,,,,,,,,,
2026-02-05 05:34 (-06),,,5,Meditation,,5 min 41 sec Just Meditate,,,,,,,,,,,
2026-02-05 05:40 (CDT),On Demand,Ross Rayburn,5,Meditation,Mindfulness,5 min Body Scan Meditation,2022-02-15 10:00 (CDT),,,,,,,,,,
2026-02-05 18:13 (CDT),On Demand,Zacharias Niedzwiecki,30,Strength,Full Body,30 min Premiere Full Body Strength,2026-01-29 07:54 (CDT),,,,,,,150,,,
2026-02-05 18:44 (CDT),On Demand,Ben Alldis,10,Stretching,Full Body Stretch,10 min Full Body Stretch,2025-07-27 23:00 (CDT),,,,,,,25,,,
2026-02-06 05:57 (-06),,,5,Meditation,,5 min 41 sec Just Meditate,,,,,,,,,,,
2026-02-06 06:05 (CDT),On Demand,Ross Rayburn,5,Meditation,Mindfulness,5 min Body Scan Meditation,2022-02-15 10:00 (CDT),,,,,,,,62.83,,
2026-02-06 12:37 (-06),,,5,Meditation,,5 min 31 sec Just Meditate,,,,,,,,,,,
2026-02-07 05:22 (-06),,,5,Meditation,,5 min 41 sec Just Meditate,,,,,,,,,,,
2026-02-07 05:29 (CDT),On Demand,Ross Rayburn,5,Meditation,Mindfulness,5 min Body Scan Meditation,2022-02-15 10:00 (CDT),,,,,,,,,,
2026-02-07 13:19 (CDT),On Demand,Rebecca Kennedy,5,Strength,Core,5 min Core Strength,2025-02-17 23:00 (CDT),,,,,,,25,,,
2026-02-07 13:25 (CDT),On Demand,Ben Alldis,10,Strength,Upper Body,10 min Upper Body Strength,2023-02-23 06:50 (CDT),,,,,,,50,,,
2026-02-07 13:37 (CDT),On Demand,Joslyn Thompson Rule,10,Stretching,Full Body Stretch,10 min Full Body Stretch,2025-06-01 23:00 (CDT),,,,,,,25,,,
2026-02-08 05:57 (-06),,,5,Meditation,,5 min 25 sec Just Meditate,,,,,,,,,,,
2026-02-08 06:03 (CDT),On Demand,Ross Rayburn,5,Meditation,Mindfulness,5 min Body Scan Meditation,2022-02-15 10:00 (CDT),,,,,,,,,,
2026-02-09 05:14 (-06),,,0,Meditation,,6 sec Just Meditate,,,,,,,,,,,
2026-02-09 05:15 (-06),,,5,Meditation,,5 min 25 sec Just Meditate,,,,,,,,,,,
2026-02-09 05:22 (CDT),On Demand,Aditi Shah,5,Meditation,Breath,5 min Breathing Meditation,2026-01-27 23:00 (CDT),,,,,,,,,,
2026-02-09 12:39 (-06),,,5,Meditation,,5 min 1 sec Just Meditate,,,,,,,,,,,
2026-02-09 17:26 (-06),On Demand,Denis Morton,30,Cycling,Power Zone,30 min Power Zone Ride,2026-01-27 13:56 (-06),327,182,46%,83,31.74,15.87,438,,,
2026-02-09 17:57 (-06),On Demand,Emma Lovewell,5,Cycling,Cool Down,5 min Cool Down Ride,2026-02-05 23:00 (-06),14,47,32%,64,17.45,1.45,19,,,
2026-02-09 18:04 (-06),On Demand,Bradley Rose,5,Stretching,Pre & Post-Ride Stretch,5 min Post-Ride Stretch,2026-02-05 23:00 (-06),,,,,,,12,,,
2026-02-10 05:23 (-06),,,0,Meditation,,5 sec Just Meditate,,,,,,,,,,,
2026-02-10 05:23 (-06),,,5,Meditation,,5 min 41 sec Just Meditate,,,,,,,,,,,
2026-02-10 05:33 (CDT),On Demand,Aditi Shah,5,Meditation,Breath,5 min Breathing Meditation,2026-01-27 23:00 (CDT),,,,,,,,,,
2026-02-10 05:39 (CDT),On Demand,Aditi Shah,5,Meditation,Breath,5 min Breathing Meditation,2026-01-27 23:00 (CDT),,,,,,,,,,
2026-02-10 17:42 (CDT),On Demand,Jermaine Johnson,30,Strength,Full Body,30 min Full Body Strength,2026-02-02 23:00 (CDT),,,,,,,150,,,
2026-02-10 18:15 (CDT),On Demand,Selena Samuela,10,Stretching,Full Body Stretch,10 min Miranda Lambert Full Body Stretch,2025-04-16 23:00 (CDT),,,,,,,25,,,
2026-02-11 05:27 (-06),,,0,Meditation,,15 sec Just Meditate,,,,,,,,,,,
2026-02-11 05:27 (-06),,,5,Meditation,,5 min 41 sec Just Meditate,,,,,,,,,,,
2026-02-11 05:35 (CDT),On Demand,Aditi Shah,5,Meditation,Breath,5 min Breathing Meditation,2026-01-27 23:00 (CDT),,,,,,,,,,
2026-02-11 11:26 (-06),,,5,Meditation,,5 min 1 sec Just Meditate,,,,,,,,,,,
2026-02-12 04:57 (-06),,,5,Meditation,,5 min 41 sec Just Meditate,,,,,,,,,,,
2026-02-12 05:04 (CDT),On Demand,Aditi Shah,5,Meditation,Breath,5 min Breathing Meditation,2026-01-27 23:00 (CDT),,,,,,,,,,
2026-02-12 18:16 (-06),On Demand,Sam Yo,30,Cycling,Power Zone,30 min Power Zone Endurance Pop Ride,2026-02-10 04:55 (-06),268,149,45%,80,29.99,14.98,358,,,
2026-02-12 18:46 (-06),On Demand,Emma Lovewell,5,Cycling,Cool Down,5 min Cool Down Ride,2026-02-05 23:00 (-06),22,74,33%,81,22.12,1.84,30,,,
2026-02-12 18:53 (-06),On Demand,Selena Samuela,5,Strength,Core,5 min Core Strength,2026-02-08 23:00 (-06),,,,,,,,,,
2026-02-12 18:53 (-06),On Demand,Ben Alldis,5,Stretching,Pre & Post-Ride Stretch,5 min Post-Ride Stretch,2026-01-08 23:00 (-06),,,,,,,12,,,
2026-02-13 05:12 (-06),,,5,Meditation,,5 min 25 sec Just Meditate,,,,,,,,,,,
2026-02-13 05:18 (CDT),On Demand,Aditi Shah,5,Meditation,Breath,5 min Breathing Meditation,2026-01-27 23:00 (CDT),,,,,,,,,,
2026-02-14 05:18 (-06),,,3,Meditation,,3 min 25 sec Just Meditate,,,,,,,,,,,
2026-02-14 05:24 (CDT),On Demand,Aditi Shah,5,Meditation,Breath,5 min Breathing Meditation,2026-01-27 23:00 (CDT),,,,,,,,,,
2026-02-14 11:44 (CDT),On Demand,Rebecca Kennedy,5,Strength,Core,5 min Standing Core Strength,2025-12-03 23:00 (CDT),,,,,,,25,,,
2026-02-14 11:51 (CDT),On Demand,Adrian Williams,10,Strength,Upper Body,10 min Arms & Shoulders Strength,2024-11-22 11:39 (CDT),,,,,,,50,,,
2026-02-14 14:16 (CDT),On Demand,Selena Samuela,10,Stretching,Full Body Stretch,10 min Miranda Lambert Full Body Stretch,2025-04-16 23:00 (CDT),,,,,,,25,,,
2026-02-15 05:20 (-06),,,5,Meditation,,5 min 1 sec Just Meditate,,,,,,,,,,,
2026-02-15 05:29 (CDT),On Demand,Aditi Shah,5,Meditation,Breath,5 min Breathing Meditation,2026-01-27 23:00 (CDT),,,,,,,,,,
2026-02-16 06:45 (-06),,,4,Meditation,,4 min 21 sec Just Meditate,,,,,,,,,,,
2026-02-16 06:55 (CDT),On Demand,Aditi Shah,5,Meditation,Breath,5 min Breathing Meditation,2026-01-27 23:00 (CDT),,,,,,,,,,
2026-02-16 16:00 (CDT),On Demand,Rebecca Kennedy,10,Strength,Lower Body,10 min Glutes & Legs Strength,2025-07-08 08:25 (CDT),,,,,,,50,,,
2026-02-16 16:11 (CDT),On Demand,Rebecca Kennedy,5,Strength,Core,5 min Standing Core Strength,2025-12-03 23:00 (CDT),,,,,,,25,,,
2026-02-16 16:27 (-06),On Demand,Ben Alldis,30,Cycling,Power Zone,30 min Power Zone 80s Ride,2025-06-15 06:54 (-06),335,186,49%,79,32.40,16.20,244,124.94,,
2026-02-16 16:57 (-06),On Demand,Hannah Corbin,5,Cycling,Cool Down,5 min Cool Down Ride,2023-11-17 10:00 (-06),22,72,36%,69,22.16,1.85,33,110.98,,
2026-02-16 17:08 (CDT),On Demand,Selena Samuela,10,Stretching,Full Body Stretch,10 min Miranda Lambert Full Body Stretch,2025-04-16 23:00 (CDT),,,,,,,25,,,
2026-02-17 05:31 (-06),,,5,Meditation,,5 min 1 sec Just Meditate,,,,,,,,,,,
2026-02-17 05:37 (CDT),On Demand,Chelsea Jackson Roberts,5,Meditation,Theme,5min Best Case of the Mondays Meditation,2025-02-09 23:00 (CDT),,,,,,,,,,
2026-02-17 11:57 (-06),,,5,Meditation,,5 min 49 sec Just Meditate,,,,,,,,,,,
2026-02-18 05:36 (CDT),On Demand,Chelsea Jackson Roberts,5,Meditation,Theme,5min Best Case of the Mondays Meditation,2025-02-09 23:00 (CDT),,,,,,,,,,
2026-02-18 05:43 (-06),,,0,Meditation,,7 sec Just Meditate,,,,,,,,,,,
2026-02-18 05:44 (-06),,,5,Meditation,,5 min 45 sec Just Meditate,,,,,,,,,,,
2026-02-18 11:35 (-06),,,4,Meditation,,4 min 49 sec Just Meditate,,,,,,,,,,,
2026-02-18 17:42 (-06),On Demand,Hannah Frankson,30,Cycling,Power Zone,30 min Power Zone Endurance Ride,2026-02-17 12:24 (-06),283,157,43%,88,30.60,15.30,196,108.70,,
2026-02-18 18:12 (-06),On Demand,Emma Lovewell,5,Cycling,Cool Down,5 min Cool Down Ride,2026-02-05 23:00 (-06),24,81,33%,86,23.72,1.97,28,102.44,,
2026-02-18 18:18 (-06),On Demand,Emma Lovewell,5,Stretching,Pre & Post-Ride Stretch,5 min Post-Ride Stretch,2026-02-12 23:00 (-06),,,,,,,12,,,
2026-02-19 05:24 (-06),,,4,Meditation,,4 min 21 sec Just Meditate,,,,,,,,,,,
2026-02-19 05:30 (CDT),On Demand,Chelsea Jackson Roberts,5,Meditation,Theme,5min Best Case of the Mondays Meditation,2025-02-09 23:00 (CDT),,,,,,,,,,
2026-02-19 11:20 (-06),,,5,Meditation,,5 min 1 sec Just Meditate,,,,,,,,,,,
2026-02-19 17:43 (CDT),On Demand,Rebecca Kennedy,30,Strength,Full Body,30 min Full Body Strength,2025-09-28 13:24 (CDT),,,,,,,149,82.33,,
2026-02-19 18:18 (CDT),On Demand,Ben Alldis,10,Stretching,Full Body Stretch,10 min Full Body Stretch,2026-02-15 23:00 (CDT),,,,,,,25,,,
2026-02-20 05:43 (-06),,,5,Meditation,,5 min 25 sec Just Meditate,,,,,,,,,,,
2026-02-20 05:49 (CDT),On Demand,Chelsea Jackson Roberts,5,Meditation,Theme,5min Best Case of the Mondays Meditation,2025-02-09 23:00 (CDT),,,,,,,,,,
2026-02-21 05:45 (CDT),On Demand,Chelsea Jackson Roberts,5,Meditation,Theme,5min Best Case of the Mondays Meditation,2025-02-09 23:00 (CDT),,,,,,,,,,
2026-02-21 05:52 (-06),,,4,Meditation,,4 min 41 sec Just Meditate,,,,,,,,,,,
2026-02-21 15:43 (CDT),On Demand,Tunde Oyeneyin,5,Strength,Core,5 min Core Strength,2026-01-04 12:01 (CDT),,,,,,,25,,,
2026-02-21 15:50 (CDT),On Demand,Rebecca Kennedy,10,Strength,Upper Body,10 min Arms & Shoulders Strength,2025-08-26 08:26 (CDT),,,,,,,50,,,
2026-02-21 18:08 (CDT),On Demand,Ben Alldis,10,Stretching,Full Body Stretch,10 min Full Body Stretch,2026-02-15 23:00 (CDT),,,,,,,25,,,
2026-02-22 06:24 (-06),,,4,Meditation,,4 min 41 sec Just Meditate,,,,,,,,,,,
2026-02-22 06:32 (CDT),On Demand,Chelsea Jackson Roberts,5,Meditation,Theme,5min Best Case of the Mondays Meditation,2025-02-09 23:00 (CDT),,,,,,,,46.05,,
2026-02-23 05:32 (-06),,,5,Meditation,,5 min 41 sec Just Meditate,,,,,,,,,,,
2026-02-23 05:40 (CDT),On Demand,Chelsea Jackson Roberts,5,Meditation,Theme,5min Best Case of the Mondays Meditation,2025-02-09 23:00 (CDT),,,,,,,,,,
2026-02-23 12:44 (-06),,,5,Meditation,,5 min 1 sec Just Meditate,,,,,,,,,,,
2026-02-23 16:48 (-06),On Demand,Denis Morton,30,Cycling,Power Zone,30 min Power Zone Ride,2025-10-28 12:54 (-06),317,176,45%,84,31.57,15.79,424,,,
2026-02-23 17:19 (-06),On Demand,Hannah Corbin,5,Cycling,Cool Down,5 min Cool Down Ride,2026-02-17 23:00 (-06),22,74,39%,66,22.65,1.88,30,,,
2026-02-23 17:26 (-06),On Demand,Bradley Rose,5,Stretching,Pre & Post-Ride Stretch,5 min Post-Ride Stretch,2026-02-05 23:00 (-06),,,,,,,12,,,
2026-02-24 05:11 (-06),,,5,Meditation,,5 min 25 sec Just Meditate,,,,,,,,,,,
2026-02-24 05:18 (CDT),On Demand,Chelsea Jackson Roberts,5,Meditation,Theme,5min Best Case of the Mondays Meditation,2025-02-09 23:00 (CDT),,,,,,,,,,
2026-02-24 12:23 (-06),,,5,Meditation,,5 min 49 sec Just Meditate,,,,,,,,,,,
2026-02-24 17:29 (CDT),On Demand,Tunde Oyeneyin,30,Strength,Full Body,30 min Full Body Strength,2026-02-15 23:00 (CDT),,,,,,,151,,,
2026-02-24 18:06 (CDT),On Demand,Selena Samuela,10,Stretching,Full Body Stretch,10 min Miranda Lambert Full Body Stretch,2025-04-16 23:00 (CDT),,,,,,,25,,,
2026-02-25 05:10 (-06),,,5,Meditation,,5 min 25 sec Just Meditate,,,,,,,,,,,
2026-02-25 05:18 (CDT),On Demand,Chelsea Jackson Roberts,5,Meditation,Theme,5min Best Case of the Mondays Meditation,2025-02-09 23:00 (CDT),,,,,,,,,,
2026-02-25 12:58 (-06),,,4,Meditation,,4 min 49 sec Just Meditate,,,,,,,,,,,
2026-02-26 06:26 (-06),,,5,Meditation,,5 min 1 sec Just Meditate,,,,,,,,,,,
2026-02-26 06:32 (CDT),On Demand,Chelsea Jackson Roberts,5,Meditation,Theme,5min Best Case of the Mondays Meditation,2025-02-09 23:00 (CDT),,,,,,,,,,
2026-02-26 17:37 (CDT),On Demand,Tunde Oyeneyin,5,Strength,Core,5 min Core Strength,2026-01-04 12:01 (CDT),,,,,,,25,,,
2026-02-26 17:45 (CDT),On Demand,Jermaine Johnson,10,Strength,Lower Body,10 min Glutes & Legs Strength,2025-11-27 23:00 (CDT),,,,,,,50,,,
2026-02-26 18:23 (-06),On Demand,Sam Yo,30,Cycling,Power Zone,30 min Power Zone Endurance Ride,2025-12-14 07:54 (-06),295,164,44%,85,31.08,15.53,211,114.84,,
2026-02-26 18:54 (-06),On Demand,Hannah Corbin,5,Cycling,Cool Down,5 min Cool Down Ride,2026-02-17 23:00 (-06),30,99,40%,75,25.77,2.15,33,110.66,,
2026-02-26 19:03 (CDT),On Demand,Ben Alldis,10,Stretching,Full Body Stretch,10 min Full Body Stretch,2026-02-15 23:00 (CDT),,,,,,,25,,,
2026-02-27 05:19 (-06),,,5,Meditation,,5 min 45 sec Just Meditate,,,,,,,,,,,
2026-02-27 05:26 (CDT),On Demand,Chelsea Jackson Roberts,5,Meditation,Theme,5min Best Case of the Mondays Meditation,2025-02-09 23:00 (CDT),,,,,,,,,,
2026-02-28 05:49 (-06),,,3,Meditation,,3 min 25 sec Just Meditate,,,,,,,,,,,
2026-02-28 05:55 (CDT),On Demand,Aditi Shah,5,Meditation,Morning,5 min Morning Meditation,2024-04-22 06:30 (CDT),,,,,,,,,,
2026-02-28 15:53 (CDT),On Demand,Rebecca Kennedy,5,Strength,Core,5 min Standing Core Strength,2024-11-06 23:00 (CDT),,,,,,,25,,,
2026-02-28 16:00 (CDT),On Demand,Rebecca Kennedy,10,Strength,Upper Body,10 min Arms & Shoulders Strength,2025-12-22 23:00 (CDT),,,,,,,50,,,
2026-02-28 16:19 (-06),On Demand,Christian Vande Velde,30,Cycling,Power Zone,30 min Power Zone Rock Ride,2025-02-14 12:34 (-06),329,183,47%,83,32.28,16.14,246,125.69,,
2026-02-28 16:50 (-06),On Demand,Bradley Rose,5,Cycling,Cool Down,5 min Cool Down Ride,2026-02-26 23:00 (-06),32,106,41%,76,26.22,2.19,42,,,
2026-02-28 17:01 (CDT),On Demand,Selena Samuela,10,Stretching,Full Body Stretch,10 min Avicii Full Body Stretch,2025-12-30 23:00 (CDT),,,,,,,25,,,
2026-03-01 05:12 (-06),,,5,Meditation,,5 min 41 sec Just Meditate,,,,,,,,,,,
2026-03-01 05:23 (CDT),On Demand,Aditi Shah,5,Meditation,Morning,5 min Morning Meditation,2024-04-22 06:30 (CDT),,,,,,,,,,
2026-03-01 05:28 (CDT),On Demand,Aditi Shah,5,Meditation,Morning,5 min Morning Meditation,2024-04-22 06:30 (CDT),,,,,,,,,,
2026-03-02 05:10 (-06),,,5,Meditation,,5 min 25 sec Just Meditate,,,,,,,,,,,
2026-03-02 05:17 (CDT),On Demand,Aditi Shah,5,Meditation,Morning,5 min Morning Meditation,2024-04-22 06:30 (CDT),,,,,,,,,,
2026-03-02 11:41 (-06),,,5,Meditation,,5 min 1 sec Just Meditate,,,,,,,,,,,
2026-03-03 05:28 (-06),,,5,Meditation,,5 min 25 sec Just Meditate,,,,,,,,,,,
2026-03-03 06:17 (CDT),On Demand,Chelsea Jackson Roberts,5,Meditation,Theme,5min Best Case of the Mondays Meditation,2025-02-09 23:00 (CDT),,,,,,,,,,
2026-03-03 18:01 (-06),On Demand,Ben Alldis,30,Cycling,Power Zone,30 min Power Zone Rock Ride,2023-08-30 02:00 (-06),313,174,46%,83,30.86,15.43,418,,,
2026-03-03 18:32 (-06),On Demand,Hannah Corbin,5,Cycling,Cool Down,5 min Cool Down Ride,2026-02-17 23:00 (-06),24,79,39%,66,21.66,1.80,32,,,
2026-03-03 18:41 (-06),On Demand,Hannah Corbin,5,Stretching,Pre & Post-Ride Stretch,5 min Post-Ride Stretch,2024-07-30 22:00 (-06),,,,,,,12,,,
2026-03-04 06:15 (-06),,,5,Meditation,,5 min 25 sec Just Meditate,,,,,,,,,,,
2026-03-04 06:21 (CDT),On Demand,Chelsea Jackson Roberts,5,Meditation,Theme,5min Best Case of the Mondays Meditation,2025-02-09 23:00 (CDT),,,,,,,,,,
2026-03-04 17:14 (CDT),On Demand,Rebecca Kennedy,30,Strength,Full Body,30 min Full Body Strength,2025-09-28 13:24 (CDT),,,,,,,26,,,
2026-03-04 17:25 (CDT),On Demand,Ben Alldis,30,Strength,Full Body,30 min Full Body Strength,2025-10-31 07:25 (CDT),,,,,,,133,,,
2026-03-04 17:55 (CDT),On Demand,Ben Alldis,10,Stretching,Full Body Stretch,10 min Full Body Stretch,2024-02-14 06:05 (CDT),,,,,,,25,,,
2026-03-05 05:05 (-06),,,5,Meditation,,5 min 1 sec Just Meditate,,,,,,,,,,,
2026-03-05 05:13 (CDT),On Demand,Chelsea Jackson Roberts,5,Meditation,Theme,5min Best Case of the Mondays Meditation,2025-02-09 23:00 (CDT),,,,,,,,,,
2026-03-06 05:20 (-06),,,0,Meditation,,5 sec Just Meditate,,,,,,,,,,,
2026-03-06 05:20 (-06),,,5,Meditation,,5 min 41 sec Just Meditate,,,,,,,,,,,
2026-03-06 05:28 (CDT),On Demand,Chelsea Jackson Roberts,5,Meditation,Theme,5min Best Case of the Mondays Meditation,2025-02-09 23:00 (CDT),,,,,,,,,,
2026-03-07 05:50 (-06),,,5,Meditation,,5 min 1 sec Just Meditate,,,,,,,,,,,
2026-03-07 06:10 (CDT),On Demand,Chelsea Jackson Roberts,5,Meditation,Theme,5min Best Case of the Mondays Meditation,2025-02-09 23:00 (CDT),,,,,,,,,,
2026-03-07 12:59 (CDT),On Demand,Rebecca Kennedy,5,Strength,Core,5 min Standing Core Strength,2025-12-03 23:00 (CDT),,,,,,,25,,,
2026-03-07 13:05 (CDT),On Demand,Ben Alldis,10,Strength,Upper Body,10 min Upper Body Strength,2023-02-23 06:50 (CDT),,,,,,,50,,,
2026-03-07 13:16 (CDT),On Demand,Ben Alldis,10,Stretching,Full Body Stretch,10 min Red (Taylor's Version) Stretch,2021-12-25 04:00 (CDT),,,,,,,25,,,
2026-03-08 06:40 (-05),,,0,Meditation,,1 sec Just Meditate,,,,,,,,,,,
2026-03-08 06:40 (-05),,,5,Meditation,,5 min 25 sec Just Meditate,,,,,,,,,,,
2026-03-08 06:47 (CDT),On Demand,Nico Sarani,5,Meditation,Morning,5 min Morning Meditation,2025-12-28 23:00 (CDT),,,,,,,,,,
2026-03-09 06:15 (-05),,,5,Meditation,,5 min 1 sec Just Meditate,,,,,,,,,,,
2026-03-09 06:21 (CDT),On Demand,Nico Sarani,5,Meditation,Morning,5 min Morning Meditation,2025-12-28 23:00 (CDT),,,,,,,,,,
2026-03-09 06:28 (CDT),On Demand,Ben Alldis,30,Cycling,Music,30 min EDM Ride,2026-03-06 11:54 (CDT),0,0,0%,0,0,0,0,,,
2026-03-09 10:41 (CDT),On Demand,Jess Sims,5,Strength,Core,5 min Core Strength,2026-02-22 23:00 (CDT),,,,,,,25,,,
2026-03-09 10:50 (CDT),On Demand,Ben Alldis,10,Strength,Lower Body,10 min Glutes & Legs Strength,2025-08-10 23:00 (CDT),,,,,,,50,,,
2026-03-09 11:14 (-05),On Demand,Charlotte Weidenbach,30,Cycling,Power Zone,30 min Power Zone Endurance Rock Ride,2026-03-07 08:55 (-05),288,160,43%,87,30.64,15.34,236,122.73,,
2026-03-09 11:45 (-05),On Demand,Hannah Frankson,5,Cycling,Cool Down,5 min Cool Down Ride,2022-07-16 02:30 (-05),25,82,33%,86,23.15,1.95,33,78.37,,
2026-03-09 11:54 (CDT),On Demand,Ben Alldis,10,Stretching,Full Body Stretch,10 min 007 Full Body Stretch,2021-10-04 03:13 (CDT),,,,,,,25,,,
2026-03-13 08:11 (BST),On Demand,Ben Alldis,10,Strength,Core,10 min 80s Core Strength,2025-12-14 05:00 (BST),,,,,,,50,,,
2026-03-13 10:23 (BST),On Demand,Susie Chan,5,Stretching,Post-Run Stretch,5 min Post-Run Stretch,2026-02-05 05:00 (BST),,,,,,,13,58.27,,
2026-03-14 08:20 (BST),On Demand,Ben Alldis,30,Strength,Bodyweight,30 min Bodyweight Strength,2025-03-16 11:55 (BST),,,,,,,150,,,
2026-03-14 08:54 (BST),On Demand,Ben Alldis,10,Stretching,Full Body Stretch,10 min Full Body Stretch,2026-02-16 05:00 (BST),,,,,,,25,,,
2026-03-14 05:06 (-04),,,5,Meditation,,5 min 41 sec Just Meditate,,,,,,,,,,,
2026-03-14 09:14 (BST),On Demand,Nico Sarani,5,Meditation,Morning,5 min Morning Meditation,2025-12-29 05:00 (BST),,,,,,,,,,
2026-03-15 12:00 (-05),,,5,Meditation,,5 min 1 sec Just Meditate,,,,,,,,,,,
2026-03-15 12:23 (CDT),On Demand,Nico Sarani,5,Meditation,Morning,5 min Morning Meditation,2025-12-28 23:00 (CDT),,,,,,,,,,
2026-03-16 05:28 (-05),,,0,Meditation,,5 sec Just Meditate,,,,,,,,,,,
2026-03-16 05:28 (-05),,,5,Meditation,,5 min 41 sec Just Meditate,,,,,,,,,,,
2026-03-16 05:35 (CDT),On Demand,Nico Sarani,5,Meditation,Morning,5 min Morning Meditation,2025-12-28 23:00 (CDT),,,,,,,,,,
2026-03-16 12:47 (-05),,,5,Meditation,,5 min 1 sec Just Meditate,,,,,,,,,,,
2026-03-16 17:43 (-05),On Demand,Bradley Rose,30,Cycling,Music,30 min 2000s Rock Ride,2026-02-06 12:55 (-05),284,158,45%,83,30.86,15.43,195,106.91,,
2026-03-16 18:13 (-05),On Demand,Bradley Rose,5,Cycling,Cool Down,5 min Cool Down Ride,2023-06-30 01:00 (-05),32,107,39%,79,25.95,2.16,36,103.19,,
2026-03-16 18:21 (-05),On Demand,Jenn Sherman,5,Stretching,Pre & Post-Ride Stretch,5 min Post-Ride Stretch,2026-03-10 23:00 (-05),,,,,,,12,,,
2026-03-17 05:08 (-05),,,5,Meditation,,5 min 41 sec Just Meditate,,,,,,,,,,,
2026-03-17 05:17 (CDT),On Demand,Nico Sarani,5,Meditation,Morning,5 min Morning Meditation,2025-12-28 23:00 (CDT),,,,,,,,,,
2026-03-17 12:12 (-05),,,4,Meditation,,4 min 49 sec Just Meditate,,,,,,,,,,,
2026-03-17 18:08 (CDT),On Demand,Matty Maggiacomo,30,Strength,Full Body,30 min Full Body Strength,2026-03-09 23:00 (CDT),,,,,,,150,,,
2026-03-17 18:42 (CDT),On Demand,Selena Samuela,10,Stretching,Full Body Stretch,10 min Full Body Stretch,2025-02-23 23:00 (CDT),,,,,,,25,,,
2026-03-18 04:58 (-05),,,5,Meditation,,5 min 25 sec Just Meditate,,,,,,,,,,,
2026-03-18 05:04 (CDT),On Demand,Nico Sarani,5,Meditation,Morning,5 min Morning Meditation,2025-12-28 23:00 (CDT),,,,,,,,,,
2026-03-18 12:40 (-05),,,5,Meditation,,5 min 49 sec Just Meditate,,,,,,,,,,,
2026-03-19 05:06 (-05),,,0,Meditation,,23 sec Just Meditate,,,,,,,,,,,
2026-03-19 05:06 (-05),,,5,Meditation,,5 min 25 sec Just Meditate,,,,,,,,,,,
2026-03-19 05:16 (CDT),On Demand,Nico Sarani,5,Meditation,Morning,5 min Morning Meditation,2025-12-28 23:00 (CDT),,,,,,,,,,
2026-03-19 17:19 (CDT),On Demand,Jess Sims,5,Strength,Core,5 min Core Strength,2026-02-22 23:00 (CDT),,,,,,,25,,,
2026-03-19 17:26 (CDT),On Demand,Ben Alldis,10,Strength,Upper Body,10 min Arms & Shoulders Strength,2026-02-28 23:00 (CDT),,,,,,,50,,,
2026-03-19 17:46 (-05),On Demand,Matt Wilpers,30,Cycling,Power Zone,30 min Power Zone Endurance Ride,2025-03-11 23:00 (-05),286,159,45%,81,30.06,15.03,224,119.56,,
2026-03-19 18:18 (-05),On Demand,Matt Wilpers,5,Cycling,Cool Down,5 min Cool Down Ride,2026-03-17 23:00 (-05),27,89,33%,93,24.74,2.06,31,101.55,,
2026-03-19 18:31 (CDT),On Demand,Selena Samuela,10,Stretching,Full Body Stretch,10 min Full Body Stretch,2025-02-23 23:00 (CDT),,,,,,,25,,,
2026-03-20 04:43 (-05),,,4,Meditation,,4 min 41 sec Just Meditate,,,,,,,,,,,
2026-03-20 04:53 (CDT),On Demand,Nico Sarani,5,Meditation,Morning,5 min Morning Meditation,2025-12-28 23:00 (CDT),,,,,,,,,,
2026-03-21 05:40 (-05),,,5,Meditation,,5 min 41 sec Just Meditate,,,,,,,,,,,
2026-03-21 05:50 (CDT),On Demand,Ross Rayburn,5,Meditation,Mindfulness,5 min Acceptance Meditation,2024-03-05 10:00 (CDT),,,,,,,,,,
2026-03-21 12:17 (CDT),On Demand,Rebecca Kennedy,5,Strength,Core,5 min Core Strength,2025-02-17 23:00 (CDT),,,,,,,25,,,
2026-03-21 12:25 (CDT),On Demand,Ben Alldis,10,Strength,Lower Body,10 min Glutes & Legs Strength,2023-10-11 05:45 (CDT),,,,,,,50,,,
2026-03-21 12:46 (-05),On Demand,Denis Morton,30,Cycling,Power Zone,30 min Power Zone 80s Ride,2025-02-01 15:56 (-05),300,166,48%,76,30.39,15.20,226,118.79,,
2026-03-21 13:16 (-05),On Demand,Emma Lovewell,5,Cycling,Cool Down,5 min Cool Down Ride,2026-03-19 23:00 (-05),21,70,34%,74,21.07,1.76,28,,,
2026-03-21 13:27 (CDT),On Demand,Ben Alldis,10,Stretching,Full Body Stretch,10 min Full Body Stretch,2026-02-15 23:00 (CDT),,,,,,,25,,,
2026-03-22 06:10 (-05),,,0,Meditation,,1 sec Just Meditate,,,,,,,,,,,
2026-03-22 06:10 (-05),,,5,Meditation,,5 min 25 sec Just Meditate,,,,,,,,,,,
2026-03-22 06:17 (CDT),On Demand,Ross Rayburn,5,Meditation,Mindfulness,5 min Acceptance Meditation,2024-03-05 10:00 (CDT),,,,,,,,,,
2026-03-23 05:13 (-05),,,5,Meditation,,5 min 41 sec Just Meditate,,,,,,,,,,,
2026-03-23 05:21 (CDT),On Demand,Ross Rayburn,5,Meditation,Emotions,5 min Energizing Meditation,2022-04-06 07:37 (CDT),,,,,,,,,,
2026-03-23 13:35 (-05),,,5,Meditation,,5 min 49 sec Just Meditate,,,,,,,,,,,
2026-03-23 17:09 (-05),On Demand,Denis Morton,30,Cycling,Power Zone,30 min Power Zone Ride,2025-05-24 10:55 (-05),325,181,46%,85,32.28,16.13,239,123.80,,
2026-03-23 17:39 (-05),On Demand,Hannah Corbin,5,Cycling,Cool Down,5 min Cool Down Ride,2026-02-18 00:00 (-05),23,77,39%,67,23.10,1.93,32,110.88,,
2026-03-23 17:45 (-05),On Demand,Jenn Sherman,5,Stretching,Pre & Post-Ride Stretch,5 min Post-Ride Stretch,2026-03-10 23:00 (-05),,,,,,,12,,,
2026-03-24 05:03 (-05),,,0,Meditation,,2 sec Just Meditate,,,,,,,,,,,
2026-03-24 05:21 (CDT),On Demand,Ross Rayburn,5,Meditation,Emotions,5 min Energizing Meditation,2022-04-06 07:37 (CDT),,,,,,,,,,
2026-03-24 17:32 (CDT),On Demand,Ben Alldis,30,Strength,Full Body,30 min Full Body Strength,2025-05-24 23:00 (CDT),,,,,,,145,85.17,,
2026-03-24 18:06 (CDT),On Demand,Selena Samuela,10,Stretching,Full Body Stretch,10 min Miranda Lambert Full Body Stretch,2025-04-16 23:00 (CDT),,,,,,,25,,,
2026-03-25 05:23 (-05),,,5,Meditation,,5 min 41 sec Just Meditate,,,,,,,,,,,
2026-03-25 05:30 (CDT),On Demand,Ross Rayburn,5,Meditation,Emotions,5 min Energizing Meditation,2022-04-06 07:37 (CDT),,,,,,,,,,
2026-03-25 11:38 (-05),,,5,Meditation,,5 min 1 sec Just Meditate,,,,,,,,,,,
2026-03-25 17:44 (-05),On Demand,Christine D'Ercole,30,Cycling,Power Zone,30 min Power Zone Ride,2026-01-08 09:54 (-05),313,174,45%,85,31.71,15.86,213,114.63,,
2026-03-25 18:14 (-05),On Demand,Hannah Corbin,5,Cycling,Cool Down,5 min Cool Down Ride,2026-02-18 00:00 (-05),26,86,39%,72,24.18,2.02,30,106.79,,
2026-03-25 18:21 (-05),On Demand,Jenn Sherman,5,Stretching,Pre & Post-Ride Stretch,5 min Post-Ride Stretch,2026-03-10 23:00 (-05),,,,,,,12,,,
2026-03-26 06:09 (-05),,,0,Meditation,,6 sec Just Meditate,,,,,,,,,,,
2026-03-26 06:10 (-05),,,5,Meditation,,5 min 1 sec Just Meditate,,,,,,,,,,,
2026-03-26 06:36 (CDT),On Demand,Ross Rayburn,5,Meditation,Emotions,5 min Energizing Meditation,2022-04-06 07:37 (CDT),,,,,,,,,,
2026-03-27 05:36 (-05),,,5,Meditation,,5 min 1 sec Just Meditate,,,,,,,,,,,
2026-03-27 05:42 (CDT),On Demand,Ross Rayburn,5,Meditation,Emotions,5 min Energizing Meditation,2022-04-06 07:37 (CDT),,,,,,,,,,
2026-03-28 06:23 (-05),,,4,Meditation,,4 min 48 sec Just Meditate,,,,,,,,,,,
2026-03-28 06:32 (CDT),On Demand,Ross Rayburn,5,Meditation,Emotions,5 min Energizing Meditation,2022-04-06 07:37 (CDT),,,,,,,,,,
2026-03-28 12:10 (CDT),On Demand,Jermaine Johnson,5,Strength,Core,5 min Core Strength,2026-03-12 23:00 (CDT),,,,,,,25,,,
2026-03-28 12:16 (CDT),On Demand,Rebecca Kennedy,10,Strength,Upper Body,10 min Arms & Shoulders Strength,2025-12-22 23:00 (CDT),,,,,,,50,,,
2026-03-28 13:31 (CDT),On Demand,Callie Gullickson,10,Stretching,Full Body Stretch,10 min Full Body Stretch,2025-11-30 23:00 (CDT),,,,,,,25,,,
2026-03-29 06:38 (-05),,,4,Meditation,,4 min 41 sec Just Meditate,,,,,,,,,,,
2026-03-29 06:46 (CDT),On Demand,Ross Rayburn,5,Meditation,Emotions,5 min Energizing Meditation,2022-04-06 07:37 (CDT),,,,,,,,,,
2026-03-30 05:32 (-05),,,4,Meditation,,4 min 15 sec Just Meditate,,,,,,,,,,,
2026-03-30 05:37 (CDT),On Demand,Ross Rayburn,5,Meditation,Emotions,5 min Energizing Meditation,2022-04-06 07:37 (CDT),,,,,,,,,,
2026-03-30 13:39 (-05),,,4,Meditation,,4 min 49 sec Just Meditate,,,,,,,,,,,
2026-03-30 17:47 (-05),On Demand,Matt Wilpers,30,Cycling,Power Zone,30 min Power Zone Ride,2026-03-28 07:26 (-05),323,180,46%,85,32.32,16.17,432,,,
2026-03-30 18:18 (-05),On Demand,Emma Lovewell,5,Cycling,Cool Down,5 min Cool Down Ride,2025-09-09 23:00 (-05),20,67,34%,75,21.71,1.81,27,,,
2026-03-30 18:25 (-05),On Demand,Sam Yo,5,Stretching,Pre & Post-Ride Stretch,5 min Post-Ride Stretch,2026-03-24 23:00 (-05),,,,,,,12,,,
2026-03-31 05:32 (-05),,,5,Meditation,,5 min 41 sec Just Meditate,,,,,,,,,,,
2026-03-31 05:41 (CDT),On Demand,Ross Rayburn,5,Meditation,Emotions,5 min Energizing Meditation,2022-04-06 07:37 (CDT),,,,,,,,,,
2026-03-31 12:50 (-05),,,5,Meditation,,5 min 1 sec Just Meditate,,,,,,,,,,,
2026-03-31 17:53 (CDT),On Demand,Katie Wang,30,Strength,Full Body,30 min Full Body Strength,2026-03-27 08:26 (CDT),,,,,,,150,,,
2026-03-31 18:26 (CDT),On Demand,Rebecca Kennedy,10,Stretching,Full Body Stretch,10 min Full Body Stretch,2026-03-01 23:00 (CDT),,,,,,,25,,,
2026-04-01 05:03 (-05),,,4,Meditation,,4 min 15 sec Just Meditate,,,,,,,,,,,
2026-04-01 05:08 (CDT),On Demand,Ross Rayburn,5,Meditation,Emotions,5 min Energizing Meditation,2022-04-06 07:37 (CDT),,,,,,,,,,
2026-04-01 12:09 (-05),,,5,Meditation,,5 min 1 sec Just Meditate,,,,,,,,,,,
2026-04-02 05:18 (-05),,,5,Meditation,,5 min 25 sec Just Meditate,,,,,,,,,,,
2026-04-02 05:25 (CDT),On Demand,Ross Rayburn,5,Meditation,Emotions,5 min Energizing Meditation,2022-04-06 07:37 (CDT),,,,,,,,,,
2026-04-02 17:13 (CDT),On Demand,Emma Lovewell,5,Strength,Core,5 min Core Strength,2024-02-01 09:00 (CDT),,,,,,,25,,,
2026-04-02 17:20 (CDT),On Demand,Jermaine Johnson,10,Strength,Lower Body,10 min Glutes & Legs Strength,2026-03-26 23:00 (CDT),,,,,,,50,,,
2026-04-02 17:40 (-05),On Demand,Denis Morton,30,Cycling,Power Zone,30 min Power Zone Endurance Ride,2026-03-31 19:25 (-05),300,166,47%,79,31.15,15.59,204,113.03,,
2026-04-02 18:10 (-05),On Demand,Hannah Corbin,5,Cycling,Cool Down,5 min Cool Down Ride,2026-02-18 00:00 (-05),25,81,38%,70,23.53,1.97,28,97.03,,
2026-04-02 18:21 (CDT),On Demand,Ben Alldis,10,Stretching,Full Body Stretch,10 min Full Body Stretch,2026-02-15 23:00 (CDT),,,,,,,25,,,
2026-04-03 05:59 (-05),,,5,Meditation,,5 min 41 sec Just Meditate,,,,,,,,,,,
2026-04-03 06:07 (CDT),On Demand,Ross Rayburn,5,Meditation,Emotions,5 min Energizing Meditation,2022-04-06 07:37 (CDT),,,,,,,,,,
2026-04-04 05:21 (-05),,,5,Meditation,,5 min 25 sec Just Meditate,,,,,,,,,,,
2026-04-04 05:27 (CDT),On Demand,Ross Rayburn,5,Meditation,Emotions,5 min Energizing Meditation,2022-04-06 07:37 (CDT),,,,,,,,,,
2026-04-04 07:56 (CDT),On Demand,Emma Lovewell,5,Strength,Core,5 min Core Strength,2024-02-01 09:00 (CDT),,,,,,,25,68.45,,
2026-04-04 08:02 (CDT),On Demand,Ben Alldis,10,Strength,Upper Body,10 min Arms & Shoulders Strength,2026-04-03 07:20 (CDT),,,,,,,50,84.27,,
2026-04-04 08:22 (-05),On Demand,Christian Vande Velde,30,Cycling,Power Zone,30 min Power Zone Ride,2026-04-02 05:24 (-05),325,180,48%,81,32.48,16.26,238,122.60,,
2026-04-04 08:53 (-05),On Demand,Hannah Corbin,5,Cycling,Cool Down,5 min Cool Down Ride,2026-02-18 00:00 (-05),28,93,38%,76,24.96,2.08,37,,,
2026-04-04 09:06 (CDT),On Demand,Ben Alldis,10,Stretching,Full Body Stretch,10 min Full Body Stretch,2026-02-15 23:00 (CDT),,,,,,,25,,,
2026-04-05 07:27 (-05),,,5,Meditation,,5 min 41 sec Just Meditate,,,,,,,,,,,
2026-04-05 07:34 (CDT),On Demand,Ross Rayburn,5,Meditation,Emotions,5 min Energizing Meditation,2022-04-06 07:37 (CDT),,,,,,,,42.22,,
2026-04-05 16:39 (CDT),On Demand,Susie Chan,5,Stretching,Post-Run Stretch,5 min Post-Run Stretch,2026-02-04 23:00 (CDT),,,,,,,13,,,
2026-04-06 05:55 (-05),,,5,Meditation,,5 min 41 sec Just Meditate,,,,,,,,,,,
2026-04-06 15:10 (CDT),On Demand,Chelsea Jackson Roberts,5,Meditation,Morning,5 min Morning Meditation,2026-03-26 06:06 (CDT),,,,,,,,,,
2026-04-06 17:34 (CDT),On Demand,Katie Wang,30,Strength,Full Body,30 min Full Body Strength,2026-03-27 08:26 (CDT),,,,,,,151,,,
2026-04-06 18:07 (CDT),On Demand,Selena Samuela,10,Stretching,Full Body Stretch,10 min Miranda Lambert Full Body Stretch,2025-04-16 23:00 (CDT),,,,,,,25,63.04,,
2026-04-07 05:30 (-05),,,4,Meditation,,4 min 48 sec Just Meditate,,,,,,,,,,,
2026-04-07 05:30 (-05),,,4,Meditation,,4 min 48 sec Just Meditate,,,,,,,,,,,
2026-04-07 05:30 (-05),,,4,Meditation,,4 min 48 sec Just Meditate,,,,,,,,,,,
2026-04-07 05:36 (CDT),On Demand,Chelsea Jackson Roberts,5,Meditation,Morning,5 min Morning Meditation,2026-03-26 06:06 (CDT),,,,,,,,,,
2026-04-07 15:16 (-05),,,5,Meditation,,5 min 1 sec Just Meditate,,,,,,,,,,,
2026-04-08 05:33 (-05),,,0,Meditation,,1 sec Just Meditate,,,,,,,,,,,
2026-04-08 05:33 (-05),,,5,Meditation,,5 min 25 sec Just Meditate,,,,,,,,,,,
2026-04-08 05:39 (CDT),On Demand,Chelsea Jackson Roberts,5,Meditation,Morning,5 min Morning Meditation,2026-03-26 06:06 (CDT),,,,,,,,,,
2026-04-08 12:30 (-05),,,0,Meditation,,4 sec Just Meditate,,,,,,,,,,,
2026-04-08 12:30 (-05),,,5,Meditation,,5 min 1 sec Just Meditate,,,,,,,,,,,
2026-04-08 17:25 (CDT),On Demand,Rebecca Kennedy,5,Strength,Core,5 min Core Strength,2025-02-17 23:00 (CDT),,,,,,,25,,,
2026-04-08 17:33 (CDT),On Demand,Rebecca Kennedy,10,Strength,Upper Body,10 min Arms & Shoulders Strength,2025-08-26 08:26 (CDT),,,,,,,54,121.75,,
2026-04-08 17:55 (-05),On Demand,Matt Wilpers,30,Cycling,Power Zone,30 min Power Zone Endurance Ride,2026-03-21 07:25 (-05),304,169,46%,82,31.62,15.81,206,112.98,,
2026-04-08 18:25 (-05),On Demand,Denis Morton,5,Cycling,Cool Down,5 min Cool Down Ride,2026-03-10 23:00 (-05),17,56,30%,79,19.87,1.66,23,,,
2026-04-08 18:52 (CDT),On Demand,Ben Alldis,10,Stretching,Full Body Stretch,10 min Pete Tong Club Classical Stretch,2022-02-21 06:36 (CDT),,,,,,,25,,,
2026-04-09 04:57 (-05),,,5,Meditation,,5 min 1 sec Just Meditate,,,,,,,,,,,
2026-04-09 05:03 (CDT),On Demand,Chelsea Jackson Roberts,5,Meditation,Morning,5 min Morning Meditation,2026-03-26 06:06 (CDT),,,,,,,,,,
2026-04-10 05:45 (-05),,,5,Meditation,,5 min 1 sec Just Meditate,,,,,,,,,,,
2026-04-10 06:15 (CDT),On Demand,Chelsea Jackson Roberts,5,Meditation,Morning,5 min Morning Meditation,2026-03-26 06:06 (CDT),,,,,,,,,,
2026-04-10 12:52 (-05),,,0,Meditation,,15 sec Just Meditate,,,,,,,,,,,
2026-04-10 12:53 (-05),,,4,Meditation,,4 min 49 sec Just Meditate,,,,,,,,,,,
2026-04-11 05:23 (-05),,,5,Meditation,,5 min 1 sec Just Meditate,,,,,,,,,,,
2026-04-11 05:30 (CDT),On Demand,Chelsea Jackson Roberts,5,Meditation,Morning,5 min Morning Meditation,2026-03-26 06:06 (CDT),,,,,,,,,,
2026-04-11 05:36 (CDT),On Demand,Chelsea Jackson Roberts,5,Meditation,Morning,5 min Morning Meditation,2026-03-26 06:06 (CDT),,,,,,,,,,
2026-04-11 11:02 (CDT),On Demand,Joslyn Thompson Rule,5,Strength,Core,5 min Core Strength,2026-03-21 23:00 (CDT),,,,,,,25,,,
2026-04-11 11:09 (CDT),On Demand,Callie Gullickson,10,Strength,Lower Body,10 min Glutes & Legs Strength,2024-12-08 23:00 (CDT),,,,,,,51,90.81,,
2026-04-11 13:19 (CDT),On Demand,Rebecca Kennedy,10,Stretching,Full Body Stretch,10 min Coldplay Full Body Stretch,2024-10-08 23:00 (CDT),,,,,,,25,,,
2026-04-12 05:34 (-05),,,5,Meditation,,5 min 1 sec Just Meditate,,,,,,,,,,,
2026-04-12 05:40 (CDT),On Demand,Chelsea Jackson Roberts,5,Meditation,Morning,5 min Morning Meditation,2026-03-26 06:06 (CDT),,,,,,,,,,
2026-04-12 05:46 (CDT),On Demand,Chelsea Jackson Roberts,5,Meditation,Morning,5 min Morning Meditation,2026-04-08 23:00 (CDT),,,,,,,,,,
2026-04-13 05:23 (-05),,,4,Meditation,,4 min 41 sec Just Meditate,,,,,,,,,,,
2026-04-13 05:36 (CDT),On Demand,Aditi Shah,10,Meditation,Daily Meditation,10 min Daily Meditation,2026-04-05 23:00 (CDT),,,,,,,,,,
2026-04-13 11:53 (-05),,,5,Meditation,,5 min 49 sec Just Meditate,,,,,,,,,,,
2026-04-13 16:58 (-05),On Demand,Matt Wilpers,30,Cycling,Power Zone,30 min Power Zone Ride,2026-04-09 23:00 (-05),324,181,47%,82,32.02,15.88,218,116.81,,
2026-04-13 17:28 (-05),On Demand,Hannah Corbin,5,Cycling,Cool Down,5 min Cool Down Ride,2026-02-18 00:00 (-05),23,77,39%,68,22.83,1.92,31,,,
2026-04-13 17:34 (-05),On Demand,Bradley Rose,5,Stretching,Pre & Post-Ride Stretch,5 min Post-Ride Stretch,2026-04-02 23:00 (-05),,,,,,,12,,,
2026-04-14 05:25 (-05),,,0,Meditation,,3 sec Just Meditate,,,,,,,,,,,
2026-04-14 05:25 (-05),,,5,Meditation,,5 min 1 sec Just Meditate,,,,,,,,,,,
2026-04-14 05:33 (CDT),On Demand,Aditi Shah,10,Meditation,Daily Meditation,10 min Daily Meditation,2026-04-05 23:00 (CDT),,,,,,,,,,
2026-04-14 17:33 (CDT),On Demand,Jess Sims,30,Strength,Full Body,30 min Full Body Strength,2026-02-14 06:24 (CDT),,,,,,,151,,,
2026-04-14 18:07 (CDT),On Demand,Selena Samuela,10,Stretching,Full Body Stretch,10 min Miranda Lambert Full Body Stretch,2025-04-16 23:00 (CDT),,,,,,,25,,,
2026-04-15 05:14 (-05),,,3,Meditation,,3 min 57 sec Just Meditate,,,,,,,,,,,
2026-04-15 05:23 (CDT),On Demand,Aditi Shah,10,Meditation,Daily Meditation,10 min Daily Meditation,2026-04-05 23:00 (CDT),,,,,,,,,,
2026-04-15 11:37 (-05),,,5,Meditation,,5 min 1 sec Just Meditate,,,,,,,,,,,
2026-04-16 05:24 (-05),,,4,Meditation,,4 min 21 sec Just Meditate,,,,,,,,,,,
2026-04-16 05:37 (CDT),On Demand,Aditi Shah,10,Meditation,Daily Meditation,10 min Daily Meditation,2026-04-05 23:00 (CDT),,,,,,,,,,
2026-04-17 05:52 (-05),,,5,Meditation,,5 min 41 sec Just Meditate,,,,,,,,,,,
2026-04-17 06:14 (CDT),On Demand,Aditi Shah,10,Meditation,Daily Meditation,10 min Daily Meditation,2026-04-05 23:00 (CDT),,,,,,,,,,
2026-04-17 16:36 (CDT),On Demand,Emma Lovewell,5,Strength,Core,5 min Core Strength,2026-04-03 23:00 (CDT),,,,,,,25,,,
2026-04-17 16:42 (CDT),On Demand,Rad Lopez,10,Strength,Upper Body,10 min Arms & Shoulders Strength,2026-03-27 11:01 (CDT),,,,,,,50,,,
2026-04-17 17:02 (-05),On Demand,Bradley Rose,30,Cycling,Music,30 min 2000s Rock Ride,2026-04-10 11:55 (-05),297,165,47%,78,30.76,15.39,397,,,
2026-04-17 17:32 (-05),On Demand,Bradley Rose,5,Cycling,Cool Down,5 min Cool Down Ride,2026-02-27 00:00 (-05),30,98,41%,70,24.67,2.07,40,,,
2026-04-17 17:41 (CDT),On Demand,Rebecca Kennedy,10,Stretching,Full Body Stretch,10 min Coldplay Full Body Stretch,2024-10-08 23:00 (CDT),,,,,,,25,,,
2026-04-18 05:41 (-05),,,0,Meditation,,3 sec Just Meditate,,,,,,,,,,,
2026-04-18 05:42 (-05),,,4,Meditation,,4 min 52 sec Just Meditate,,,,,,,,,,,
2026-04-18 06:11 (CDT),On Demand,Ross Rayburn,10,Meditation,Morning,10 min Morning Meditation,2024-02-17 08:01 (CDT),,,,,,,,,,
2026-04-19 06:22 (-05),,,4,Meditation,,4 min 21 sec Just Meditate,,,,,,,,,,,
2026-04-19 06:30 (CDT),On Demand,Kirra Michel,10,Meditation,Daily Meditation,10 min Daily Meditation,2026-03-29 23:00 (CDT),,,,,,,,,,
2026-04-19 10:23 (CDT),On Demand,Matty Maggiacomo,5,Strength,Core,5 min Core Strength,2026-04-12 23:00 (CDT),,,,,,,25,,,
2026-04-19 10:30 (CDT),On Demand,Rad Lopez,10,Strength,Lower Body,10 min Glutes & Legs Strength,2025-10-04 12:10 (CDT),,,,,,,50,,,
2026-04-19 11:57 (CDT),On Demand,Rebecca Kennedy,10,Stretching,Full Body Stretch,10 min Full Body Stretch,2025-03-30 23:00 (CDT),,,,,,,25,,,
2026-04-20 06:40 (-05),,,5,Meditation,,5 min 41 sec Just Meditate,,,,,,,,,,,
2026-04-20 06:47 (CDT),On Demand,Kirra Michel,10,Meditation,Daily Meditation,10 min Daily Meditation,2026-03-29 23:00 (CDT),,,,,,,,51.38,,
2026-04-20 17:37 (-05),On Demand,Christian Vande Velde,30,Cycling,Power Zone,30 min Power Zone Rock Ride,2025-02-14 13:34 (-05),347,193,47%,85,33.09,16.55,241,123.56,,
2026-04-20 18:08 (-05),On Demand,Alex Toussaint,5,Cycling,Warm Up,5 min Warm Up Ride,2026-04-06 23:00 (-05),31,102,40%,75,25.32,2.12,41,,,
2026-04-20 18:18 (-05),On Demand,Ben Alldis,5,Stretching,Pre & Post-Ride Stretch,5 min Post-Ride Stretch,2026-03-26 23:00 (-05),,,,,,,12,,,
2026-04-21 05:00 (-05),,,5,Meditation,,5 min 41 sec Just Meditate,,,,,,,,,,,
2026-04-21 05:17 (CDT),On Demand,Kirra Michel,10,Meditation,Daily Meditation,10 min Daily Meditation,2026-03-29 23:00 (CDT),,,,,,,,,,
2026-04-21 12:12 (-05),,,4,Meditation,,4 min 53 sec Just Meditate,,,,,,,,,,,
2026-04-21 17:46 (CDT),On Demand,Katie Wang,30,Strength,Full Body,30 min Full Body Strength,2026-04-18 08:56 (CDT),,,,,,,151,,,
2026-04-21 18:22 (CDT),On Demand,Ben Alldis,10,Stretching,Full Body Stretch,10 min Full Body Stretch,2022-05-09 06:18 (CDT),,,,,,,25,,,
2026-04-22 05:36 (-05),,,5,Meditation,,5 min 1 sec Just Meditate,,,,,,,,,,,
2026-04-23 05:31 (-05),,,5,Meditation,,5 min 25 sec Just Meditate,,,,,,,,,,,
2026-04-23 05:38 (CDT),On Demand,Kirra Michel,10,Meditation,Daily Meditation,10 min Daily Meditation,2026-03-29 23:00 (CDT),,,,,,,,,,
2026-04-23 17:08 (CDT),On Demand,Joslyn Thompson Rule,5,Strength,Core,5 min Core Strength,2026-03-21 23:00 (CDT),,,,,,,25,,,
2026-04-23 17:15 (CDT),On Demand,Ben Alldis,10,Strength,Upper Body,10 min Arms & Shoulders Strength,2025-10-11 23:00 (CDT),,,,,,,50,,,
2026-04-23 17:33 (-05),On Demand,Denis Morton,30,Cycling,Power Zone,30 min Power Zone Endurance Ride,2026-03-31 19:25 (-05),264,147,45%,77,28.31,14.16,353,,,
2026-04-23 18:06 (-05),On Demand,Hannah Corbin,5,Cycling,Cool Down,5 min Cool Down Ride,2026-02-18 00:00 (-05),24,80,40%,63,21.93,1.83,32,,,
2026-04-23 18:19 (CDT),On Demand,Selena Samuela,10,Stretching,Full Body Stretch,10 min Miranda Lambert Full Body Stretch,2025-04-16 23:00 (CDT),,,,,,,25,,,
2026-04-24 05:37 (-05),,,5,Meditation,,5 min 41 sec Just Meditate,,,,,,,,,,,
2026-04-24 05:45 (CDT),On Demand,Kirra Michel,10,Meditation,Daily Meditation,10 min Daily Meditation,2026-03-29 23:00 (CDT),,,,,,,,,,
2026-04-24 13:13 (-05),,,5,Meditation,,5 min 1 sec Just Meditate,,,,,,,,,,,
2026-04-25 05:04 (-05),,,5,Meditation,,5 min 41 sec Just Meditate,,,,,,,,,,,
2026-04-25 05:16 (CDT),On Demand,Denis Morton,10,Meditation,Daily Meditation,10 min Daily Meditation,2026-03-22 23:00 (CDT),,,,,,,,,,
2026-04-25 12:29 (CDT),On Demand,Rebecca Kennedy,5,Strength,Core,5 min Standing Core Strength,2025-12-03 23:00 (CDT),,,,,,,25,,,
2026-04-25 12:35 (CDT),On Demand,Jermaine Johnson,10,Strength,Lower Body,10 min Glutes & Legs Strength,2025-11-27 23:00 (CDT),,,,,,,51,79.18,,
2026-04-25 12:58 (-05),On Demand,Ben Alldis,30,Cycling,Music,30 min 2000s Rock Ride,2026-03-28 04:54 (-05),353,196,50%,81,33.31,16.65,241,123.49,,
2026-04-25 13:29 (-05),On Demand,Emma Lovewell,5,Cycling,Cool Down,5 min Cool Down Ride,2025-09-09 23:00 (-05),19,63,34%,71,20.44,1.71,29,106.44,,
2026-04-25 13:50 (CDT),On Demand,Selena Samuela,10,Stretching,Lower Body Stretch,10 min Lower Body Stretch,2024-04-25 01:00 (CDT),,,,,,,25,,,
2026-04-26 05:49 (-05),,,5,Meditation,,5 min 25 sec Just Meditate,,,,,,,,,,,
2026-04-26 05:55 (CDT),On Demand,Denis Morton,10,Meditation,Daily Meditation,10 min Daily Meditation,2026-03-22 23:00 (CDT),,,,,,,,,,
2026-04-26 12:29 (CDT),On Demand,Kirra Michel,10,Meditation,Theme,10 min Earth Day Walking Meditation,2026-04-21 23:00 (CDT),,,,,,,,67.36,,
2026-04-26 18:05 (CDT),On Demand,Susie Chan,10,Stretching,Post-Run Stretch,10 min AFO Post Run Stretch: Muse,2022-08-19 09:00 (CDT),,,,,,,25,,,
2026-04-27 05:32 (-05),,,5,Meditation,,5 min 41 sec Just Meditate,,,,,,,,,,,
2026-04-27 05:39 (CDT),On Demand,Denis Morton,10,Meditation,Daily Meditation,10 min Daily Meditation,2026-03-22 23:00 (CDT),,,,,,,,,,
2026-04-27 12:52 (-05),,,5,Meditation,,5 min 1 sec Just Meditate,,,,,,,,,,,
2026-04-28 05:29 (-05),,,5,Meditation,,5 min 1 sec Just Meditate,,,,,,,,,,,
2026-04-28 05:34 (CDT),On Demand,Denis Morton,10,Meditation,Daily Meditation,10 min Daily Meditation,2026-03-22 23:00 (CDT),,,,,,,,,,
2026-04-28 11:57 (-05),,,5,Meditation,,5 min 49 sec Just Meditate,,,,,,,,,,,
2026-04-28 17:21 (CDT),On Demand,Emma Lovewell,5,Strength,Core,5 min Core Strength,2026-04-03 23:00 (CDT),,,,,,,25,,,
2026-04-28 17:29 (CDT),On Demand,Rad Lopez,10,Strength,Upper Body,10 min Arms & Shoulders Strength,2026-03-27 11:01 (CDT),,,,,,,50,74.24,,
2026-04-28 17:50 (-05),On Demand,Sam Yo,30,Cycling,Power Zone,30 min Power Zone Endurance 2000s Rock,2025-09-21 03:25 (-05),302,168,45%,84,31.46,15.76,196,110.07,,
2026-04-28 18:20 (-05),On Demand,Hannah Corbin,5,Cycling,Cool Down,5 min Cool Down Ride,2026-04-23 23:00 (-05),33,110,45%,66,26.62,2.23,30,90.92,,
2026-04-28 18:31 (CDT),On Demand,Assal Arian,10,Stretching,Full Body Stretch,10 min Full Body Stretch,2025-10-29 00:00 (CDT),,,,,,,25,,,
2026-04-29 05:27 (-05),,,4,Meditation,,4 min 41 sec Just Meditate,,,,,,,,,,,
2026-04-29 05:32 (CDT),On Demand,Denis Morton,10,Meditation,Daily Meditation,10 min Daily Meditation,2026-03-22 23:00 (CDT),,,,,,,,,,
2026-04-29 11:16 (-05),,,5,Meditation,,5 min 49 sec Just Meditate,,,,,,,,,,,
2026-04-30 05:04 (-05),,,4,Meditation,,4 min 15 sec Just Meditate,,,,,,,,,,,
2026-04-30 05:10 (CDT),On Demand,Denis Morton,10,Meditation,Daily Meditation,10 min Daily Meditation,2026-03-22 23:00 (CDT),,,,,,,,,,
2026-04-30 06:01 (CDT),On Demand,Rebecca Kennedy,30,Strength,Full Body,30 min Full Body Strength,2026-04-23 12:27 (CDT),,,,,,,147,74.06,,
2026-04-30 06:35 (CDT),On Demand,Ben Alldis,10,Stretching,Full Body Stretch,10 min Full Body Stretch,2022-05-09 06:18 (CDT),,,,,,,25,65.79,,
2026-05-01 05:28 (-05),,,4,Meditation,,4 min 15 sec Just Meditate,,,,,,,,,,,
2026-05-01 05:36 (CDT),On Demand,Denis Morton,10,Meditation,Daily Meditation,10 min Daily Meditation,2026-03-22 23:00 (CDT),,,,,,,,,,
2026-05-02 05:04 (-05),,,5,Meditation,,5 min 1 sec Just Meditate,,,,,,,,,,,
2026-05-02 05:13 (CDT),On Demand,Denis Morton,10,Meditation,Daily Meditation,10 min Daily Meditation,2026-03-22 23:00 (CDT),,,,,,,,,,
2026-05-02 11:00 (CDT),On Demand,Rebecca Kennedy,5,Strength,Core,5 min Standing Core Strength,2024-11-06 23:00 (CDT),,,,,,,25,,,
2026-05-02 11:07 (CDT),On Demand,Callie Gullickson,10,Strength,Lower Body,10 min Glutes & Legs Strength,2024-12-08 23:00 (CDT),,,,,,,50,,,
2026-05-02 12:50 (CDT),On Demand,Joslyn Thompson Rule,10,Stretching,Full Body Stretch,10 min Full Body Stretch,2025-06-01 23:00 (CDT),,,,,,,25,72.96,,
2026-05-03 06:33 (-05),,,5,Meditation,,5 min 41 sec Just Meditate,,,,,,,,,,,
2026-05-03 06:50 (CDT),On Demand,Aditi Shah,10,Meditation,Daily Meditation,10 min Daily Meditation,2026-03-15 23:00 (CDT),,,,,,,,,,
2026-05-04 05:34 (-05),,,5,Meditation,,5 min 25 sec Just Meditate,,,,,,,,,,,
2026-05-04 05:40 (CDT),On Demand,Aditi Shah,10,Meditation,Daily Meditation,10 min Daily Meditation,2026-03-15 23:00 (CDT),,,,,,,,,,
2026-05-04 12:20 (-05),,,5,Meditation,,5 min 1 sec Just Meditate,,,,,,,,,,,
2026-05-04 17:18 (CDT),On Demand,Ben Alldis,5,Strength,Core,5 min Core Strength,2026-05-01 07:24 (CDT),,,,,,,25,,,
2026-05-04 17:28 (CDT),On Demand,Jermaine Johnson,10,Strength,Lower Body,10 min Glutes & Legs Strength,2025-11-27 23:00 (CDT),,,,,,,50,,,
2026-05-04 17:46 (-05),On Demand,Bradley Rose,30,Cycling,Music,30 min 2000s Rock Ride,2026-04-10 11:55 (-05),270,150,44%,83,30.17,15.10,185,106.37,,
2026-05-04 18:16 (-05),On Demand,Hannah Corbin,5,Cycling,Cool Down,5 min Cool Down Ride,2026-04-23 23:00 (-05),33,110,47%,63,26.27,2.20,30,84.99,,
2026-05-04 18:23 (CDT),On Demand,Rebecca Kennedy,10,Stretching,Full Body Stretch,10 min Coldplay Full Body Stretch,2024-10-08 23:00 (CDT),,,,,,,25,,,
2026-05-05 05:24 (-05),,,5,Meditation,,5 min Just Meditate,,,,,,,,,,,
2026-05-05 05:29 (CDT),On Demand,Kirra Michel,10,Meditation,Daily Meditation,10 min Daily Meditation,2026-05-03 23:00 (CDT),,,,,,,,,,
2026-05-06 05:38 (-05),,,5,Meditation,,5 min 25 sec Just Meditate,,,,,,,,,,,
2026-05-06 05:45 (CDT),On Demand,Kirra Michel,10,Meditation,Daily Meditation,10 min Daily Meditation,2026-05-03 23:00 (CDT),,,,,,,,,,
2026-05-06 12:17 (-05),,,6,Meditation,,6 min 35 sec Just Meditate,,,,,,,,,,,
2026-05-06 17:30 (-05),On Demand,Leanne Hainsby-Alldis,30,Cycling,Music,30 min 2000s Rock Ride,2025-11-02 08:55 (-05),288,160,44%,86,30.82,15.43,223,116.13,,
2026-05-06 18:00 (-05),On Demand,Denis Morton,5,Cycling,Cool Down,5 min Cool Down Ride,2026-04-30 23:00 (-05),22,74,34%,78,22.18,1.86,25,97.40,,
2026-05-06 18:06 (-05),On Demand,Denis Morton,5,Stretching,Pre & Post-Ride Stretch,5 min Post-Ride Stretch,2026-04-21 23:00 (-05),,,,,,,12,,,
2026-05-07 05:34 (-05),,,5,Meditation,,5 min 41 sec Just Meditate,,,,,,,,,,,
2026-05-07 05:42 (CDT),On Demand,Kirra Michel,10,Meditation,Daily Meditation,10 min Daily Meditation,2026-05-03 23:00 (CDT),,,,,,,,54.00,,
2026-05-07 17:33 (CDT),On Demand,Rebecca Kennedy,30,Strength,Full Body,30 min Full Body Strength,2025-09-28 13:24 (CDT),,,,,,,150,,,
2026-05-07 18:09 (CDT),On Demand,Rebecca Kennedy,10,Stretching,Full Body Stretch,10 min Full Body Stretch,2025-03-30 23:00 (CDT),,,,,,,25,,,
2026-05-08 05:33 (-05),,,5,Meditation,,5 min Just Meditate,,,,,,,,,,,
2026-05-08 05:41 (CDT),On Demand,Kirra Michel,10,Meditation,Daily Meditation,10 min Daily Meditation,2026-05-03 23:00 (CDT),,,,,,,,,,
2026-05-08 22:07 (CDT),On Demand,Ben Alldis,10,Stretching,Full Body Stretch,10 min Red (Taylor's Version) Stretch,2021-12-25 04:00 (CDT),,,,,,,25,,,
2026-05-09 05:14 (-05),,,5,Meditation,,5 min 25 sec Just Meditate,,,,,,,,,,,
2026-05-09 05:22 (CDT),On Demand,Ross Rayburn,10,Meditation,Mindfulness,10 min Body Scan Meditation,2024-05-01 13:00 (CDT),,,,,,,,,,
2026-05-10 05:09 (-05),,,5,Meditation,,5 min 55 sec Just Meditate,,,,,,,,,,,
2026-05-10 05:19 (CDT),On Demand,Ross Rayburn,10,Meditation,Mindfulness,10 min Body Scan Meditation,2023-08-24 10:00 (CDT),,,,,,,,,,
2026-05-11 05:37 (-05),,,5,Meditation,,5 min 1 sec Just Meditate,,,,,,,,,,,
2026-05-11 05:41 (CDT),On Demand,Ross Rayburn,10,Meditation,Mindfulness,10 min Body Scan Meditation,2023-08-24 10:00 (CDT),,,,,,,,,,
2026-05-11 12:06 (-05),,,5,Meditation,,5 min Just Meditate,,,,,,,,,,,
2026-05-12 05:35 (-05),,,5,Meditation,,5 min 41 sec Just Meditate,,,,,,,,,,,
2026-05-12 05:43 (CDT),On Demand,Ross Rayburn,10,Meditation,Mindfulness,10 min Body Scan Meditation,2023-08-24 10:00 (CDT),,,,,,,,,,
2026-05-13 05:39 (-05),,,5,Meditation,,5 min 45 sec Just Meditate,,,,,,,,,,,
2026-05-13 05:50 (CDT),On Demand,Ross Rayburn,10,Meditation,Mindfulness,10 min Body Scan Meditation,2023-08-24 10:00 (CDT),,,,,,,,,,
2026-05-13 12:18 (-05),,,5,Meditation,,5 min 1 sec Just Meditate,,,,,,,,,,,
2026-05-14 05:35 (-05),,,5,Meditation,,5 min 25 sec Just Meditate,,,,,,,,,,,
2026-05-14 05:42 (CDT),On Demand,Ross Rayburn,10,Meditation,Mindfulness,10 min Body Scan Meditation,2023-08-24 10:00 (CDT),,,,,,,,,,
2026-05-15 05:39 (-05),,,5,Meditation,,5 min 41 sec Just Meditate,,,,,,,,,,,
2026-05-15 05:44 (CDT),On Demand,Ross Rayburn,10,Meditation,Mindfulness,10 min Body Scan Meditation,2023-08-24 10:00 (CDT),,,,,,,,,,
2026-05-16 05:42 (-05),,,4,Meditation,,4 min 21 sec Just Meditate,,,,,,,,,,,
2026-05-16 05:48 (CDT),On Demand,Denis Morton,10,Meditation,Daily Meditation,10 min Daily Meditation,2026-05-10 23:00 (CDT),,,,,,,,,,
2026-05-17 04:57 (-05),,,5,Meditation,,5 min 1 sec Just Meditate,,,,,,,,,,,
2026-05-17 05:03 (CDT),On Demand,Denis Morton,10,Meditation,Daily Meditation,10 min Daily Meditation,2026-05-10 23:00 (CDT),,,,,,,,,,
2026-05-17 12:01 (-05),On Demand,Bradley Rose,30,Cycling,Music,30 min 80s Rock Ride,2026-03-04 02:00 (-05),237,131,42%,84,28.63,14.33,178,102.52,,
2026-05-17 12:35 (-05),On Demand,Hannah Corbin,5,Cycling,Cool Down,5 min Cool Down Ride,2026-04-23 23:00 (-05),30,101,43%,67,25.56,2.14,24,90.70,,
2026-05-17 12:42 (-05),On Demand,Jenn Sherman,5,Stretching,Pre & Post-Ride Stretch,5 min Post-Ride Stretch,2026-04-28 23:00 (-05),,,,,,,1,,,
2026-05-17 12:43 (-05),On Demand,Tunde Oyeneyin,5,Stretching,Pre & Post-Ride Stretch,5 min Post-Ride Stretch,2026-04-23 23:00 (-05),,,,,,,12,,,
2026-05-18 05:34 (-05),,,5,Meditation,,5 min 41 sec Just Meditate,,,,,,,,,,,
2026-05-18 05:40 (CDT),On Demand,Anna Greenberg,10,Meditation,Daily Meditation,10 min Daily Meditation,2026-03-08 23:00 (CDT),,,,,,,,,,
2026-05-18 17:36 (CDT),On Demand,Matty Maggiacomo,30,Strength,Full Body,30 min Full Body Strength,2026-05-14 10:23 (CDT),,,,,,,141,81.39,,
2026-05-18 18:09 (CDT),On Demand,Rebecca Kennedy,10,Stretching,Full Body Stretch,10 min Full Body Stretch,2025-03-30 23:00 (CDT),,,,,,,25,,,
2026-05-19 05:20 (-05),,,5,Meditation,,5 min 41 sec Just Meditate,,,,,,,,,,,
2026-05-19 05:26 (CDT),On Demand,Anna Greenberg,10,Meditation,Daily Meditation,10 min Daily Meditation,2026-03-08 23:00 (CDT),,,,,,,,,,
2026-05-20 05:41 (-05),,,5,Meditation,,5 min 45 sec Just Meditate,,,,,,,,,,,
2026-05-20 05:46 (CDT),On Demand,Anna Greenberg,10,Meditation,Daily Meditation,10 min Daily Meditation,2026-03-08 23:00 (CDT),,,,,,,,,,
2026-05-20 11:19 (-05),,,5,Meditation,,5 min 1 sec Just Meditate,,,,,,,,,,,
2026-05-21 05:16 (-05),,,5,Meditation,,5 min 41 sec Just Meditate,,,,,,,,,,,
2026-05-21 05:23 (CDT),On Demand,Anna Greenberg,10,Meditation,Daily Meditation,10 min Daily Meditation,2026-03-08 23:00 (CDT),,,,,,,,,,
2026-05-21 13:02 (-05),,,5,Meditation,,5 min 49 sec Just Meditate,,,,,,,,,,,
2026-05-22 05:37 (-05),,,5,Meditation,,5 min 25 sec Just Meditate,,,,,,,,,,,
2026-05-22 05:42 (CDT),On Demand,Anna Greenberg,10,Meditation,Daily Meditation,10 min Daily Meditation,2026-03-08 23:00 (CDT),,,,,,,,,,
2026-05-22 16:37 (-05),On Demand,Bradley Rose,30,Cycling,Low Impact,30 min Low Impact Ride,2025-09-26 11:54 (-05),219,122,40%,84,27.46,13.74,251,106.12,,
2026-05-22 17:08 (-05),On Demand,Hannah Corbin,5,Cycling,Cool Down,5 min Cool Down Ride,2024-04-03 10:00 (-05),38,125,46%,69,27.60,2.32,33,88.91,,
2026-05-22 17:15 (-05),On Demand,Jenn Sherman,5,Stretching,Pre & Post-Ride Stretch,5 min Post-Ride Stretch,2025-12-19 00:00 (-05),,,,,,,12,,,
2026-05-23 05:48 (-05),,,3,Meditation,,3 min 25 sec Just Meditate,,,,,,,,,,,
2026-05-23 05:51 (-05),,,2,Meditation,,2 min 25 sec Just Meditate,,,,,,,,,,,
2026-05-23 05:56 (CDT),On Demand,Anna Greenberg,10,Meditation,Daily Meditation,10 min Daily Meditation,2026-03-08 23:00 (CDT),,,,,,,,,,
2026-05-23 11:50 (CDT),On Demand,Selena Samuela,30,Strength,Full Body,30 min Full Body Strength,2026-05-22 12:44 (CDT),,,,,,,146,78.95,,
2026-05-23 12:33 (CDT),On Demand,Ben Alldis,10,Stretching,Full Body Stretch,10 min Full Body Stretch,2024-02-14 06:05 (CDT),,,,,,,25,66.70,,
2026-05-24 05:53 (-05),,,5,Meditation,,5 min 41 sec Just Meditate,,,,,,,,,,,
2026-05-24 06:01 (CDT),On Demand,Anna Greenberg,10,Meditation,Daily Meditation,10 min Daily Meditation,2026-03-08 23:00 (CDT),,,,,,,,,,
2026-05-25 06:11 (-05),,,5,Meditation,,5 min 23 sec Just Meditate,,,,,,,,,,,
2026-05-25 07:03 (CDT),On Demand,Anna Greenberg,10,Meditation,Daily Meditation,10 min Daily Meditation,2026-03-08 23:00 (CDT),,,,,,,,,,
2026-05-25 09:55 (CDT),On Demand,Ben Alldis,5,Strength,Core,5 min Core Strength,2026-05-01 07:24 (CDT),,,,,,,25,,,
2026-05-25 10:02 (CDT),On Demand,Ben Alldis,10,Strength,Upper Body,10 min Arms & Shoulders Strength,2026-04-03 07:20 (CDT),,,,,,,50,,,
2026-05-25 10:22 (-05),On Demand,Matt Wilpers,30,Cycling,Power Zone,30 min Power Zone Endurance Ride,2026-02-06 06:25 (-05),274,152,44%,82,30.00,15.01,234,120.70,,
2026-05-25 10:53 (-05),On Demand,Matt Wilpers,5,Cycling,Cool Down,5 min Cool Down Ride,2026-05-12 23:00 (-05),23,76,32%,88,22.55,1.89,29,101.59,,
2026-05-25 11:00 (CDT),On Demand,Ben Alldis,10,Stretching,Full Body Stretch,10 min Red (Taylor's Version) Stretch,2021-12-25 04:00 (CDT),,,,,,,25,,,
2026-05-26 05:21 (-05),,,5,Meditation,,5 min 1 sec Just Meditate,,,,,,,,,,,
2026-05-26 05:37 (CDT),On Demand,Anna Greenberg,10,Meditation,Daily Meditation,10 min Daily Meditation,2026-03-08 23:00 (CDT),,,,,,,,,,
2026-05-26 12:39 (-05),,,5,Meditation,,5 min 1 sec Just Meditate,,,,,,,,,,,
2026-05-26 17:46 (-05),On Demand,Charlotte Weidenbach,30,Cycling,Power Zone,30 min Power Zone Endurance Ride,2026-03-26 22:30 (-05),276,153,44%,83,30.04,15.03,225,111.25,,
2026-05-26 18:16 (-05),On Demand,Matt Wilpers,5,Cycling,Cool Down,5 min Cool Down Ride,2026-05-12 23:00 (-05),25,82,33%,87,23.32,1.95,33,,,
2026-05-26 18:28 (CDT),On Demand,Katie Wang,5,Strength,Core,5 min Core Strength,2026-05-07 23:00 (CDT),,,,,,,25,,,
2026-05-26 18:40 (CDT),On Demand,Jermaine Johnson,10,Strength,Lower Body,10 min Glutes & Legs Strength,2025-11-27 23:00 (CDT),,,,,,,50,,,
2026-05-26 18:52 (CDT),On Demand,Joslyn Thompson Rule,10,Stretching,Full Body Stretch,10 min Full Body Stretch,2025-06-01 23:00 (CDT),,,,,,,25,,,
2026-05-27 05:38 (-05),,,5,Meditation,,5 min 41 sec Just Meditate,,,,,,,,,,,
2026-05-27 05:43 (CDT),On Demand,Anna Greenberg,10,Meditation,Daily Meditation,10 min Daily Meditation,2026-03-08 23:00 (CDT),,,,,,,,,,
2026-05-28 05:44 (-05),,,5,Meditation,,5 min 41 sec Just Meditate,,,,,,,,,,,
2026-05-28 05:50 (CDT),On Demand,Anna Greenberg,10,Meditation,Daily Meditation,10 min Daily Meditation,2026-03-08 23:00 (CDT),,,,,,,,,,
2026-05-29 05:32 (-05),,,5,Meditation,,5 min 25 sec Just Meditate,,,,,,,,,,,
2026-05-29 05:39 (CDT),On Demand,Anna Greenberg,10,Meditation,Daily Meditation,10 min Daily Meditation,2026-03-08 23:00 (CDT),,,,,,,,,,
2026-05-29 12:08 (-05),,,5,Meditation,,5 min 1 sec Just Meditate,,,,,,,,,,,
2026-05-29 17:16 (-05),On Demand,Olivia Amato,30,Cycling,Power Zone,30 min Power Zone Endurance 90s Ride,2026-05-09 06:54 (-05),304,169,43%,90,31.58,15.80,221,116.86,,
2026-05-29 17:47 (-05),On Demand,Hannah Corbin,5,Cycling,Cool Down,5 min Cool Down Ride,2026-02-18 00:00 (-05),25,83,39%,69,23.66,1.98,29,102.60,,
2026-05-29 17:53 (-05),On Demand,Ben Alldis,5,Stretching,Pre & Post-Ride Stretch,5 min Post-Ride Stretch,2026-01-09 00:00 (-05),,,,,,,12,,,
2026-05-30 06:05 (-05),,,5,Meditation,,5 min 25 sec Just Meditate,,,,,,,,,,,
2026-05-30 07:09 (CDT),On Demand,Anna Greenberg,5,Meditation,Morning,5 min Morning Meditation,2024-11-10 23:00 (CDT),,,,,,,,,,
2026-05-30 07:20 (CDT),On Demand,Anna Greenberg,5,Meditation,Morning,5 min Morning Meditation,2024-11-10 23:00 (CDT),,,,,,,,,,
2026-05-31 05:45 (-05),,,5,Meditation,,5 min 25 sec Just Meditate,,,,,,,,,,,
2026-05-31 05:51 (CDT),On Demand,Chelsea Jackson Roberts,10,Meditation,Daily Meditation,10 min Daily Meditation,2026-05-24 23:00 (CDT),,,,,,,,,,
2026-05-31 15:51 (CDT),On Demand,Selena Samuela,5,Strength,Core,5 min Core Strength,2026-05-22 12:23 (CDT),,,,,,,25,,,
2026-05-31 15:59 (CDT),On Demand,Katie Wang,10,Strength,Upper Body,10 min Arms & Shoulders Strength,2026-03-17 23:00 (CDT),,,,,,,50,,,
2026-05-31 16:19 (-05),On Demand,Mayla Wedekind,30,Cycling,Music,30 min Rock Ride,2026-05-25 11:00 (-05),289,160,47%,76,30.20,15.12,231,119.99,,
2026-05-31 16:50 (-05),On Demand,Matt Wilpers,5,Cycling,Cool Down,5 min Cool Down Ride,2026-01-19 00:00 (-05),14,47,25%,89,18.64,1.56,27,104.59,,
2026-05-31 16:58 (CDT),On Demand,Selena Samuela,10,Stretching,Full Body Stretch,10 min Miranda Lambert Full Body Stretch,2025-04-16 23:00 (CDT),,,,,,,25,,,
2026-06-01 05:47 (CDT),On Demand,Anna Greenberg,10,Meditation,Daily Meditation,10 min Daily Meditation,2026-05-31 23:00 (CDT),,,,,,,,,,
2026-06-01 05:59 (-05),,,5,Meditation,,5 min 41 sec Just Meditate,,,,,,,,,,,
2026-06-01 11:43 (-05),,,5,Meditation,,5 min 1 sec Just Meditate,,,,,,,,,,,
2026-06-02 05:34 (-05),,,5,Meditation,,5 min 25 sec Just Meditate,,,,,,,,,,,
2026-06-02 05:39 (CDT),On Demand,Anna Greenberg,10,Meditation,Daily Meditation,10 min Daily Meditation,2026-05-31 23:00 (CDT),,,,,,,,,,
2026-06-02 17:35 (CDT),On Demand,Emma Lovewell,5,Strength,Core,5 min Core Strength,2026-04-03 23:00 (CDT),,,,,,,25,,,
2026-06-02 17:43 (CDT),On Demand,Matty Maggiacomo,10,Strength,Lower Body,10 min Glutes & Legs Strength,2026-06-01 23:00 (CDT),,,,,,,50,,,
2026-06-02 18:00 (-05),On Demand,Christian Vande Velde,30,Cycling,Power Zone,30 min Power Zone Endurance Classic Rock,2026-05-31 08:54 (-05),320,178,47%,83,32.37,16.20,240,121.40,,
2026-06-02 18:31 (-05),On Demand,Emma Lovewell,5,Cycling,Cool Down,5 min Cool Down Ride,2025-09-09 23:00 (-05),18,58,31%,76,20.50,1.71,26,82.81,,
2026-06-02 18:42 (CDT),On Demand,Rebecca Kennedy,10,Stretching,Full Body Stretch,10 min Full Body Stretch,2025-03-30 23:00 (CDT),,,,,,,25,,,
2026-06-03 05:20 (-05),,,5,Meditation,,5 min 41 sec Just Meditate,,,,,,,,,,,
2026-06-03 05:27 (CDT),On Demand,Anna Greenberg,10,Meditation,Daily Meditation,10 min Daily Meditation,2026-05-31 23:00 (CDT),,,,,,,,,,
2026-06-03 11:51 (-05),,,0,Meditation,,1 sec Just Meditate,,,,,,,,,,,
2026-06-03 11:52 (-05),,,5,Meditation,,5 min 49 sec Just Meditate,,,,,,,,,,,
2026-06-04 18:10 (-05),On Demand,Christian Vande Velde,30,Cycling,Power Zone,30 min Power Zone Rock Ride,2025-02-14 13:34 (-05),326,181,46%,85,32.13,16.08,231,119.85,,
2026-06-04 18:42 (-05),On Demand,Cliff Dwenger,5,Cycling,Cool Down,5 min Cool Down Ride,2026-05-13 23:00 (-05),22,72,35%,73,21.38,1.79,32,102.46,,
2026-06-04 18:48 (-05),On Demand,Emma Lovewell,5,Stretching,Pre & Post-Ride Stretch,5 min Post-Ride Stretch,2025-05-22 23:00 (-05),,,,,,,13,,,
2026-06-05 05:42 (-05),,,5,Meditation,,5 min 25 sec Just Meditate,,,,,,,,,,,
2026-06-05 05:49 (CDT),On Demand,Anna Greenberg,10,Meditation,Daily Meditation,10 min Daily Meditation,2026-05-31 23:00 (CDT),,,,,,,,,,
2026-06-05 17:43 (CDT),On Demand,Rebecca Kennedy,30,Strength,Full Body,30 min Full Body Strength,2025-09-28 13:24 (CDT),,,,,,,152,91.51,,
2026-06-05 18:15 (CDT),On Demand,Ben Alldis,10,Stretching,Full Body Stretch,10 min Full Body Stretch,2026-06-04 23:00 (CDT),,,,,,,25,,,
2026-06-06 05:53 (-05),,,5,Meditation,,5 min 41 sec Just Meditate,,,,,,,,,,,
2026-06-06 06:03 (CDT),On Demand,Anna Greenberg,10,Meditation,Daily Meditation,10 min Daily Meditation,2026-05-31 23:00 (CDT),,,,,,,,,,
2026-06-06 11:52 (-05),On Demand,Camila Ramon,30,Cycling,Music,30 min Rock Ride,2026-05-05 19:24 (-05),0,0,0%,0,0,0,0,,,
2026-06-06 11:53 (-05),On Demand,Camila Ramon,20,Cycling,Music,20 min Pop Punk Ride,2024-06-20 06:56 (-05),228,189,51%,76,33.04,11.03,175,123.46,,
2026-06-06 12:13 (-05),On Demand,Hannah Corbin,5,Cycling,Cool Down,5 min Cool Down Ride,2025-11-05 00:00 (-05),27,88,40%,68,23.87,2.00,30,89.98,,
2026-06-06 12:19 (-05),On Demand,Jenn Sherman,5,Stretching,Pre & Post-Ride Stretch,5 min Post-Ride Stretch,2025-12-19 00:00 (-05),,,,,,,19,88.93,,
2026-06-06 22:08 (CDT),On Demand,Erik Jager,5,Stretching,Full Body Stretch,5 min Helene Fischer Full Body Stretch,2022-03-17 10:13 (CDT),,,,,,,13,,,
2026-06-07 05:52 (-05),,,5,Meditation,,5 min 25 sec Just Meditate,,,,,,,,,,,
2026-06-07 06:04 (CDT),On Demand,Chelsea Jackson Roberts,10,Meditation,Morning,10 min Morning Meditation,2026-05-07 05:55 (CDT),,,,,,,,,,
2026-06-07 16:01 (),On Demand,21 MIN 30 SEC WALKING,21,Walking,,21 min 30 sec Walking,,,,,,3.8,1.37,57.0,,,
2026-06-07 16:01 (),On Demand,Jermaine Johnson,30,Strength,Two for One Full Body,30 min Two for One Full Body Strength,,,,,,,,143.0,,,
2026-06-07 16:34 (),On Demand,Ben Alldis,10,Stretching,Full Body,10 min Full Body Stretch,,,,,,,,25.0,,,
2026-06-07 16:34 (),On Demand,,10,Stretching,Full Body,10 min Full Body Stretch,,,,,,,,,,,
2026-06-07 16:34 (),On Demand,,10,Stretching,Full Body,10 min Full Body Stretch,,,,,,,,,,,
2026-06-07 16:34 (),On Demand,,10,Stretching,Full Body,10 min Full Body Stretch,,,,,,,,,,,
2026-06-08 05:55 (),On Demand,MEDITATION,5,Meditation,,Exercise: Awake,,,,,,,,,,,
2026-06-08 05:55 (),On Demand,Kirra Michel,10,Meditation,Daily,10 min Daily Meditation,,,,,,,,,,,
2026-06-08 05:55 (),On Demand,MEDITATION,5,Meditation,,Exercise: Awake,,,,,,,,,,,
2026-06-08 05:55 (),On Demand,,10,Meditation,Daily,10 min Daily Meditation,,,,,,,,,,,
2026-06-09 06:20 (),On Demand,MEDITATION,5,Meditation,,Exercise: Energize,,,,,,,,,,,
2026-06-09 06:39 (),On Demand,Kirra Michel,10,Meditation,Daily,10 min Daily Meditation,,,,,,,,,,,
2026-06-09 12:38 (),On Demand,MEDITATION,5,Meditation,,Exercise: Balance,,,,,,,,,,,
2026-06-10 05:19 (),On Demand,18 MIN 16 SEC WALKING,18,Walking,,18 min 16 sec Walking,,,,,,3.9,1.19,53.0,,,
2026-06-09 12:38 (),On Demand,MEDITATION,5,Meditation,,Exercise: Balance,,,,,,,,,,,
2026-06-10 05:19 (),On Demand,Tunde Oyeneyin,5,Strength,Core,5 min Core Strength,,,,,,,,25.0,,,
2026-06-10 05:25 (),On Demand,Rebecca Kennedy,10,Strength,Arms & Shoulders,10 min Arms & Shoulders Strength,,,,,,,,50.0,,,
2026-06-10 05:43 (),On Demand,Ben Alldis,30,Cycling,Power Zone Endurance 80s,30 min Power Zone Endurance 80s Ride,,297,165.0,48%,78.0,31.0,15.51,243.0,,,
2026-06-10 06:32 (),On Demand,Joslyn Thompson Rule,10,Stretching,Full Body,10 min Full Body Stretch,,,,,,,,25.0,,,
2026-06-10 11:54 (),On Demand,MEDITATION,5,Meditation,,Exercise: Box Breath,,,,,,,,,,,
2026-06-10 11:57 (),On Demand,Kirra Michel,5,Meditation,Calming,5 min Calming Meditation,,,,,,,,,,,
2026-06-10 11:57 (),On Demand,,5,Meditation,Calming,5 min Calming Meditation,,,,,,,,,,,
2026-06-11 05:55 (),On Demand,MEDITATION,5,Meditation,,Exercise: Awake,,,,,,,,,,,
2026-06-11 05:57 (),On Demand,Kirra Michel,10,Meditation,Daily,10 min Daily Meditation,,,,,,,,,,,
2026-06-11 05:57 (),On Demand,,10,Meditation,Daily,10 min Daily Meditation,,,,,,,,,,,
2026-06-12 06:32 (),On Demand,26 MIN 41 SEC WALKING,26,Walking,,26 min 41 sec Walking,,,,,,3.8,1.67,66.0,,,
2026-06-12 05:23 (),On Demand,Tunde Oyeneyin,5,Strength,Core,5 min Core Strength,,,,,,,,25.0,,,
2026-06-12 05:31 (),On Demand,Matty Maggiacomo,10,Strength,Glutes & Legs,10 min Glutes & Legs Strength,,,,,,,,50.0,,,
2026-06-12 05:50 (),On Demand,Bradley Rose,30,Cycling,90s Rock,30 min 90s Rock Ride,,275,152.0,44%,84.0,30.6,15.32,234.0,,,
2026-06-12 06:22 (),On Demand,Hannah Corbin,5,Cycling,Cool Down,5 min Cool Down Ride,,24,81.0,37%,74.0,23.7,1.97,33.0,,,
2026-06-12 06:32 (),On Demand,Ben Alldis,10,Stretching,Full Body,10 min Full Body Stretch,,,,,,,,25.0,,,
2026-06-12 12:11 (),On Demand,MEDITATION,5,Meditation,,Exercise: Balance,,,,,,,,,,,
2026-06-12 12:12 (),On Demand,Anna Greenberg,5,Meditation,Kindness,5 min Kindness Meditation,,,,,,,,,,,
2026-06-12 12:12 (),On Demand,,5,Meditation,Kindness,5 min Kindness Meditation,,,,,,,,,,,
2026-06-13 05:37 (),On Demand,MEDITATION,5,Meditation,,Guided Class: Daily Wake Up,,,,,,,,,,,
2026-06-13 05:40 (),On Demand,Aditi Shah,10,Meditation,Daily,10 min Daily Meditation,,,,,,,,,,,
2026-06-14 05:52 (),On Demand,22 MIN 46 SEC WALKING,22,Walking,,22 min 46 sec Walking,,,,,,3.5,1.3,48.0,,,
2026-06-13 05:40 (),On Demand,,10,Meditation,Daily,10 min Daily Meditation,,,,,,,,,,,
2026-06-14 05:58 (),On Demand,MEDITATION,5,Meditation,,Exercise: Awake,,,,,,,,,,,
2026-06-14 06:02 (),On Demand,Aditi Shah,10,Meditation,Daily,10 min Daily Meditation,,,,,,,,,,,
2026-06-14 11:13 (),On Demand,Jermaine Johnson,5,Strength,Core,5 min Core Strength,,,,,,,,25.0,,,
2026-06-14 11:20 (),On Demand,Rad Lopez,10,Strength,Arms & Shoulders,10 min Arms & Shoulders Strength,,,,,,,,50.0,,,
2026-06-14 11:36 (),On Demand,Bradley Rose,30,Cycling,90s Rock,30 min 90s Rock Ride,,301,167.0,45%,87.0,31.7,15.86,237.0,,,
2026-06-14 12:08 (),On Demand,Bradley Rose,5,Cycling,Cool Down,5 min Cool Down Ride,,31,103.0,41%,73.0,25.9,2.15,33.0,,,
2026-06-14 12:23 (),On Demand,Rebecca Kennedy,10,Stretching,Full Body,10 min Full Body Stretch,,,,,,,,25.0,,,
2026-06-14 12:23 (),On Demand,,10,Stretching,Full Body,10 min Full Body Stretch,,,,,,,,,,,
2026-06-15 05:10 (),On Demand,MEDITATION,3,Meditation,,Exercise: Energize,,,,,,,,,,,
2026-06-15 05:13 (),On Demand,MEDITATION,2,Meditation,,Exercise: Energize,,,,,,,,,,,
2026-06-15 05:14 (),On Demand,Ross Rayburn,5,Meditation,Body Scan,5 min Body Scan Meditation,,,,,,,,,,,
2026-06-15 05:45 (),On Demand,Christine D'Ercole,30,Cycling,Power Zone,30 min Power Zone Ride,,317,176.0,45%,87.0,32.1,16.03,248.0,,,
2026-06-15 06:17 (),On Demand,Hannah Corbin,5,Cycling,Cool Down,5 min Cool Down Ride,,33,108.0,44%,69.0,26.7,2.22,38.0,,,
2026-06-15 06:24 (),On Demand,Jenn Sherman,5,Stretching,Post-Ride,5 min Post-Ride Stretch,,,,,,,,24.0,,,
2026-06-16 13:05 (),On Demand,MEDITATION,5,Meditation,,Exercise: Balance,,,,,,,,,,,
2026-06-16 13:07 (),On Demand,Ross Rayburn,5,Meditation,Body Scan,5 min Body Scan Meditation,,,,,,,,,,,
2026-06-16 13:07 (),On Demand,,5,Meditation,Body Scan,5 min Body Scan Meditation,,,,,,,,,,,
2026-06-17 05:57 (),On Demand,MEDITATION,5,Meditation,,Guided Class: Daily Wake Up,,,,,,,,,,,
2026-06-17 05:58 (),On Demand,Kristin McGee,10,Meditation,Courage,10 min Courage Meditation,,,,,,,,,,,
2026-06-17 13:58 (),On Demand,MEDITATION,5,Meditation,,Exercise: Balance,,,,,,,,,,,
2026-06-17 13:58 (),On Demand,MEDITATION,5,Meditation,,Exercise: Balance,,,,,,,,,,,
2026-06-18 05:44 (),On Demand,MEDITATION,5,Meditation,,Exercise: Awake,,,,,,,,,,,
2026-06-18 05:46 (),On Demand,Kristin McGee,10,Meditation,Courage,10 min Courage Meditation,,,,,,,,,,,
2026-06-19 05:31 (),On Demand,24 MIN 20 SEC WALKING,24,Walking,,24 min 20 sec Walking,,,,,,3.3,1.34,54.0,,,
2026-06-19 05:31 (),On Demand,38 MIN 31 SEC WALKING,38,Walking,,38 min 31 sec Walking,,,,,,2.6,1.64,78.0,,,
2026-06-19 05:31 (),On Demand,20 MIN 55 SEC WALKING,20,Walking,,20 min 55 sec Walking,,,,,,3.5,1.2,47.0,,,
2026-06-18 05:46 (),On Demand,,10,Meditation,Courage,10 min Courage Meditation,,,,,,,,,,,
2026-06-19 05:24 (),On Demand,MEDITATION,0,Meditation,,Exercise: Energize,,,,,,,,,,,
2026-06-19 05:30 (),On Demand,MEDITATION,5,Meditation,,Exercise: Energize,,,,,,,,,,,
2026-06-19 05:31 (),On Demand,Kristin McGee,10,Meditation,Courage,10 min Courage Meditation,,,,,,,,,,,
2026-06-19 16:42 (),On Demand,Emma Lovewell,30,Cycling,Low Impact,30 min Low Impact Ride,,231,128.0,43%,77.0,28.6,14.31,223.0,,,
2026-06-19 17:13 (),On Demand,Mila Lazar,5,Cycling,Cool Down,5 min Cool Down Ride,,28,93.0,37%,80.0,24.9,2.07,38.0,,,
2026-06-19 17:20 (),On Demand,Denis Morton,5,Stretching,Post-Ride,5 min Post-Ride Stretch,,,,,,,,13.0,,,
2026-06-20 06:59 (),On Demand,28 MIN 6 SEC WALKING,28,Walking,,28 min 6 sec Walking,,,,,,3.3,1.56,67.0,,,
2026-06-19 17:20 (),On Demand,,5,Stretching,Post-Ride,5 min Post-Ride Stretch,,,,,,,,,,,
2026-06-20 06:59 (),On Demand,Rebecca Kennedy,30,Strength,Full Body,30 min Full Body Strength,,,,,,,,150.0,,,
2026-06-20 07:37 (),On Demand,Rebecca Kennedy,10,Stretching,Coldplay Full Body,10 min Coldplay Full Body Stretch,,,,,,,,25.0,,,
2026-06-20 07:37 (),On Demand,,10,Stretching,Coldplay Full Body,10 min Coldplay Full Body Stretch,,,,,,,,,,,
2026-06-21 06:35 (),On Demand,MEDITATION,5,Meditation,,Exercise: Awake,,,,,,,,,,,
2026-06-21 06:40 (),On Demand,Kirra Michel,10,Meditation,Daily,10 min Daily Meditation,,,,,,,,,,,
2026-06-21 06:40 (),On Demand,,10,Meditation,Daily,10 min Daily Meditation,,,,,,,,,,,
2026-06-22 05:03 (),On Demand,MEDITATION,5,Meditation,,Exercise: Energize,,,,,,,,,,,
2026-06-22 05:04 (),On Demand,Ross Rayburn,5,Meditation,Body Scan,5 min Body Scan Meditation,,,,,,,,,,,
2026-06-22 05:31 (),On Demand,Rebecca Kennedy,5,Strength,Core,5 min Core Strength,,,,,,,,25.0,,,
2026-06-22 05:41 (),On Demand,Rebecca Kennedy,10,Strength,Arms & Shoulders,10 min Arms & Shoulders Strength,,,,,,,,50.0,,,
2026-06-22 05:59 (),On Demand,Mayla Wedekind,30,Cycling,Rock,30 min Rock Ride,,261,145.0,43%,84.0,29.8,14.91,208.0,,,
2026-06-22 06:31 (),On Demand,Sam Yo,5,Cycling,Cool Down,5 min Cool Down Ride,,31,102.0,39%,79.0,26.3,2.18,41.0,,,
2026-06-22 06:45 (),On Demand,Ben Alldis,10,Stretching,007 Full Body,10 min 007 Full Body Stretch,,,,,,,,25.0,,,
2026-06-22 12:34 (),On Demand,MEDITATION,0,Meditation,,Exercise: Calm,,,,,,,,,,,
2026-06-22 12:39 (),On Demand,MEDITATION,5,Meditation,,Exercise: Balance,,,,,,,,,,,
2026-06-22 12:39 (),On Demand,MEDITATION,5,Meditation,,Exercise: Balance,,,,,,,,,,,
2026-06-23 05:48 (),On Demand,MEDITATION,5,Meditation,,Exercise: Awake,,,,,,,,,,,
2026-06-23 05:49 (),On Demand,Kirra Michel,10,Meditation,Daily,10 min Daily Meditation,,,,,,,,,,,
2026-06-23 13:03 (),On Demand,MEDITATION,5,Meditation,,Exercise: Box Breath,,,,,,,,,,,
2026-06-23 13:03 (),On Demand,MEDITATION,5,Meditation,,Exercise: Box Breath,,,,,,,,,,,
2026-06-24 05:11 (),On Demand,32 MIN 56 SEC OUTDOOR WALKING,32,Walking,,32 min 56 sec Outdoor Walking,,,,,,2.7,1.47,65.0,,,
2026-06-24 05:11 (),On Demand,MEDITATION,5,Meditation,,Exercise: Awake,,,,,,,,,,,
2026-06-24 05:11 (),On Demand,Aditi Shah,5,Meditation,Morning,5 min Morning Meditation,,,,,,,,,,,
2026-06-24 05:34 (),On Demand,Jermaine Johnson,30,Strength,Two for One Full Body,30 min Two for One Full Body Strength,,,,,,,,150.0,,,
2026-06-24 06:13 (),On Demand,Selena Samuela,10,Stretching,Lower Body,10 min Lower Body Stretch,,,,,,,,25.0,,,
2026-06-24 12:09 (),On Demand,MEDITATION,5,Meditation,,Exercise: Allergies,,,,,,,,,,,
2026-06-24 12:16 (),On Demand,Ross Rayburn,5,Meditation,Body Scan,5 min Body Scan Meditation,,,,,,,,,,,
2026-06-25 05:10 (),On Demand,MEDITATION,5,Meditation,,Exercise: Awake,,,,,,,,,,,
2026-06-25 05:15 (),On Demand,Aditi Shah,5,Meditation,Morning,5 min Morning Meditation,,,,,,,,,,,
2026-06-25 05:45 (),On Demand,Christine D'Ercole,30,Cycling,Power Zone Endurance,30 min Power Zone Endurance Ride,,292,162.0,45%,83.0,31.2,15.59,230.0,,,
2026-06-25 06:16 (),On Demand,Emma Lovewell,5,Cycling,Cool Down,5 min Cool Down Ride,,21,70.0,34%,77.0,22.3,1.86,32.0,,,
2026-06-25 06:29 (),On Demand,Tunde Oyeneyin,5,Stretching,Post-Ride,5 min Post-Ride Stretch,,,,,,,,15.0,,,
2026-06-25 12:11 (),On Demand,MEDITATION,5,Meditation,,Exercise: Balance,,,,,,,,,,,
2026-06-25 12:11 (),On Demand,MEDITATION,5,Meditation,,Exercise: Balance,,,,,,,,,,,
2026-06-26 05:51 (),On Demand,MEDITATION,5,Meditation,,Exercise: Energize,,,,,,,,,,,
2026-06-26 06:07 (),On Demand,Kirra Michel,10,Meditation,Daily,10 min Daily Meditation,,,,,,,,,,,
2026-06-26 11:53 (),On Demand,MEDITATION,0,Meditation,,Exercise: Box Breath,,,,,,,,,,,
2026-06-26 11:59 (),On Demand,MEDITATION,5,Meditation,,Exercise: Box Breath,,,,,,,,,,,
2026-06-26 11:59 (),On Demand,MEDITATION,5,Meditation,,Exercise: Box Breath,,,,,,,,,,,
2026-06-27 05:51 (),On Demand,MEDITATION,5,Meditation,,Exercise: Awake,,,,,,,,,,,
2026-06-27 06:45 (),On Demand,Denis Morton,10,Meditation,Daily,10 min Daily Meditation,,,,,,,,,,,
2026-06-27 16:14 (),On Demand,Ben Alldis,30,Cycling,Power Zone Endurance,30 min Power Zone Endurance Ride,,310,172.0,46%,84.0,31.9,15.96,227.0,,,
2026-06-27 16:45 (),On Demand,Emma Lovewell,5,Cycling,Cool Down,5 min Cool Down Ride,,25,84.0,35%,81.0,23.8,1.98,31.0,,,
2026-06-27 16:52 (),On Demand,Emma Lovewell,5,Strength,Core,5 min Core Strength,,,,,,,,25.0,,,
2026-06-27 17:00 (),On Demand,Selena Samuela,10,Strength,Arms & Shoulders,10 min Arms & Shoulders Strength,,,,,,,,50.0,,,
2026-06-27 17:12 (),On Demand,Rebecca Kennedy,10,Stretching,Coldplay Full Body,10 min Coldplay Full Body Stretch,,,,,,,,25.0,,,
2026-06-27 17:12 (),On Demand,,10,Stretching,Coldplay Full Body,10 min Coldplay Full Body Stretch,,,,,,,,,,,
2026-06-28 06:21 (),On Demand,MEDITATION,0,Meditation,,Exercise: Energize,,,,,,,,,,,
2026-06-28 06:27 (),On Demand,MEDITATION,5,Meditation,,Exercise: Energize,,,,,,,,,,,
2026-06-28 06:33 (),On Demand,Denis Morton,10,Meditation,Daily,10 min Daily Meditation,,,,,,,,,,,
2026-06-28 06:33 (),On Demand,,10,Meditation,Daily,10 min Daily Meditation,,,,,,,,,,,
2026-06-29 05:45 (),On Demand,Mayla Wedekind,30,Cycling,Rock,30 min Rock Ride,,260,144.0,43%,83.0,29.8,14.88,202.0,,,
2026-06-29 06:16 (),On Demand,Hannah Corbin,5,Cycling,Cool Down,5 min Cool Down Ride,,27,91.0,40%,71.0,25.1,2.09,36.0,,,
2026-06-29 06:25 (),On Demand,Jermaine Johnson,5,Strength,Core,5 min Core Strength,,,,,,,,25.0,,,
2026-06-29 06:31 (),On Demand,Matty Maggiacomo,10,Strength,Glutes & Legs,10 min Glutes & Legs Strength,,,,,,,,50.0,,,
2026-06-29 07:18 (),On Demand,Ben Alldis,10,Stretching,Full Body,10 min Full Body Stretch,,,,,,,,25.0,,,
2026-06-29 08:21 (),On Demand,MEDITATION,4,Meditation,,Daily Class: Wake Up,,,,,,,,,,,
2026-06-29 08:21 (),On Demand,MEDITATION,4,Meditation,,Daily Class: Wake Up,,,,,,,,,,,
2026-06-30 09:38 (),On Demand,MEDITATION,5,Meditation,,Guided Class: Daily Wake Up,,,,,,,,,,,
2026-06-30 09:51 (),On Demand,Denis Morton,10,Meditation,Daily,10 min Daily Meditation,,,,,,,,,,,
2026-06-30 09:51 (),On Demand,,10,Meditation,Daily,10 min Daily Meditation,,,,,,,,,,,
2026-07-01 08:11 (),On Demand,Susie Chan,5,Stretching,Post-Run,5 min Post-Run Stretch,,,,,,,,13.0,,,
2026-07-01 08:43 (),On Demand,MEDITATION,5,Meditation,,Exercise: Awake,,,,,,,,,,,
2026-07-02 16:36 (),On Demand,29 MIN 50 SEC OUTDOOR RUNNING,29,Running,,29 min 50 sec Outdoor Running,,,,,,9.2,4.57,323.0,,,
2026-07-01 08:43 (),On Demand,MEDITATION,5,Meditation,,Exercise: Awake,,,,,,,,,,,
2026-07-02 07:04 (),On Demand,MEDITATION,0,Meditation,,Exercise: Energize,,,,,,,,,,,
2026-07-02 07:12 (),On Demand,Denis Morton,10,Meditation,Daily,10 min Daily Meditation,,,,,,,,,,,
2026-07-02 16:46 (),On Demand,Multiple Instructors,30,Strength,,30 min British Summer Fest Move As One,,,,,,,,151.0,,,
2026-07-02 17:18 (),On Demand,Assal Arian,10,Stretching,Full Body,10 min Full Body Stretch,,,,,,,,25.0,,,
2026-07-03 08:00 (),On Demand,MEDITATION,5,Meditation,,Exercise: Energize,,,,,,,,,,,
2026-07-02 17:18 (),On Demand,,10,Stretching,Full Body,10 min Full Body Stretch,,,,,,,,,,,
2026-07-03 08:05 (),On Demand,MEDITATION,5,Meditation,,Exercise: Awake,,,,,,,,,,,
2026-07-03 08:22 (),On Demand,Aditi Shah,10,Meditation,Metta,10 min Metta Meditation,,,,,,,,,,,
2026-07-03 08:22 (),On Demand,,10,Meditation,Metta,10 min Metta Meditation,,,,,,,,,,,
2026-07-04 06:25 (),On Demand,Benny Adami,30,Cycling,Helene Fischer,30 min Helene Fischer Ride,,308,171.0,48%,79.0,31.8,15.89,270.0,,,
2026-07-04 06:57 (),On Demand,Mila Lazar,5,Cycling,Cool Down,5 min Cool Down Ride,,25,85.0,36%,79.0,24.3,2.01,33.0,,,
2026-07-04 07:31 (),On Demand,Katie Wang,5,Strength,Core,5 min Core Strength,,,,,,,,25.0,,,
2026-07-04 07:39 (),On Demand,Ben Alldis,10,Strength,Arms & Shoulders,10 min Arms & Shoulders Strength,,,,,,,,50.0,,,
2026-07-04 07:56 (),On Demand,Callie Gullickson,10,Stretching,Full Body,10 min Full Body Stretch,,,,,,,,25.0,,,
2026-07-04 07:56 (),On Demand,,10,Stretching,Full Body,10 min Full Body Stretch,,,,,,,,,,,
2026-07-05 06:35 (),On Demand,MEDITATION,0,Meditation,,Exercise: Awake,,,,,,,,,,,
2026-07-05 07:02 (),On Demand,Denis Morton,10,Meditation,Daily,10 min Daily Meditation,,,,,,,,,,,
2026-07-05 12:08 (),On Demand,Christian Vande Velde,45,Cycling,,45 min Real Routes: Cobblestone Climbs,,421,189.0,50%,77.0,28.6,21.48,340.0,,,
2026-07-05 12:54 (),On Demand,Matt Wilpers,5,Cycling,Cool Down,5 min Cool Down Ride,,12,41.0,25%,84.0,17.3,1.44,31.0,,,
2026-07-05 13:02 (),On Demand,Matt Wilpers,5,Cycling,Cool Down,5 min Cool Down Ride,,,0.0,19%,0.0,0.0,0.0,0.0,,,
2026-07-05 13:03 (),On Demand,Jenn Sherman,5,Stretching,Post-Ride,5 min Post-Ride Stretch,,,,,,,,2.0,,,
2026-07-05 13:04 (),On Demand,Mayla Wedekind,5,Stretching,Post-Ride,5 min Post-Ride Stretch,,,,,,,,12.0,,,
2026-07-05 13:04 (),On Demand,,5,Stretching,Post-Ride,5 min Post-Ride Stretch,,,,,,,,,,,
2026-07-06 05:48 (),On Demand,MEDITATION,5,Meditation,,Guided Class: Daily Wake Up,,,,,,,,,,,
2026-07-06 05:50 (),On Demand,Kirra Michel,10,Meditation,Daily,10 min Daily Meditation,,,,,,,,,,,
2026-07-07 12:45 (),On Demand,MEDITATION,5,Meditation,,Exercise: Awake,,,,,,,,,,,
2026-07-06 05:50 (),On Demand,,10,Meditation,Daily,10 min Daily Meditation,,,,,,,,,,,
2026-07-07 04:59 (),On Demand,MEDITATION,5,Meditation,,Guided Class: Daily Wake Up,,,,,,,,,,,
2026-07-07 05:02 (),On Demand,Kirra Michel,10,Meditation,Daily,10 min Daily Meditation,,,,,,,,,,,
2026-07-07 05:41 (),On Demand,Katie Wang,30,Strength,Full Body,30 min Full Body Strength,,,,,,,,150.0,,,
2026-07-07 06:20 (),On Demand,Ben Alldis,10,Stretching,Red (Taylor's Version),10 min Red (Taylor's Version) Stretch,,,,,,,,25.0,,,
2026-07-07 12:45 (),On Demand,MEDITATION,0,Meditation,,Daily Class: Calm Down,,,,,,,,,,,
2026-07-07 12:45 (),On Demand,MEDITATION,0,Meditation,,Daily Class: Calm Down,,,,,,,,,,,
2026-07-07 12:51 (),On Demand,MEDITATION,5,Meditation,,Exercise: Balance,,,,,,,,,,,
2026-07-07 12:51 (),On Demand,MEDITATION,5,Meditation,,Exercise: Balance,,,,,,,,,,,
2026-07-08 05:51 (),On Demand,MEDITATION,5,Meditation,,Guided Class: Daily Wake Up,,,,,,,,,,,
2026-07-08 05:52 (),On Demand,Kirra Michel,10,Meditation,Daily,10 min Daily Meditation,,,,,,,,,,,
2026-07-08 05:52 (),On Demand,,10,Meditation,Daily,10 min Daily Meditation,,,,,,,,,,,
2026-07-09 05:06 (),On Demand,MEDITATION,5,Meditation,,Guided Class: Daily Wake Up,,,,,,,,,,,
2026-07-09 05:08 (),On Demand,Kirra Michel,10,Meditation,Daily,10 min Daily Meditation,,,,,,,,,,,
2026-07-09 05:53 (),On Demand,Bradley Rose,30,Cycling,2000s Rock,30 min 2000s Rock Ride,,270,150.0,46%,81.0,30.5,15.23,225.0,,,
2026-07-09 06:25 (),On Demand,Matt Wilpers,5,Cycling,Cool Down,5 min Cool Down Ride,,27,89.0,31%,96.0,24.6,2.05,34.0,,,
2026-07-09 06:33 (),On Demand,Jermaine Johnson,10,Strength,Glutes & Legs,10 min Glutes & Legs Strength,,,,,,,,59.0,,,
2026-07-09 06:47 (),On Demand,Emma Lovewell,5,Strength,Core,5 min Core Strength,,,,,,,,25.0,,,
2026-07-09 06:58 (),On Demand,Ben Alldis,10,Stretching,Full Body,10 min Full Body Stretch,,,,,,,,25.0,,,
2026-07-09 15:20 (),On Demand,MEDITATION,5,Meditation,,Exercise: Balance,,,,,,,,,,,
2026-07-09 15:20 (),On Demand,MEDITATION,5,Meditation,,Exercise: Balance,,,,,,,,,,,
2026-07-11 06:03 (),On Demand,MEDITATION,5,Meditation,,Guided Class: Daily Wake Up,,,,,,,,,,,
2026-07-10 05:52 (),On Demand,Kirra Michel,10,Meditation,Daily,10 min Daily Meditation,,,,,,,,,,,
2026-07-11 06:12 (),On Demand,25 MIN 48 SEC OUTDOOR WALKING,25,Walking,,25 min 48 sec Outdoor Walking,,,,,,2.9,1.24,51.0,,,
2026-07-11 06:08 (),On Demand,MEDITATION,5,Meditation,,Guided Class: Daily Wake Up,,,,,,,,,,,
2026-07-11 06:12 (),On Demand,Chelsea Jackson Roberts,10,Meditation,Daily,10 min Daily Meditation,,,,,,,,,,,
2026-07-11 12:42 (),On Demand,Christian Vande Velde,45,Cycling,,45 min Real Routes: Las Palmas,,523,194.0,49%,83.0,33.7,25.25,456.0,,,
2026-07-11 13:30 (),On Demand,Hannah Frankson,5,Cycling,Cool Down,5 min Cool Down Ride,,19,65.0,33%,76.0,21.2,1.76,35.0,,,
2026-07-11 13:37 (),On Demand,Camila Ramón,5,Stretching,Post-Ride,5 min Post-Ride Stretch,,,,,,,,13.0,,,
2026-07-11 13:37 (),On Demand,Camila Ramón,5,Stretching,Post-Ride,5 min Post-Ride Stretch,,,,,,,,13.0,,,
2026-07-12 06:18 (),On Demand,26 MIN 14 SEC WALKING,26,Walking,,26 min 14 sec Walking,,,,,,3.2,1.38,67.0,,,
2026-07-12 06:22 (),On Demand,Ben Alldis,30,Strength,Bon Jovi Full Body,30 min Bon Jovi Full Body Strength,,,,,,,,150.0,,,
2026-07-12 06:58 (),On Demand,Ben Alldis,5,Strength,Core,5 min Core Strength,,,,,,,,25.0,,,
2026-07-12 07:16 (),On Demand,Rebecca Kennedy,10,Stretching,Mental Health Awareness,10 min Mental Health Awareness Stretch,,,,,,,,25.0,,,
2026-07-12 07:27 (),On Demand,Selena Samuela,5,Stretching,Upper Body,5 min Upper Body Stretch,,,,,,,,12.0,,,
2026-07-12 07:27 (),On Demand,Selena Samuela,5,Stretching,Upper Body,5 min Upper Body Stretch,,,,,,,,12.0,,,
2026-07-13 06:25 (),On Demand,Anna Greenberg,10,Meditation,Daily,10 min Daily Meditation,,,,,,,,,,,
2026-07-13 06:25 (),On Demand,Anna Greenberg,10,Meditation,Daily,10 min Daily Meditation,,,,,,,,,,,
2026-07-14 05:37 (),On Demand,MEDITATION,0,Meditation,,Exercise: Awake,,,,,,,,,,,
2026-07-14 05:37 (),On Demand,MEDITATION,5,Meditation,,Guided Class: Daily Wake Up,,,,,,,,,,,
2026-07-14 05:40 (),On Demand,Anna Greenberg,10,Meditation,Daily,10 min Daily Meditation,,,,,,,,,,,
2026-07-14 06:14 (),On Demand,Christian Vande Velde,30,Cycling,,30 min Power Zone Endurance Classic Rock,,317,176.0,47%,82.0,31.9,15.97,249.0,,,
2026-07-14 06:46 (),On Demand,Emma Lovewell,5,Cycling,Cool Down,5 min Cool Down Ride,,18,60.0,32%,73.0,20.3,1.69,32.0,,,
2026-07-14 06:55 (),On Demand,Ben Alldis,10,Strength,Arms & Shoulders,10 min Arms & Shoulders Strength,,,,,,,,74.0,,,
2026-07-14 07:12 (),On Demand,Ben Alldis,5,Strength,Core,5 min Core Strength,,,,,,,,27.0,,,
2026-07-14 07:24 (),On Demand,Selena Samuela,10,Stretching,Full Body,10 min Full Body Stretch,,,,,,,,25.0,,,
2026-07-15 05:49 (),On Demand,Kirra Michel,10,Meditation,,10 min Meditation for Anxiety,,,,,,,,,,,
2026-07-15 05:49 (),On Demand,Kirra Michel,10,Meditation,,10 min Meditation for Anxiety,,,,,,,,,,,
2026-07-16 05:03 (),On Demand,Anna Greenberg,10,Meditation,Daily,10 min Daily Meditation,,,,,,,,,,,
2026-07-16 05:37 (),On Demand,Emma Lovewell,5,Strength,Core,5 min Core Strength,,,,,,,,25.0,,,
2026-07-16 05:45 (),On Demand,Matty Maggiacomo,10,Strength,Glutes & Legs,10 min Glutes & Legs Strength,,,,,,,,56.0,,,
2026-07-16 06:04 (),On Demand,Sam Yo,30,Cycling,,30 min Power Zone Endurance 2000s Rock,,292,162.0,44%,86.0,31.1,15.53,243.0,,,
2026-07-16 06:35 (),On Demand,Hannah Corbin,5,Cycling,Cool Down,5 min Cool Down Ride,,26,87.0,35%,81.0,24.2,2.02,42.0,,,
2026-07-16 06:49 (),On Demand,Matty Maggiacomo,10,Stretching,Full Body,10 min Full Body Stretch,,,,,,,,27.0,,,
2026-07-16 12:51 (),On Demand,MEDITATION,5,Meditation,,Exercise: Balance,,,,,,,,,,,
2026-07-16 12:51 (),On Demand,MEDITATION,5,Meditation,,Exercise: Balance,,,,,,,,,,,
2026-07-17 05:55 (),On Demand,Anna Greenberg,10,Meditation,Daily,10 min Daily Meditation,,,,,,,,,,,
2026-07-17 05:55 (),On Demand,Anna Greenberg,10,Meditation,Daily,10 min Daily Meditation,,,,,,,,,,,
2026-07-18 05:46 (),On Demand,24 MIN 25 SEC OUTDOOR WALKING,24,Walking,,24 min 25 sec Outdoor Walking,,,,,,3.6,1.48,59.0,,,
2026-07-18 05:46 (),On Demand,Anna Greenberg,10,Meditation,Daily,10 min Daily Meditation,,,,,,,,,,,
2026-07-18 11:40 (),On Demand,Bradley Rose,30,Cycling,90s Rock,30 min 90s Rock Ride,,279,155.0,45%,83.0,30.5,15.23,247.0,,,
2026-07-18 12:12 (),On Demand,Hannah Corbin,5,Cycling,Cool Down,5 min Cool Down Ride,,35,115.0,46%,66.0,26.6,2.21,46.0,,,
2026-07-18 12:17 (),On Demand,Rebecca Kennedy,10,Strength,Arms & Shoulders,10 min Arms & Shoulders Strength,,,,,,,,,,,
2026-07-18 12:19 (),On Demand,Ben Alldis,5,Stretching,Post-Ride,5 min Post-Ride Stretch,,,,,,,,12.0,,,
2026-07-18 12:19 (),On Demand,Ben Alldis,5,Stretching,Post-Ride,5 min Post-Ride Stretch,,,,,,,,12.0,,,
2026-07-19 05:50 (),On Demand,Anna Greenberg,10,Meditation,Daily,10 min Daily Meditation,,,,,,,,,,,
2026-07-19 06:19 (),On Demand,Matty Maggiacomo,30,Strength,Full Body,30 min Full Body Strength,,,,,,,,148.0,,,
2026-07-19 06:59 (),On Demand,Rebecca Kennedy,10,Stretching,Coldplay Full Body,10 min Coldplay Full Body Stretch,,,,,,,,25.0,,,
2026-07-20 05:36 (),On Demand,MEDITATION,5,Meditation,,Exercise: Energize,,,,,,,,,,,
2026-07-19 06:59 (),On Demand,Rebecca Kennedy,10,Stretching,Coldplay Full Body,10 min Coldplay Full Body Stretch,,,,,,,,25.0,,,
2026-07-20 05:41 (),On Demand,MEDITATION,5,Meditation,,Exercise: Stimulate,,,,,,,,,,,
2026-07-20 05:43 (),On Demand,Denis Morton,10,Meditation,Daily,10 min Daily Meditation,,,,,,,,,,,
2026-07-20 12:40 (),On Demand,MEDITATION,5,Meditation,,Exercise: Box Breath,,,,,,,,,,,
2026-07-20 12:40 (),On Demand,MEDITATION,5,Meditation,,Exercise: Box Breath,,,,,,,,,,,
2026-07-21 05:05 (),On Demand,Chelsea Jackson Roberts,10,Meditation,Morning,10 min Morning Meditation,,,,,,,,,,,
2026-07-21 05:45 (),On Demand,Camila Ramón,30,Cycling,Rock,30 min Rock Ride,,288,160.0,47%,78.0,31.0,15.5,247.0,,,
2026-07-21 06:16 (),On Demand,Hannah Corbin,5,Cycling,Cool Down,5 min Cool Down Ride,,27,89.0,44%,62.0,24.6,2.05,39.0,,,
2026-07-21 06:24 (),On Demand,Rebecca Kennedy,10,Strength,Arms & Shoulders,10 min Arms & Shoulders Strength,,,,,,,,50.0,,,
2026-07-21 06:45 (),On Demand,Emma Lovewell,5,Strength,Core,5 min Core Strength,,,,,,,,25.0,,,
2026-07-21 06:57 (),On Demand,Rebecca Kennedy,10,Stretching,Full Body,10 min Full Body Stretch,,,,,,,,25.0,,,
2026-07-21 06:57 (),On Demand,Rebecca Kennedy,10,Stretching,Full Body,10 min Full Body Stretch,,,,,,,,25.0,,,
2026-07-22 06:13 (),On Demand,MEDITATION,4,Meditation,,Exercise: Energize 2.0,,,,,,,,,,,
2026-07-22 06:16 (),On Demand,Kristin McGee,10,Meditation,,10 min Morning Meditiation,,,,,,,,,,,
2026-07-22 17:44 (),On Demand,Sam Yo,30,Cycling,2000s Rock,30 min 2000s Rock Ride,,307,170.0,48%,79.0,31.6,15.81,209.0,,,
2026-07-22 18:15 (),On Demand,Sam Yo,5,Cycling,Cool Down,5 min Cool Down Ride,,23,76.0,39%,64.0,21.7,1.81,33.0,,,
2026-07-22 18:27 (),On Demand,Emma Lovewell,5,Stretching,Post-Ride,5 min Post-Ride Stretch,,,,,,,,11.0,,,
2026-07-22 18:27 (),On Demand,Emma Lovewell,5,Stretching,Post-Ride,5 min Post-Ride Stretch,,,,,,,,11.0,,,
2026-07-23 11:57 (),On Demand,MEDITATION,5,Meditation,,Exercise: Awake,,,,,,,,,,,
2026-07-23 05:10 (),On Demand,Kristin McGee,10,Meditation,,10 min Morning Meditiation,,,,,,,,,,,
2026-07-23 05:39 (),On Demand,Jermaine Johnson,10,Strength,Glutes & Legs,10 min Glutes & Legs Strength,,,,,,,,51.0,,,
2026-07-23 05:53 (),On Demand,Katie Wang,5,Strength,Core,5 min Core Strength,,,,,,,,25.0,,,
2026-07-23 06:09 (),On Demand,Callie Gullickson,10,Stretching,Full Body,10 min Full Body Stretch,,,,,,,,25.0,,,
2026-07-23 12:02 (),On Demand,MEDITATION,4,Meditation,,Exercise: Focus,,,,,,,,,,,
2026-07-23 12:02 (),On Demand,MEDITATION,4,Meditation,,Exercise: Focus,,,,,,,,,,,
2026-07-24 05:46 (),On Demand,MEDITATION,5,Meditation,,Exercise: Energize,,,,,,,,,,,
2026-07-24 05:50 (),On Demand,Kristin McGee,10,Meditation,,10 min Morning Meditiation,,,,,,,,,,,
2026-07-24 05:50 (),On Demand,Kristin McGee,10,Meditation,,10 min Morning Meditiation,,,,,,,,,,,
2026-07-25 05:26 (),On Demand,MEDITATION,5,Meditation,,Exercise: Energize,,,,,,,,,,,
2026-07-25 05:33 (),On Demand,Kristin McGee,10,Meditation,,10 min Morning Meditiation,,,,,,,,,,,
2026-07-25 15:53 (),On Demand,Selena Samuela,10,Strength,Arms & Shoulders,10 min Arms & Shoulders Strength,,,,,,,,50.0,,,
2026-07-25 16:05 (),On Demand,Rebecca Kennedy,5,Strength,Core,5 min Core Strength,,,,,,,,25.0,,,
2026-07-25 16:14 (),On Demand,Denis Morton,30,Cycling,90s Rock,30 min 90s Rock Ride,,263,146.0,43%,87.0,30.1,15.05,270.0,,,
2026-07-25 16:46 (),On Demand,Matt Wilpers,5,Cycling,Cool Down,5 min Cool Down Ride,,25,82.0,34%,83.0,23.7,1.97,33.0,,,
2026-07-25 16:53 (),On Demand,Matty Maggiacomo,10,Stretching,Full Body,10 min Full Body Stretch,,,,,,,,25.0,,,
2026-07-25 16:53 (),On Demand,Matty Maggiacomo,10,Stretching,Full Body,10 min Full Body Stretch,,,,,,,,25.0,,,
2026-07-26 05:57 (),On Demand,MEDITATION,0,Meditation,,Exercise: Breath of Fire,,,,,,,,,,,
2026-07-26 05:57 (),On Demand,MEDITATION,5,Meditation,,Exercise: Breath of Fire,,,,,,,,,,,
2026-07-26 06:04 (),On Demand,Kristin McGee,10,Meditation,,10 min Morning Meditiation,,,,,,,,,,,
2026-07-26 06:04 (),On Demand,Kristin McGee,10,Meditation,,10 min Morning Meditiation,,,,,,,,,,,
2026-07-27 06:54 (),On Demand,25 MIN 19 SEC OUTDOOR WALKING,25,Walking,,25 min 19 sec Outdoor Walking,,,,,,3.7,1.54,56.0,,,
2026-07-27 05:13 (),On Demand,MEDITATION,4,Meditation,,Exercise: Euphoria,,,,,,,,,,,
2026-07-27 05:16 (),On Demand,Kristin McGee,10,Meditation,,10 min Morning Meditiation,,,,,,,,,,,
2026-07-27 05:52 (),On Demand,Matty Maggiacomo,10,Strength,Glutes & Legs,10 min Glutes & Legs Strength,,,,,,,,50.0,,,
2026-07-27 06:04 (),On Demand,Matty Maggiacomo,5,Strength,Core,5 min Core Strength,,,,,,,,25.0,,,
2026-07-27 06:15 (),On Demand,Mayla Wedekind,30,Cycling,Rock,30 min Rock Ride,,264,147.0,41%,90.0,30.2,15.09,246.0,,,
2026-07-27 06:46 (),On Demand,Charlotte Weidenbach,5,Cycling,Cool Down,5 min Cool Down Ride,,21,71.0,31%,84.0,22.0,1.83,33.0,,,
2026-07-27 06:55 (),On Demand,Adrian Williams,10,Stretching,Full Body,10 min Full Body Stretch,,,,,,,,25.0,,,
2026-07-27 12:41 (),On Demand,MEDITATION,5,Meditation,,Exercise: Balance,,,,,,,,,,,
2026-07-27 12:41 (),On Demand,MEDITATION,5,Meditation,,Exercise: Balance,,,,,,,,,,,
2026-07-28 13:02 (),On Demand,MEDITATION,5,Meditation,,Exercise: Breath of Fire,,,,,,,,,,,
2026-07-28 05:56 (),On Demand,Kristin McGee,10,Meditation,,10 min Morning Meditiation,,,,,,,,,,,
2026-07-28 13:07 (),On Demand,MEDITATION,5,Meditation,,Exercise: Air Hunger,,,,,,,,,,,
